note_key,like_user_id,like_username,like_user_urlname,liked_at,follower_count
n904b07b475cf,7885378,藤家 秋,gentle_zinnia824,2026-04-07T06:18:57.000+09:00,2025
n904b07b475cf,6657136,seiji_arita,seiji_arita,2026-04-06T20:01:06.000+09:00,12262
n904b07b475cf,1090033,ひなた｜習慣と自己理解で理想の生き方が叶うnote,jibun_ni_kaeru,2026-04-04T11:27:26.000+09:00,1516
n904b07b475cf,13994154,みなき,minaki638,2026-04-04T11:22:41.000+09:00,456
n904b07b475cf,9644195,Photographer non🐤,photolife1961,2026-04-04T07:54:28.000+09:00,2880
n904b07b475cf,8214621,まろこ｜こよみ家事,maida_s,2026-04-02T22:45:32.000+09:00,142
n904b07b475cf,13819107,みつき|挑戦とお金,mitsuki_finance,2026-04-02T20:58:42.000+09:00,481
n904b07b475cf,14078081,きいろ｜AIで日常を楽しく,ai_fluffy_dream,2026-04-02T08:16:27.000+09:00,19
n904b07b475cf,10897060,J-BABY（日本で生まれた赤ちゃん）,takeo1291,2026-04-01T21:19:41.000+09:00,1552
n904b07b475cf,11268889,coco_31c,cocoroyorimichi,2026-04-01T19:48:53.000+09:00,683
n904b07b475cf,13416976,yukariyajp,brainy_thyme2046,2026-04-01T12:42:45.000+09:00,571
n904b07b475cf,6753545,ちゃりれれ【時々ジャイアン】,chari_lele,2026-03-31T20:01:27.000+09:00,1757
n904b07b475cf,13654256,花鳥風月(花ちゃん)｜心を動かすメンタリスト,firm_bee7297,2026-03-31T19:27:15.000+09:00,1608
n904b07b475cf,12807364,ミウラキョウコ｜パンツ一丁倶楽部の裏の者,bigoli_ishikawa,2026-03-31T07:51:08.000+09:00,1308
n904b07b475cf,7467191,ひら🎈,rich_mango98,2026-03-30T19:30:43.000+09:00,5869
n904b07b475cf,7470836,終活をもっと身近に、もっと楽しく / 終活ガイド なる,naru_67cw,2026-03-30T13:19:14.000+09:00,3304
n904b07b475cf,11659033,なおみち＠AIと共創,naomichi88,2026-03-30T12:14:43.000+09:00,520
n904b07b475cf,12048492,HICO♡,fine_yeti2331,2026-03-29T21:31:16.000+09:00,435
n904b07b475cf,12959668,ふあふあころね,lively_ram351,2026-03-29T19:51:51.000+09:00,1736
n904b07b475cf,13790735,双樹　AIイラストで語るギリシア神話,souju_myth5641,2026-03-29T07:54:17.000+09:00,32
n904b07b475cf,12517500,浩二｜知識・経験・実績０からコンテンツビジネスを学んで人生変わった人｜フォロバ100,kouji0516,2026-03-28T10:23:42.000+09:00,8096
n904b07b475cf,7602521,大谷義則,sai_chat_gpt,2026-03-28T09:26:18.000+09:00,3132
n904b07b475cf,13153980,モヤモヤ堂 店主｜モヤハル,jazzy_impala193,2026-03-28T09:15:00.000+09:00,1287
n904b07b475cf,13763808,みなこ｜AI×Web資産で「売れる仕組み」を自動構築するマーケティング・エンジニア,minako_bluecrux,2026-03-27T23:29:10.000+09:00,1257
n904b07b475cf,1970199,カン＠AI×Kindle出版,kan11jp,2026-03-27T22:47:16.000+09:00,6520
n904b07b475cf,6977181,マサキ｜会社任せの人生に終止符を,masaki19860628,2026-03-27T22:46:53.000+09:00,3050
n904b07b475cf,1903503,結城和洋フォロバします♪（ゆうきかずひろ）,kkzhro2,2026-03-27T18:48:47.000+09:00,784
n904b07b475cf,12054765,Hamuegg Day〜今日という日はハムエッグの美味しさで決まるのさ〜,hamuegg_day,2026-03-27T07:53:35.000+09:00,564
n904b07b475cf,603588,yasu,ponkotsu_day,2026-03-26T15:38:10.000+09:00,1154
n904b07b475cf,10296017,hermit,hermit2846,2026-03-26T10:08:21.000+09:00,241
n904b07b475cf,11427820,けいつ,natty_parrot5639,2026-03-26T04:14:26.000+09:00,1555
n904b07b475cf,12510897,山口幸男｜ひとり起業家プロデューサー｜AIマーケティング研究所,aiconsul_gucchi,2026-03-25T22:42:26.000+09:00,1984
n904b07b475cf,8036161,伊藤ようこ| 強み×ITサポート| 自己受容から始まるしなやかな生き方note,bright_knot21,2026-03-25T14:40:45.000+09:00,9624
n904b07b475cf,13628385,ヘクたろー|緑内障と付き合っている男,hekutaro_0520,2026-03-25T09:22:35.000+09:00,239
n904b07b475cf,10899999,熊太郎【研修講師】,mild_seal5117,2026-03-25T07:35:04.000+09:00,7467
n904b07b475cf,11824897,齋藤章浩｜ひとりビジネスと哲学・心理学note,saito_p,2026-03-24T23:53:36.000+09:00,13789
n904b07b475cf,5757704,ぷわぽのん,puwapononn,2026-03-24T20:05:22.000+09:00,851
n904b07b475cf,11042792,れん,smily_karen_119,2026-03-24T20:00:21.000+09:00,1499
n904b07b475cf,13950166,チュチュ・テイル🌙やさしい魔法が、そっと灯る物語,tutu_tail,2026-03-24T00:02:12.000+09:00,314
n904b07b475cf,12703344,美容師　ハル,haruhairlabo0125,2026-03-23T22:25:09.000+09:00,218
n904b07b475cf,10827908,長尾 次郎@63歳SE・トリプルワーク中,j_nagao_01,2026-03-23T15:04:12.000+09:00,1077
n904b07b475cf,12667951,牧静　IQ140のプロ家庭教師　勉強はしているのに、なぜ伸びないのかと悩んでいる親のためのnote,makisizu_4582,2026-03-23T13:49:14.000+09:00,2438
n904b07b475cf,12668215,天馬｜迷いをほどき、人生をひらくnote,tenma_black,2026-03-23T13:48:57.000+09:00,2206
n904b07b475cf,13176209,オクオク君(億万長者君),honest_flax8068,2026-03-23T13:30:43.000+09:00,1052
n904b07b475cf,4296409,宴は終わったが,utagewaowattaga,2026-03-23T05:48:28.000+09:00,2777
n904b07b475cf,13642602,トビー｜二児パパの副業ラボ,t0by_2026,2026-03-22T23:51:08.000+09:00,566
n904b07b475cf,2253973,カモミール19（⚪︎×えんま帳）,cute_lily4709,2026-03-22T23:37:09.000+09:00,1642
n904b07b475cf,11049157,saori ｜選ばれない恋から、選ぶ恋へ,easy_hound2247,2026-03-22T13:48:34.000+09:00,836
n904b07b475cf,8868676,異世界の音楽家｜ai motion musics,instkoni,2026-03-22T11:51:40.000+09:00,3431
n904b07b475cf,6843325,ゆを｜中学の課題に奮闘中🪽,tibi_kuri,2026-03-22T11:14:35.000+09:00,539
n904b07b475cf,3082691,池 辰彦,tatsuhiko_ike,2026-03-22T07:51:09.000+09:00,20534
n904b07b475cf,11587198,KAZUYA／デビル,fast_pika8442,2026-03-22T06:55:49.000+09:00,2331
n904b07b475cf,2763554,SHOUICHI｜ 本領発揮コーチ ✕ WANT TOタイプ診断開発者,shouichii,2026-03-21T22:32:27.000+09:00,8123
n904b07b475cf,13025001,くまぼし,light_lemur8364,2026-03-21T21:42:45.000+09:00,530
n904b07b475cf,2203908,ハル｜トレーダー,left,2026-03-21T20:07:31.000+09:00,1854
n904b07b475cf,13255391,さち　私のつぶやき,10211129,2026-03-21T18:20:04.000+09:00,909
n904b07b475cf,13572961,陽菜┃,easy_azalea62,2026-03-21T11:51:14.000+09:00,2526
n904b07b475cf,11459662,takanori,takanori_noteid,2026-03-21T11:21:52.000+09:00,794
n904b07b475cf,5299536,ケンタ,natty_lion4254,2026-03-21T10:57:57.000+09:00,17225
n904b07b475cf,2569575,高橋良平/転職エージェント/起業に向け完全復活を目指すパラレルワーカー／【フォロバ100】,dandism56,2026-03-21T07:56:10.000+09:00,7771
n904b07b475cf,11973177,るこのみらい｜有料noteとCanvaで「できるかも」を育てるnote🌱,ruco3,2026-03-20T19:36:19.000+09:00,1806
n904b07b475cf,13252983,まったん@noteで月10万稼ぐ64歳！,gifted_fish1640,2026-03-20T18:26:20.000+09:00,4757
n904b07b475cf,10642331,Lumina｜Utahana Atelier,utahana0_0,2026-03-20T15:22:03.000+09:00,201
n904b07b475cf,13058463,レトロな喫茶店でコーヒーを|  個性鑑定学マスター受講中| @フォロバ100,riichi1113,2026-03-20T10:58:37.000+09:00,1499
n904b07b475cf,7907465,熊大迷宮物語AM,witty_peony87,2026-03-20T00:28:16.000+09:00,2168
n904b07b475cf,13744447,4児パパ｜教育費に追われる公務員の現実@フォロバ100,koumuin_try,2026-03-19T20:52:16.000+09:00,952
n904b07b475cf,3086794,途中保存の人（考えが止まった日の文章）,smaak,2026-03-19T20:46:15.000+09:00,835
n904b07b475cf,10196407,umika宇宙との愛のご縁がつながりますように🎈,umikazesophia,2026-03-19T20:24:48.000+09:00,1061
n904b07b475cf,13073421,こまてん｜「CS思考」で書くAIライター,ai_writers,2026-03-19T06:35:52.000+09:00,5645
n904b07b475cf,3564202,みかりん💐異色の現実創造クリエイター,amasamika,2026-03-18T22:28:17.000+09:00,1467
n904b07b475cf,12874862,じゃじゃ丸｜漫画原作者｜コールセンターヒロシ,jajamaru_hiroshi,2026-03-17T22:42:03.000+09:00,1001
n904b07b475cf,5235138,Honpopo Café ☕️,honpopo,2026-03-17T03:29:05.000+09:00,24827
n904b07b475cf,10621432,sc_fun🎈｜Webライター×生成AI画像クリエイター×クイズ作家｜ファンタジー愛好家　毎日投稿😺,sc_fun,2026-03-16T18:41:18.000+09:00,2091
n904b07b475cf,11824130,りゅか,ryuka02120619,2026-03-15T16:20:54.000+09:00,119
n904b07b475cf,11575561,いちごいぬ,tmits01,2026-03-15T10:35:53.000+09:00,1061
n904b07b475cf,7177103,OSAKA,market_osaka,2026-03-15T06:16:44.000+09:00,15474
n904b07b475cf,13724992,ソラセト,55st_20260215,2026-03-14T21:39:23.000+09:00,1153
n904b07b475cf,8185994,ゲーム＆喫茶『AXIS』と居酒屋『道』,shiny_llama153,2026-03-14T21:11:49.000+09:00,38
n904b07b475cf,2089133,柴崎銀河（ゲーム＋出版）,sbskgng,2026-03-14T10:04:12.000+09:00,2107
n904b07b475cf,11395794,零ぴちゅ。,reipichu,2026-03-14T06:45:39.000+09:00,3006
n904b07b475cf,3020891,**ﾕﾆｰ句** 桜四月桜吹雪ｶﾞﾝｼﾞｬﾊﾞﾝｷﾞﾗｽ🎶【若尾光一郎】@wakao59,rokuchan59,2026-03-13T18:22:01.000+09:00,1332
n904b07b475cf,11506278,まのいくら,manoikura,2026-03-11T08:38:54.000+09:00,163
n904b07b475cf,1733929,ネココ,syuu1500,2026-03-10T17:25:14.000+09:00,2513
n904b07b475cf,11764344,よしきあらた(芳木新),cool_egret5613,2026-03-10T12:37:47.000+09:00,1563
n904b07b475cf,6910581,寄り道上手なオヤジ,yorimichi_oyaji,2026-03-10T12:01:14.000+09:00,483
n904b07b475cf,11569535,clutch0105 │ 言葉に、音と色を。ひとりじゃない創作の輪🎶,hiroxkura,2026-03-10T11:58:33.000+09:00,2247
n904b07b475cf,11436595,ひろ,fair_guppy4626,2026-03-09T21:30:04.000+09:00,932
n904b07b475cf,13853201,コードが読めないあかりのAI開発日記,akari_seaart2,2026-03-09T15:11:09.000+09:00,59
n904b07b475cf,13283750,兎,ripe_impala6805,2026-03-08T21:30:10.000+09:00,106
n904b07b475cf,11361396,真宵,mayi_love,2026-03-06T10:09:39.000+09:00,1084
n904b07b475cf,1844626,しゅんちゃん｜フォロバ93.25％（理想値）,psychicer4972,2026-03-06T06:10:50.000+09:00,1660
n904b07b475cf,535586,ペンちゃん | Gemini専門のAI絵師,tnakabe,2026-03-05T09:41:58.000+09:00,654
n904b07b475cf,11997500,Kotora_rei(凛強),rei_kotora,2026-03-05T09:00:09.000+09:00,1522
n904b07b475cf,4887086,はんく・シュンタナ🐤『塩化ビニール系女子』AIクリエイター兼プロデューサー,hunk_shuntana,2026-03-04T08:52:40.000+09:00,450
n904b07b475cf,10782511,ムウ＠note副業で収益化｜noteの畑で自動収穫,muusunsan15,2026-02-26T12:46:56.000+09:00,946
n904b07b475cf,11850733,Mariya,mariya_1225,2026-02-24T20:49:15.000+09:00,1006
n904b07b475cf,12404502,幸せ太郎と桜桃一,fit_auklet4929,2026-02-23T14:02:44.000+09:00,1171
n904b07b475cf,12386258,だいあろごす。,dialogs_develop,2026-02-23T07:48:53.000+09:00,926
n904b07b475cf,12864930,みず,ready_racoon1995,2026-02-22T21:44:45.000+09:00,185
n904b07b475cf,13077703,Lapis💎 生成AI活用&検証×効率厨エンジニア,lapis_bluenote,2026-02-22T19:05:34.000+09:00,298
n904b07b475cf,13109755,研究家あかり（INTJ）,mbti__love,2026-02-22T18:08:53.000+09:00,208
n904b07b475cf,11995700,赤髪のあかり✨️創作×記事紹介サポート,akari_seaart,2026-02-22T18:03:36.000+09:00,5293
n904b07b475cf,12141668,おくりばんと🎈,ocuribunt,2026-02-22T16:37:44.000+09:00,1595
n904b07b475cf,12064224,きょん(るびぃ)🌸AIクリエイティブ,kyownruby,2026-02-22T14:39:02.000+09:00,996
n904b07b475cf,13674942,Shirono ,whitesnow_210,2026-02-22T08:24:41.000+09:00,180
n904b07b475cf,11957013,picko,alpacako,2026-02-21T15:26:04.000+09:00,673
n904b07b475cf,12766330,★cocoro★,oto0323,2026-02-21T11:25:28.000+09:00,343
n904b07b475cf,12266312,ハムカツ🐰｜命の燈を灯す人,real_crow6063,2026-02-15T18:17:43.000+09:00,459
n904b07b475cf,11335198,n8n自動化ラボ,ai_smallbiz_lab,2026-02-15T12:47:31.000+09:00,1353
n904b07b475cf,7841599,カケルン@HSP フォロバ100,yamaxkake,2026-02-14T19:48:10.000+09:00,2091
n904b07b475cf,12141715,芽乃葉✨️AIといっしょに創る,maynoha,2026-02-14T16:57:40.000+09:00,422
n904b07b475cf,11290180,みらい @ AIイラスト＆ポエム,kyoko_saigen,2026-02-14T16:39:30.000+09:00,314
n904b07b475cf,12633169,えらん堂,dear_pansy6581,2026-02-13T19:12:41.000+09:00,3027
n904b07b475cf,5230260,りんくす@AI人格コーディネーター,links_lt,2026-02-08T21:45:54.000+09:00,11458
n904b07b475cf,13312115,Ribbon-⋈-bon,sankasei,2026-02-08T06:45:04.000+09:00,41
n904b07b475cf,4889329,ママンマフィン,mamanmafin,2026-02-01T22:45:00.000+09:00,333
n904b07b475cf,12244338,ひまなマル：絵本漫画＆エッセイ,himanamaru,2026-01-31T10:21:35.000+09:00,1769
n904b07b475cf,7580255,Kinu_AIイラスト,kinu885,2026-01-30T00:00:55.000+09:00,1360
n904b07b475cf,12197172,緑どんぐり,green_donguri,2026-01-25T20:19:30.000+09:00,1162
n904b07b475cf,9933409,誠実に、ひたむきに,real_hare9943,2026-01-25T19:39:05.000+09:00,2621
n904b07b475cf,8810673,nao,modern_moose855,2026-01-25T15:39:51.000+09:00,2530
n904b07b475cf,8186112,リョウコ｜狩猟,lovely_eagle145,2026-01-25T10:09:44.000+09:00,3696
n904b07b475cf,4859491,スイッチくん🐻🌸 │ 自作LLMを趣味で、開発🌈,switchkun_2103,2026-01-24T21:04:10.000+09:00,549
n904b07b475cf,9940936,葉月 れお,leo_room,2026-01-22T20:28:20.000+09:00,51
n904b07b475cf,9292464,ゆっくり猫@AIオタク,yukkuri_neko,2026-01-20T10:39:15.000+09:00,1361
n904b07b475cf,11662828,ことはる🌼,fancy_python24,2026-01-19T12:53:44.000+09:00,1575
n904b07b475cf,1835350,龍神,tatsuopapa,2026-01-19T12:04:42.000+09:00,8072
n904b07b475cf,11742994,薄紫もと　,fresh_loris1944,2026-01-19T07:49:05.000+09:00,2895
n904b07b475cf,3598618,はしゃも｜感情構造エンジニア,hasyamo,2026-01-13T07:48:49.000+09:00,347
n904b07b475cf,10431177,水晶ゆめ🔮元占い師ライター・AIアートクリエイター,yume_suisho,2026-01-12T23:11:41.000+09:00,5076
n904b07b475cf,12270164,たーゼ,sakuya_rainbow44,2026-01-12T21:04:32.000+09:00,8025
n904b07b475cf,13284822,ラテ🍮｜AI副業に挑戦する会社員,fresh_willet7122,2026-01-12T09:51:27.000+09:00,261
n904b07b475cf,7547534,メイシン,mei_shin,2026-01-11T18:28:53.000+09:00,3865
n904b07b475cf,13367732,机のすみっこ,tk_sumikko,2026-01-11T14:12:53.000+09:00,27
n904b07b475cf,11642831,須之内律子（HN★リュミエール・アマン）,medfoodculture,2026-01-11T01:21:58.000+09:00,5794
n904b07b475cf,10074707,翼,luche_whitewing,2026-01-10T08:44:06.000+09:00,457
n904b07b475cf,10175064,雪綴ゆき,wise_rat6355,2026-01-09T20:52:05.000+09:00,5827
n904b07b475cf,11275875,美心ボディメソッドYUKI（パーソナルトレーナー）,trainer_diet,2026-01-09T19:10:44.000+09:00,1192
n904b07b475cf,11121667,"あいさん💗Iカウンセリングルーム セラピスト／ 臨床心理士×公認心理師｜支援歴16年・2,000名超",joyful_zebra1701,2026-01-09T17:32:00.000+09:00,4039
n904b07b475cf,1491034,ぽけご｜AI記事に“魂”を宿すプロンプト設計術,pokego_ai,2026-01-09T17:31:02.000+09:00,1640
n904b07b475cf,8107746,葉月 れお,hazuki_leo,2026-01-07T23:47:38.000+09:00,74
n904b07b475cf,11266699,旅くま,tabikuma_oji,2026-01-07T22:13:23.000+09:00,1023
n904b07b475cf,13153004,Wildhunter,royal_abelia7032,2026-01-05T20:51:42.000+09:00,26
n904b07b475cf,11583083,夏目羊,hitsuji_natsume,2026-01-05T15:34:14.000+09:00,1187
n904b07b475cf,3608968,KITAcore｜キタコレ＠ログプレイヤー,ktcrs1107,2026-01-05T14:57:12.000+09:00,1030
n904b07b475cf,10501974,笹原歩奈,long_panda3578,2026-01-05T10:38:32.000+09:00,102
n904b07b475cf,10397018,Shin shoga kū 〜空〜,himrock1965,2026-01-04T19:22:57.000+09:00,13345
n904b07b475cf,11849617,やまと｜“自分で稼ぐチカラ”を一緒に育てる発信者,yamato2424,2026-01-04T19:22:55.000+09:00,6374
n904b07b475cf,11601610,やまさん,magic_quince9239,2026-01-04T19:11:33.000+09:00,925
n904b07b475cf,11832868,中年ジャンプ＠誰もが裕福になれる🌈フォロバ100,chuunen_jump,2026-01-04T19:07:51.000+09:00,10177
n904b07b475cf,4645526,川原茂樹 ＠収益の柱を増やす「未来実現パートナー」,mousoubiz,2026-01-04T17:46:29.000+09:00,38523
n904b07b475cf,12580328,あいびより。🐾note×AI成長記,aibiyori_masusu,2026-01-04T16:24:28.000+09:00,832
n904b07b475cf,4618807,天竹みのるるる尾,mankai8080,2026-01-04T15:59:31.000+09:00,118
n904b07b475cf,12017432,AI漫画帝国：公式note,aiteikoku,2026-01-03T16:22:39.000+09:00,2321
n904b07b475cf,3519578,AIスチルワークス,rakuraku0147,2026-01-03T15:03:23.000+09:00,373
n904b07b475cf,12705769,ボコポコ,brainy_slug9666,2026-01-02T11:03:11.000+09:00,252
n904b07b475cf,9663053,きまま / Easygoing,ai_image_journey,2025-12-31T03:07:04.000+09:00,2552
n904b07b475cf,9256956,白馬の玉子様＠四国∞高知で活動中,kusuka,2025-12-31T00:13:32.000+09:00,1106
n904b07b475cf,2294684,Daisuke note検証ログ  ,jihon,2025-12-30T22:32:07.000+09:00,13450
n904b07b475cf,12360319,ごまめ,ai_progress,2025-12-30T19:27:06.000+09:00,2762
n904b07b475cf,13190575,あいなのアトリエ,aina_atelier,2025-12-30T19:16:40.000+09:00,9
n904b07b475cf,10928157,蜜麦苗,mitsumuginae,2025-12-30T16:59:50.000+09:00,1322
n904b07b475cf,12103016,シャンプー屋｜理美容室専門,loquat_b2b,2025-12-30T16:53:11.000+09:00,1335
n904b07b475cf,11258579,nococo,jolly_crocus3061,2025-12-30T16:50:02.000+09:00,186
n904b07b475cf,2391956,e,educator,2025-12-30T16:16:44.000+09:00,618
n904b07b475cf,12541789,たくみ@子育て中パパがnoteで収益化@フォロバ100,takumi0977,2025-12-30T16:13:33.000+09:00,5422
n904b07b475cf,12271734,【公式】青葉農園  - Aoba Farm Fukuoka -,aobafarm,2025-12-30T16:11:02.000+09:00,1018
n89b5f5a7ea74,6742540,MeiMei,happy_bibi88,2026-04-07T08:55:35.000+09:00,804
n89b5f5a7ea74,13862213,黒瀬,ai_botman0309,2026-04-07T06:37:52.000+09:00,442
n89b5f5a7ea74,11850733,Mariya,mariya_1225,2026-04-07T00:42:58.000+09:00,1006
n89b5f5a7ea74,12730552,エリカが好き勝手に語るチャンネル,erikakataru,2026-04-06T23:43:24.000+09:00,295
n89b5f5a7ea74,11266699,旅くま,tabikuma_oji,2026-04-06T23:28:14.000+09:00,1023
n89b5f5a7ea74,12235051,青井透子｜日常の過剰解釈屋　,crisp_chimp0823,2026-04-06T21:27:43.000+09:00,358
n89b5f5a7ea74,12279953,株式会社ニジ看護転職｜看護師転職支援,nijikango_career,2026-04-06T20:17:23.000+09:00,2098
n89b5f5a7ea74,12594094,あすみ＠看護師,asumi_nurse,2026-04-06T18:13:28.000+09:00,880
n89b5f5a7ea74,3268387,千住まいか🐇｜AIイラスト＆マーケティング,maika59,2026-04-06T10:12:20.000+09:00,3051
n89b5f5a7ea74,11465514,Makari｜AIイラストと副業,makari_5108010,2026-04-06T07:46:43.000+09:00,4188
n89b5f5a7ea74,10069756,うどあり│キャリア逆転の美学,udoari_imagine,2026-04-06T07:06:56.000+09:00,347
n89b5f5a7ea74,13044441,tetenn,humble_falcon456,2026-04-06T06:50:14.000+09:00,111
n89b5f5a7ea74,6633639,標準人間【田中万藻巣(まんもす)】,clean_aster831,2026-04-06T06:05:27.000+09:00,3253
n89b5f5a7ea74,4229873,こうすけ　【楽しく生きるために必要なこと】 フォロバ100,kokokosukekeke,2026-04-06T00:35:14.000+09:00,3785
n89b5f5a7ea74,14011132,アイドル Ruco,honest_violet845,2026-04-06T00:16:22.000+09:00,93
n89b5f5a7ea74,13094187,ミナト汐　＠光と構図のアトリエ,n_kazumai55633,2026-04-05T23:11:58.000+09:00,358
n89b5f5a7ea74,9886074,AI画像生成チャンネル,jazzy_clam3058,2026-04-05T22:53:55.000+09:00,35
n89b5f5a7ea74,8322800,蒼と柚,azure_and_citron,2026-04-05T22:15:12.000+09:00,133
n89b5f5a7ea74,9940936,葉月 れお,leo_room,2026-04-05T21:36:21.000+09:00,51
n89b5f5a7ea74,5757704,ぷわぽのん,puwapononn,2026-04-05T21:08:48.000+09:00,851
n89b5f5a7ea74,13866856,怒れる優しさ研究所｜所長,noted_weasel865,2026-04-05T21:03:47.000+09:00,19
n89b5f5a7ea74,11092056,KOU,mamemame_aka,2026-04-05T20:55:53.000+09:00,1752
n89b5f5a7ea74,13030024,クロ|再現性,huge_roses2687,2026-04-05T20:21:02.000+09:00,495
n89b5f5a7ea74,13628385,ヘクたろー|緑内障と付き合っている男,hekutaro_0520,2026-04-05T19:42:03.000+09:00,239
n89b5f5a7ea74,7830971,ハカセ アイ (Ai-Hakase)🐱YouTube × 記事でトレンドAIを解説する為のnote🐾,ai_hakase,2026-04-05T19:24:01.000+09:00,6005
n89b5f5a7ea74,3712022,いのふみ｜遅咲きのコピーライター,togaly0317,2026-04-05T19:05:43.000+09:00,156
n89b5f5a7ea74,3737828,reika1021 🎈,reika1021,2026-04-05T17:41:44.000+09:00,12785
n89b5f5a7ea74,12955654,しょうへい｜バグった人生noteで再起動した看護師@フォロバ100,shoheysun,2026-04-05T17:12:36.000+09:00,4944
n89b5f5a7ea74,13312115,Ribbon-⋈-bon,sankasei,2026-04-05T17:06:32.000+09:00,41
n89b5f5a7ea74,8107746,葉月 れお,hazuki_leo,2026-04-05T16:53:12.000+09:00,74
n89b5f5a7ea74,13389516,ミイシャ（mysya）—ミィミィの村娘,kigatsuku_ato,2026-04-05T16:30:10.000+09:00,30
n89b5f5a7ea74,2862586,EX-FAX-CE｜ロスジェネ氷河期的視点,exfaxce,2026-04-05T16:25:38.000+09:00,1234
n89b5f5a7ea74,1844626,しゅんちゃん｜フォロバ93.25％（理想値）,psychicer4972,2026-04-05T16:17:57.000+09:00,1660
n89b5f5a7ea74,12498736,ことのは👁‍🗨知識収集家,kotonoha_bridge,2026-04-05T16:14:59.000+09:00,439
n77e971ad8f04,12235051,青井透子｜日常の過剰解釈屋　,crisp_chimp0823,2026-04-06T21:44:12.000+09:00,358
n77e971ad8f04,13818211,ikemen_researcher,love_researcher,2026-04-05T20:16:35.000+09:00,2
n77e971ad8f04,13892517,みき＠社労士事務所のしがないパンダ,modern_dill3027,2026-04-05T13:57:09.000+09:00,83
n77e971ad8f04,11290180,みらい @ AIイラスト＆ポエム,kyoko_saigen,2026-04-05T11:27:41.000+09:00,314
n77e971ad8f04,12838875,crimson04,crimson04,2026-04-05T11:03:16.000+09:00,283
n77e971ad8f04,3268387,千住まいか🐇｜AIイラスト＆マーケティング,maika59,2026-04-05T08:54:13.000+09:00,3051
n77e971ad8f04,11395794,零ぴちゅ。,reipichu,2026-04-05T07:30:33.000+09:00,3006
n77e971ad8f04,12730552,エリカが好き勝手に語るチャンネル,erikakataru,2026-04-05T03:34:27.000+09:00,295
n77e971ad8f04,13990181,佐伯 亮｜AI副業実験者,saekiryo_ai,2026-04-04T23:30:43.000+09:00,35
n77e971ad8f04,14075514,さかい｜凡人の武器庫,bonjin_bukiko,2026-04-04T22:31:49.000+09:00,19
n77e971ad8f04,5143498,aki,kaba_no_mimi,2026-04-04T21:25:57.000+09:00,1063
n77e971ad8f04,13824769,あれく,alex_sports_game,2026-04-04T21:08:19.000+09:00,82
n77e971ad8f04,11092056,KOU,mamemame_aka,2026-04-04T20:21:44.000+09:00,1752
n77e971ad8f04,13950166,チュチュ・テイル🌙やさしい魔法が、そっと灯る物語,tutu_tail,2026-04-04T20:20:45.000+09:00,314
n77e971ad8f04,13416976,yukariyajp,brainy_thyme2046,2026-04-04T18:23:17.000+09:00,571
n77e971ad8f04,11961549,🇯🇵🌸Sakura SUN☀🌐,legit_nerine9558,2026-04-04T18:21:08.000+09:00,328
n77e971ad8f04,13094187,ミナト汐　＠光と構図のアトリエ,n_kazumai55633,2026-04-04T18:13:27.000+09:00,358
n77e971ad8f04,11465514,Makari｜AIイラストと副業,makari_5108010,2026-04-04T17:53:01.000+09:00,4188
n77e971ad8f04,12450233,片麻痺の無料有益情報発信,katamahi,2026-04-04T17:31:14.000+09:00,764
n77e971ad8f04,6843325,ゆを｜中学の課題に奮闘中🪽,tibi_kuri,2026-04-04T17:12:00.000+09:00,539
n77e971ad8f04,13628385,ヘクたろー|緑内障と付き合っている男,hekutaro_0520,2026-04-04T16:12:41.000+09:00,239
n77e971ad8f04,6596703,にっしー,24dango,2026-04-04T15:04:33.000+09:00,132
n77e971ad8f04,7210897,nana,fine_phlox366,2026-04-04T14:48:18.000+09:00,859
n77e971ad8f04,9940936,葉月 れお,leo_room,2026-04-04T14:42:15.000+09:00,51
n77e971ad8f04,12282887,すいちゃん競輪大好き🍀,chaou_51,2026-04-04T14:08:18.000+09:00,1622
n77e971ad8f04,3712022,いのふみ｜遅咲きのコピーライター,togaly0317,2026-04-04T13:20:56.000+09:00,156
n77e971ad8f04,12818115,天真爛ワン＠100円の可能性,help_you,2026-04-04T12:44:22.000+09:00,409
n77e971ad8f04,13312115,Ribbon-⋈-bon,sankasei,2026-04-04T12:29:35.000+09:00,41
n77e971ad8f04,12266312,ハムカツ🐰｜命の燈を灯す人,real_crow6063,2026-04-04T12:27:48.000+09:00,459
n77e971ad8f04,5757704,ぷわぽのん,puwapononn,2026-04-04T11:29:08.000+09:00,851
n77e971ad8f04,1090033,ひなた｜習慣と自己理解で理想の生き方が叶うnote,jibun_ni_kaeru,2026-04-04T11:27:27.000+09:00,1516
n77e971ad8f04,12498736,ことのは👁‍🗨知識収集家,kotonoha_bridge,2026-04-04T11:21:38.000+09:00,439
n77e971ad8f04,9193039,クラフト（kraft）,noted_pipit7388,2026-04-04T11:13:49.000+09:00,223
n77e971ad8f04,8107746,葉月 れお,hazuki_leo,2026-04-04T11:09:08.000+09:00,74
n77e971ad8f04,13927336,酒井悠真@note0→1→30プロジェクト フォロバ100☆ ,yuma_note310,2026-04-04T11:06:16.000+09:00,477
n77e971ad8f04,8181032,のあち,noahchi_817,2026-04-04T11:03:58.000+09:00,9
n77e971ad8f04,12197172,緑どんぐり,green_donguri,2026-04-04T10:57:00.000+09:00,1162
n77e971ad8f04,11575561,いちごいぬ,tmits01,2026-04-04T10:56:19.000+09:00,1061
n77e971ad8f04,13732626,花冷,hanaviye,2026-04-04T10:46:58.000+09:00,93
n77e971ad8f04,13712470,こん,kon_kindle,2026-04-04T10:39:07.000+09:00,1734
n77e971ad8f04,7178780,ブルージャーナル｜星野リゾート,oshio_note,2026-04-04T10:34:46.000+09:00,509
n77e971ad8f04,13394613,ひろき_ note日記,invest_papa57,2026-04-04T10:32:20.000+09:00,352
n77e971ad8f04,3938972,兼丸昌也,mk_biz_09,2026-04-04T10:22:31.000+09:00,4396
n461e9618e505,11395794,零ぴちゅ。,reipichu,2026-04-03T19:04:21.000+09:00,3006
n461e9618e505,6753545,ちゃりれれ【時々ジャイアン】,chari_lele,2026-04-02T23:31:21.000+09:00,1757
n461e9618e505,11861558,秋本マミ,vivid_cougar9852,2026-04-02T20:30:27.000+09:00,572
n461e9618e505,7177103,OSAKA,market_osaka,2026-04-02T13:43:59.000+09:00,15474
n461e9618e505,12766330,★cocoro★,oto0323,2026-04-02T11:39:20.000+09:00,343
n461e9618e505,11465514,Makari｜AIイラストと副業,makari_5108010,2026-04-02T07:30:16.000+09:00,4188
n461e9618e505,12580328,あいびより。🐾note×AI成長記,aibiyori_masusu,2026-04-01T23:23:56.000+09:00,832
n461e9618e505,13654256,花鳥風月(花ちゃん)｜心を動かすメンタリスト,firm_bee7297,2026-04-01T22:33:55.000+09:00,1608
n461e9618e505,10897060,J-BABY（日本で生まれた赤ちゃん）,takeo1291,2026-04-01T21:19:43.000+09:00,1552
n461e9618e505,11266699,旅くま,tabikuma_oji,2026-04-01T21:13:56.000+09:00,1023
n461e9618e505,14078081,きいろ｜AIで日常を楽しく,ai_fluffy_dream,2026-04-01T21:13:29.000+09:00,19
n461e9618e505,1381987,広瀬クリストファー,amphibia,2026-04-01T15:36:29.000+09:00,13233
n461e9618e505,12870840,res-q precious,resq_precious,2026-04-01T10:18:47.000+09:00,3555
n461e9618e505,13416976,yukariyajp,brainy_thyme2046,2026-04-01T06:01:39.000+09:00,571
n461e9618e505,7580255,Kinu_AIイラスト,kinu885,2026-03-31T17:46:14.000+09:00,1360
n461e9618e505,3268387,千住まいか🐇｜AIイラスト＆マーケティング,maika59,2026-03-31T17:40:14.000+09:00,3051
n461e9618e505,13627553,みきてぃ | 時間＋お金の自由を生み出す,mikity4_businote,2026-03-31T17:13:44.000+09:00,1284
n461e9618e505,8185994,ゲーム＆喫茶『AXIS』と居酒屋『道』,shiny_llama153,2026-03-31T08:06:17.000+09:00,38
n461e9618e505,12807364,ミウラキョウコ｜パンツ一丁倶楽部の裏の者,bigoli_ishikawa,2026-03-31T07:51:09.000+09:00,1308
n461e9618e505,13094187,ミナト汐　＠光と構図のアトリエ,n_kazumai55633,2026-03-30T19:44:56.000+09:00,358
n461e9618e505,11624969,タカジロー,takajiro0912,2026-03-30T19:35:11.000+09:00,6597
n461e9618e505,10441679,Tom.Msn,tom_msn_gafuu,2026-03-30T19:34:45.000+09:00,1319
n461e9618e505,11593984,AKR-理学療法士・筋トレ,informant,2026-03-30T19:00:49.000+09:00,295
n461e9618e505,11742994,薄紫もと　,fresh_loris1944,2026-03-30T18:51:44.000+09:00,2895
n461e9618e505,12491343,わっこ,wakko_0902,2026-03-30T07:35:34.000+09:00,59
n461e9618e505,8911867,ルルトアヤコ,lovely_coyote546,2026-03-30T07:28:14.000+09:00,2407
n461e9618e505,7470836,終活をもっと身近に、もっと楽しく / 終活ガイド なる,naru_67cw,2026-03-30T07:02:55.000+09:00,3304
n461e9618e505,14010241,ぽて,joyous_lion7174,2026-03-30T01:02:23.000+09:00,44
n461e9618e505,12730552,エリカが好き勝手に語るチャンネル,erikakataru,2026-03-30T00:36:25.000+09:00,295
n461e9618e505,3598618,はしゃも｜感情構造エンジニア,hasyamo,2026-03-30T00:18:03.000+09:00,347
n461e9618e505,12232616,デジさしみ | IT現場の効率家,digital_sashimi,2026-03-30T00:04:13.000+09:00,464
n461e9618e505,9940936,葉月 れお,leo_room,2026-03-29T23:28:13.000+09:00,51
n461e9618e505,13718438,たかみぃ。,lively_acacia958,2026-03-29T23:00:23.000+09:00,123
n461e9618e505,11575561,いちごいぬ,tmits01,2026-03-29T22:40:56.000+09:00,1061
n461e9618e505,5757704,ぷわぽのん,puwapononn,2026-03-29T21:22:49.000+09:00,851
n461e9618e505,13142107,erin,yuu_slow_life,2026-03-29T20:53:54.000+09:00,124
n461e9618e505,12959668,ふあふあころね,lively_ram351,2026-03-29T20:47:59.000+09:00,1736
n461e9618e505,13109252,いつものあれ,itumonoare,2026-03-29T20:35:10.000+09:00,765
n461e9618e505,13312115,Ribbon-⋈-bon,sankasei,2026-03-29T19:36:10.000+09:00,41
n461e9618e505,13342704,おじ with AI,oji_with_ai,2026-03-29T19:29:02.000+09:00,1832
n461e9618e505,8107746,葉月 れお,hazuki_leo,2026-03-29T18:38:48.000+09:00,74
n461e9618e505,11628716,ゆうなぎ〜憂凪,jibunonaosu,2026-03-29T18:38:12.000+09:00,2188
n461e9618e505,11092056,KOU,mamemame_aka,2026-03-29T18:26:08.000+09:00,1752
n461e9618e505,11361396,真宵,mayi_love,2026-03-29T18:24:24.000+09:00,1084
n461e9618e505,12498736,ことのは👁‍🗨知識収集家,kotonoha_bridge,2026-03-29T18:17:57.000+09:00,439
n461e9618e505,764613,ただゆき ,tei1020tei,2026-03-29T18:12:07.000+09:00,1895
n461e9618e505,1175833,ごえ,gentle_peony5557,2026-03-29T17:52:09.000+09:00,379
n461e9618e505,8279997,　YoshizaemonZ (広末 宜之),hirosue2099,2026-03-29T17:48:44.000+09:00,210
n461e9618e505,12266312,ハムカツ🐰｜命の燈を灯す人,real_crow6063,2026-03-29T17:35:48.000+09:00,459
n461e9618e505,11255669,ルーちゃん｜時短で簡単美容,deep_kalmia7046,2026-03-29T17:32:36.000+09:00,201
n461e9618e505,12780127,祝川珠子(しゅくがわたまこ),noble_otter8991,2026-03-29T17:30:20.000+09:00,122
n461e9618e505,13267244,啓浄 | ＡＩ.コーチ.時々 山伏.,vireco,2026-03-29T17:26:11.000+09:00,1168
n461e9618e505,12197172,緑どんぐり,green_donguri,2026-03-29T17:19:03.000+09:00,1162
n461e9618e505,11824130,りゅか,ryuka02120619,2026-03-29T17:17:13.000+09:00,119
n461e9618e505,10175064,雪綴ゆき,wise_rat6355,2026-03-29T17:08:27.000+09:00,5827
n68258d6129e7,601088,Kusabue／現代語俳句,kusabue,2026-04-04T09:29:25.000+09:00,21246
n68258d6129e7,11395794,零ぴちゅ。,reipichu,2026-04-04T07:07:00.000+09:00,3006
n68258d6129e7,11861558,秋本マミ,vivid_cougar9852,2026-04-02T20:30:29.000+09:00,572
n68258d6129e7,10897060,J-BABY（日本で生まれた赤ちゃん）,takeo1291,2026-04-01T21:19:48.000+09:00,1552
n68258d6129e7,12197172,緑どんぐり,green_donguri,2026-03-31T07:16:24.000+09:00,1162
n68258d6129e7,6633639,標準人間【田中万藻巣(まんもす)】,clean_aster831,2026-03-30T06:05:41.000+09:00,3253
n68258d6129e7,12580328,あいびより。🐾note×AI成長記,aibiyori_masusu,2026-03-29T22:05:08.000+09:00,832
n68258d6129e7,12959668,ふあふあころね,lively_ram351,2026-03-29T20:48:06.000+09:00,1736
n68258d6129e7,11042792,れん,smily_karen_119,2026-03-29T16:50:49.000+09:00,1499
n68258d6129e7,11465514,Makari｜AIイラストと副業,makari_5108010,2026-03-29T16:44:21.000+09:00,4188
n68258d6129e7,13429244,シノ＠非エンジニアのIT通訳士,shino_code,2026-03-29T15:55:06.000+09:00,35
n68258d6129e7,650786,精神構造工学士　野村俊輔,shun3744,2026-03-29T15:38:15.000+09:00,456
n68258d6129e7,7580255,Kinu_AIイラスト,kinu885,2026-03-29T14:38:24.000+09:00,1360
n68258d6129e7,6273979,ダノシジン,tasty_clover583,2026-03-29T12:24:09.000+09:00,1128
n68258d6129e7,5135405,てくてく文庫,tenten2021,2026-03-29T12:08:35.000+09:00,1280
n68258d6129e7,18701,菊池洋勝,webhero,2026-03-29T11:35:56.000+09:00,125
n68258d6129e7,9333035,Koroちゃんのメタバース日記🐰🎵,usamimi_koro,2026-03-29T11:15:34.000+09:00,3220
n68258d6129e7,7210897,nana,fine_phlox366,2026-03-29T09:57:21.000+09:00,859
n68258d6129e7,5757704,ぷわぽのん,puwapononn,2026-03-29T09:04:21.000+09:00,851
n68258d6129e7,12229510,ささお,sasao_66,2026-03-29T08:57:15.000+09:00,781
n68258d6129e7,13950166,チュチュ・テイル🌙やさしい魔法が、そっと灯る物語,tutu_tail,2026-03-29T08:34:47.000+09:00,314
n68258d6129e7,12235051,青井透子｜日常の過剰解釈屋　,crisp_chimp0823,2026-03-29T08:08:49.000+09:00,358
n68258d6129e7,11961549,🇯🇵🌸Sakura SUN☀🌐,legit_nerine9558,2026-03-29T07:32:39.000+09:00,328
n68258d6129e7,13278970,AIちゃん@ゼロから始めるAIイラスト収益化,ai_labo_chan,2026-03-29T07:19:42.000+09:00,555
n68258d6129e7,13790735,双樹　AIイラストで語るギリシア神話,souju_myth5641,2026-03-29T06:59:45.000+09:00,32
n68258d6129e7,11563514,KUMA.,traveling_hi,2026-03-29T05:20:31.000+09:00,386
n68258d6129e7,12730552,エリカが好き勝手に語るチャンネル,erikakataru,2026-03-29T04:05:12.000+09:00,295
n68258d6129e7,14020294,六点倒立,rottemayer000,2026-03-29T01:49:16.000+09:00,24
n68258d6129e7,8322800,蒼と柚,azure_and_citron,2026-03-29T00:12:20.000+09:00,133
n68258d6129e7,11266699,旅くま,tabikuma_oji,2026-03-29T00:05:05.000+09:00,1023
n68258d6129e7,13312115,Ribbon-⋈-bon,sankasei,2026-03-28T22:51:35.000+09:00,41
n68258d6129e7,4229873,こうすけ　【楽しく生きるために必要なこと】 フォロバ100,kokokosukekeke,2026-03-28T22:24:11.000+09:00,3785
n68258d6129e7,11575561,いちごいぬ,tmits01,2026-03-28T22:07:38.000+09:00,1061
n68258d6129e7,12641413,naomikoryo,light_crocus7678,2026-03-28T21:59:42.000+09:00,362
n68258d6129e7,3268387,千住まいか🐇｜AIイラスト＆マーケティング,maika59,2026-03-28T21:34:10.000+09:00,3051
n68258d6129e7,9940936,葉月 れお,leo_room,2026-03-28T21:33:19.000+09:00,51
n68258d6129e7,13094187,ミナト汐　＠光と構図のアトリエ,n_kazumai55633,2026-03-28T20:50:59.000+09:00,358
n68258d6129e7,4889329,ママンマフィン,mamanmafin,2026-03-28T20:30:34.000+09:00,333
n68258d6129e7,1619713,かもめ,lush_tucan3379,2026-03-28T19:41:12.000+09:00,2
n68258d6129e7,11092056,KOU,mamemame_aka,2026-03-28T19:15:52.000+09:00,1752
n68258d6129e7,12838738,佐藤永治,bright_lotus8230,2026-03-28T18:39:02.000+09:00,396
n68258d6129e7,11174518,エプロンおばさん夢に向かって８０歳からの挑戦,witty_chives8059,2026-03-28T18:26:34.000+09:00,873
n68258d6129e7,12498736,ことのは👁‍🗨知識収集家,kotonoha_bridge,2026-03-28T18:24:00.000+09:00,439
n68258d6129e7,7602521,大谷義則,sai_chat_gpt,2026-03-28T17:55:50.000+09:00,3132
n68258d6129e7,8107746,葉月 れお,hazuki_leo,2026-03-28T17:29:18.000+09:00,74
n68258d6129e7,11850733,Mariya,mariya_1225,2026-03-28T17:28:39.000+09:00,1006
n68258d6129e7,6037636,moko a moko,moko_a_moko900,2026-03-28T17:15:43.000+09:00,815
n68258d6129e7,11795602,祥吉,glossy_yak7745,2026-03-28T17:15:33.000+09:00,832
n68258d6129e7,12266312,ハムカツ🐰｜命の燈を灯す人,real_crow6063,2026-03-28T16:38:11.000+09:00,459
n68258d6129e7,764613,ただゆき ,tei1020tei,2026-03-28T16:33:19.000+09:00,1895
n68258d6129e7,8279997,　YoshizaemonZ (広末 宜之),hirosue2099,2026-03-28T16:29:01.000+09:00,210
n68258d6129e7,12163262,ケイトの短編小説,keito_writer,2026-03-28T16:09:06.000+09:00,569
n68258d6129e7,7497346,"ふうた🌟50代からの""HAPPY-2ND-LIFE""",tangstream,2026-03-28T16:00:43.000+09:00,5262
n68258d6129e7,11139334,akari　（論理的レシピ研究）,_alstroemeria_,2026-03-28T15:56:58.000+09:00,502
n68258d6129e7,13644901,ズボラ主婦ゆず 🍀 子供3人のママ,yuzunokosodate,2026-03-28T15:56:40.000+09:00,299
n68258d6129e7,7431440,吉川 聡史 | AI＆UX,aiux_unite,2026-03-28T15:54:05.000+09:00,2574
n68258d6129e7,13472883,白羽ゆい｜黒歴史を量産する日常エッセイ発信者,yui_diary0304,2026-03-28T15:53:04.000+09:00,286
n479a111769d7,13790735,双樹　AIイラストで語るギリシア神話,souju_myth5641,2026-03-29T07:54:18.000+09:00,32
n479a111769d7,4889329,ママンマフィン,mamanmafin,2026-03-28T20:32:30.000+09:00,333
n479a111769d7,6048568,まさ,masa_english13,2026-03-28T13:01:55.000+09:00,1057
n479a111769d7,11861558,秋本マミ,vivid_cougar9852,2026-03-28T11:03:06.000+09:00,572
n479a111769d7,11907561,AI紳士,shinsi_ai,2026-03-27T18:46:14.000+09:00,174
n479a111769d7,11459662,takanori,takanori_noteid,2026-03-27T09:45:54.000+09:00,794
n479a111769d7,13416976,yukariyajp,brainy_thyme2046,2026-03-27T06:39:43.000+09:00,571
n479a111769d7,9699715,伊藤幸弘,ekkusii,2026-03-27T04:05:02.000+09:00,1209
n479a111769d7,4754048,miyo_ai_note,miyo_ska,2026-03-26T18:04:09.000+09:00,150
n479a111769d7,11587198,KAZUYA／デビル,fast_pika8442,2026-03-25T22:17:11.000+09:00,2331
n479a111769d7,10720590,菅智晃｜実体験から仕事のヒントを得るnote,kurumejin,2026-03-25T21:52:20.000+09:00,9238
n479a111769d7,1733929,ネココ,syuu1500,2026-03-25T18:34:03.000+09:00,2513
n479a111769d7,11103460,井口宏大｜マーケティング翻訳家,365real,2026-03-25T15:00:43.000+09:00,10661
n479a111769d7,11465514,Makari｜AIイラストと副業,makari_5108010,2026-03-25T10:17:36.000+09:00,4188
n479a111769d7,11395794,零ぴちゅ。,reipichu,2026-03-25T09:12:08.000+09:00,3006
n479a111769d7,11967873,AIチャッティ,fordtaurus116,2026-03-25T06:38:00.000+09:00,1532
n479a111769d7,12580328,あいびより。🐾note×AI成長記,aibiyori_masusu,2026-03-25T00:36:50.000+09:00,832
n479a111769d7,11824897,齋藤章浩｜ひとりビジネスと哲学・心理学note,saito_p,2026-03-24T23:53:37.000+09:00,13789
n479a111769d7,13979581,ファルカシュ・ダヴィド,light_panda3906,2026-03-24T22:47:00.000+09:00,152
n479a111769d7,1340409,川口 博史　/ 　小学校創立する人,lightsign,2026-03-24T22:04:15.000+09:00,33176
n479a111769d7,13830928,焔と描く、未完成の未来,homura_future_y,2026-03-24T20:47:17.000+09:00,4
n479a111769d7,13356135,黒い黒パグ,ideal_slug1407,2026-03-24T20:38:42.000+09:00,751
n479a111769d7,5757704,ぷわぽのん,puwapononn,2026-03-24T20:04:13.000+09:00,851
n479a111769d7,11235949,初代王天君【児童文学名：らつぁん・たすりと】👉ファトラジー［綺想詩］の投稿募集中✨💖,apt_sloth667,2026-03-24T14:48:25.000+09:00,4724
n479a111769d7,12838875,crimson04,crimson04,2026-03-24T09:19:12.000+09:00,283
n479a111769d7,13724992,ソラセト,55st_20260215,2026-03-24T02:27:54.000+09:00,1153
n479a111769d7,7876618,ututune,ututunoir,2026-03-23T22:59:28.000+09:00,263
n479a111769d7,11824130,りゅか,ryuka02120619,2026-03-23T22:17:08.000+09:00,119
n479a111769d7,11266699,旅くま,tabikuma_oji,2026-03-23T22:10:43.000+09:00,1023
n479a111769d7,4296409,宴は終わったが,utagewaowattaga,2026-03-23T21:12:31.000+09:00,2777
n479a111769d7,13574554,ホンネタロウ AI漫画,akmistpruqr123,2026-03-23T21:06:21.000+09:00,441
n479a111769d7,6843325,ゆを｜中学の課題に奮闘中🪽,tibi_kuri,2026-03-23T21:00:40.000+09:00,539
n479a111769d7,11854070,優音,quiet_dietes6721,2026-03-23T20:44:49.000+09:00,422
n479a111769d7,5980365,Negi Asatsuki,negi_asatsuki,2026-03-23T19:02:00.000+09:00,3277
n479a111769d7,3335042,蒼,sprivalc,2026-03-23T17:04:53.000+09:00,375
n479a111769d7,4717784,AI女子大生のライフハック帳📖,ai_note_jd,2026-03-23T16:23:06.000+09:00,58
n479a111769d7,10827908,長尾 次郎@63歳SE・トリプルワーク中,j_nagao_01,2026-03-23T15:04:16.000+09:00,1077
n479a111769d7,12127888,フリンセス,nifty_dove9237,2026-03-23T14:40:04.000+09:00,326
n479a111769d7,13185877,BLOW曽根崎新地本通の人,blowsonezakiboss,2026-03-23T14:34:43.000+09:00,391
n479a111769d7,13686341,元・童貞のりょう,juicy_abelia6484,2026-03-23T13:53:08.000+09:00,332
n479a111769d7,13978609,宇宙インサイトラボ｜世界一やさしい宇宙の案内所,spaceinsightlab,2026-03-23T13:15:57.000+09:00,274
n479a111769d7,445887,星空写真家 × 会社役員 | 「好き」を「得意」に変える案内人 | 前田徳彦,starwalker0202,2026-03-23T13:02:47.000+09:00,1357
n479a111769d7,11575561,いちごいぬ,tmits01,2026-03-23T12:26:41.000+09:00,1061
n479a111769d7,8889536,仮称）占い宅建士　かずちゃん,astar8888,2026-03-23T12:25:38.000+09:00,158
n479a111769d7,13757456,【公式】つこみ次郎のツッコミ日記,jirotsukkomi,2026-03-23T12:09:16.000+09:00,266
n479a111769d7,8285057,AIを使う全ての人へ｜WEEL,weel_media,2026-03-23T11:27:00.000+09:00,1194
n479a111769d7,13609844,おみくじ｜投資と子育ての「うまいことやる」実験室,mind_design999,2026-03-23T11:16:50.000+09:00,297
n479a111769d7,1265507,よしだです / Peaky AI LAB,masvc_,2026-03-23T11:04:44.000+09:00,6757
n479a111769d7,5501073,高橋秀夫,digihidex,2026-03-23T10:50:37.000+09:00,12
n479a111769d7,2316523,npk888,npk888,2026-03-23T08:36:55.000+09:00,138
n479a111769d7,7841599,カケルン@HSP フォロバ100,yamaxkake,2026-03-23T06:56:49.000+09:00,2091
n479a111769d7,6633639,標準人間【田中万藻巣(まんもす)】,clean_aster831,2026-03-23T06:05:25.000+09:00,3253
n479a111769d7,1279232,Timo＠ギャルエコノミスト,space_buddha,2026-03-23T00:33:08.000+09:00,450
n479a111769d7,9940936,葉月 れお,leo_room,2026-03-23T00:05:15.000+09:00,51
n479a111769d7,12730552,エリカが好き勝手に語るチャンネル,erikakataru,2026-03-23T00:02:54.000+09:00,295
n479a111769d7,3598618,はしゃも｜感情構造エンジニア,hasyamo,2026-03-22T23:50:55.000+09:00,347
n479a111769d7,2253973,カモミール19（⚪︎×えんま帳）,cute_lily4709,2026-03-22T23:45:25.000+09:00,1642
n479a111769d7,8107746,葉月 れお,hazuki_leo,2026-03-22T23:43:15.000+09:00,74
n479a111769d7,11092056,KOU,mamemame_aka,2026-03-22T23:25:41.000+09:00,1752
n479a111769d7,1844626,しゅんちゃん｜フォロバ93.25％（理想値）,psychicer4972,2026-03-22T23:00:40.000+09:00,1660
n479a111769d7,11957013,picko,alpacako,2026-03-22T22:09:24.000+09:00,673
n479a111769d7,13094187,ミナト汐　＠光と構図のアトリエ,n_kazumai55633,2026-03-22T22:03:58.000+09:00,358
n479a111769d7,14036432,マーケットレンズ,market_lens,2026-03-22T22:02:48.000+09:00,1
n479a111769d7,7580255,Kinu_AIイラスト,kinu885,2026-03-22T21:40:26.000+09:00,1360
n479a111769d7,12551267,のむのむ（AIと雑談してる人）,quick_ivy5798,2026-03-22T21:37:04.000+09:00,249
n479a111769d7,10198125,アルピコ24,cool_loris1596,2026-03-22T21:18:21.000+09:00,1184
n479a111769d7,8383094,小鳥遊宵(たかなしよい),takanashi41yoi,2026-03-22T20:55:51.000+09:00,2389
n479a111769d7,13278970,AIちゃん@ゼロから始めるAIイラスト収益化,ai_labo_chan,2026-03-22T20:49:22.000+09:00,555
n479a111769d7,12197172,緑どんぐり,green_donguri,2026-03-22T20:30:16.000+09:00,1162
n479a111769d7,10175064,雪綴ゆき,wise_rat6355,2026-03-22T20:25:11.000+09:00,5827
n479a111769d7,7907465,熊大迷宮物語AM,witty_peony87,2026-03-22T20:24:47.000+09:00,2168
n479a111769d7,13312115,Ribbon-⋈-bon,sankasei,2026-03-22T20:24:07.000+09:00,41
n479a111769d7,12266312,ハムカツ🐰｜命の燈を灯す人,real_crow6063,2026-03-22T20:19:42.000+09:00,459
n985ef570cd2b,12055224,こあら@SeaArt×イラストプロンプト毎日発信,aibento,2026-04-03T09:42:42.000+09:00,1346
n985ef570cd2b,11465514,Makari｜AIイラストと副業,makari_5108010,2026-03-28T14:19:13.000+09:00,4188
n985ef570cd2b,12838875,crimson04,crimson04,2026-03-28T11:41:31.000+09:00,283
n985ef570cd2b,11861558,秋本マミ,vivid_cougar9852,2026-03-28T11:03:13.000+09:00,572
n985ef570cd2b,13278970,AIちゃん@ゼロから始めるAIイラスト収益化,ai_labo_chan,2026-03-27T22:09:25.000+09:00,555
n985ef570cd2b,12054765,Hamuegg Day〜今日という日はハムエッグの美味しさで決まるのさ〜,hamuegg_day,2026-03-27T16:33:09.000+09:00,564
n985ef570cd2b,5757704,ぷわぽのん,puwapononn,2026-03-26T19:02:23.000+09:00,851
n985ef570cd2b,13214308,滝川純子,human_oxalis9155,2026-03-26T18:25:49.000+09:00,906
n985ef570cd2b,11957013,picko,alpacako,2026-03-25T22:10:03.000+09:00,673
n985ef570cd2b,11266699,旅くま,tabikuma_oji,2026-03-25T17:22:45.000+09:00,1023
n985ef570cd2b,11824130,りゅか,ryuka02120619,2026-03-23T22:17:42.000+09:00,119
n985ef570cd2b,13416976,yukariyajp,brainy_thyme2046,2026-03-23T19:52:44.000+09:00,571
n985ef570cd2b,1279232,Timo＠ギャルエコノミスト,space_buddha,2026-03-23T00:33:45.000+09:00,450
n985ef570cd2b,12730552,エリカが好き勝手に語るチャンネル,erikakataru,2026-03-23T00:03:42.000+09:00,295
n985ef570cd2b,13094187,ミナト汐　＠光と構図のアトリエ,n_kazumai55633,2026-03-22T21:46:34.000+09:00,358
n985ef570cd2b,7580255,Kinu_AIイラスト,kinu885,2026-03-22T21:40:32.000+09:00,1360
n985ef570cd2b,12229510,ささお,sasao_66,2026-03-22T20:25:11.000+09:00,781
n985ef570cd2b,13075102,おなかPPおじさん,onaka_pp_ojisan,2026-03-22T17:18:40.000+09:00,11
n985ef570cd2b,11575561,いちごいぬ,tmits01,2026-03-22T15:17:14.000+09:00,1061
n985ef570cd2b,11049157,saori ｜選ばれない恋から、選ぶ恋へ,easy_hound2247,2026-03-22T13:48:35.000+09:00,836
n985ef570cd2b,12580328,あいびより。🐾note×AI成長記,aibiyori_masusu,2026-03-22T13:36:16.000+09:00,832
n985ef570cd2b,10284403,みち,michi_15,2026-03-22T13:21:36.000+09:00,986
n985ef570cd2b,12266312,ハムカツ🐰｜命の燈を灯す人,real_crow6063,2026-03-22T12:53:56.000+09:00,459
n985ef570cd2b,13312115,Ribbon-⋈-bon,sankasei,2026-03-22T12:41:28.000+09:00,41
n985ef570cd2b,6843325,ゆを｜中学の課題に奮闘中🪽,tibi_kuri,2026-03-22T11:14:36.000+09:00,539
n985ef570cd2b,13978282,MA5,_ma5,2026-03-22T10:00:49.000+09:00,17
n985ef570cd2b,9940936,葉月 れお,leo_room,2026-03-22T09:59:18.000+09:00,51
n985ef570cd2b,8107746,葉月 れお,hazuki_leo,2026-03-22T09:50:32.000+09:00,74
n985ef570cd2b,11913706,lovely plants@note,lovely_plants,2026-03-22T08:52:26.000+09:00,6109
n985ef570cd2b,7497346,"ふうた🌟50代からの""HAPPY-2ND-LIFE""",tangstream,2026-03-22T08:34:17.000+09:00,5262
n985ef570cd2b,13764106,夜月,yo_zuki_0,2026-03-22T08:33:48.000+09:00,324
n81024d4dd1c0,7580255,Kinu_AIイラスト,kinu885,2026-03-29T14:38:28.000+09:00,1360
n81024d4dd1c0,11861558,秋本マミ,vivid_cougar9852,2026-03-28T11:21:00.000+09:00,572
n81024d4dd1c0,11427820,けいつ,natty_parrot5639,2026-03-26T04:14:27.000+09:00,1555
n81024d4dd1c0,10196407,umika宇宙との愛のご縁がつながりますように🎈,umikazesophia,2026-03-23T11:34:58.000+09:00,1061
n81024d4dd1c0,13278970,AIちゃん@ゼロから始めるAIイラスト収益化,ai_labo_chan,2026-03-23T00:15:47.000+09:00,555
n81024d4dd1c0,13540254,水鶏姫猫,joyous_quoll8288,2026-03-22T16:17:33.000+09:00,18
n81024d4dd1c0,11092056,KOU,mamemame_aka,2026-03-22T13:48:51.000+09:00,1752
n81024d4dd1c0,10284403,みち,michi_15,2026-03-22T13:21:38.000+09:00,986
n81024d4dd1c0,11575561,いちごいぬ,tmits01,2026-03-22T13:11:02.000+09:00,1061
n81024d4dd1c0,12266312,ハムカツ🐰｜命の燈を灯す人,real_crow6063,2026-03-22T12:57:02.000+09:00,459
n81024d4dd1c0,6843325,ゆを｜中学の課題に奮闘中🪽,tibi_kuri,2026-03-22T11:14:37.000+09:00,539
n81024d4dd1c0,13312115,Ribbon-⋈-bon,sankasei,2026-03-22T06:52:05.000+09:00,41
n81024d4dd1c0,12730552,エリカが好き勝手に語るチャンネル,erikakataru,2026-03-22T01:47:43.000+09:00,295
n81024d4dd1c0,9940936,葉月 れお,leo_room,2026-03-21T23:45:11.000+09:00,51
n81024d4dd1c0,8107746,葉月 れお,hazuki_leo,2026-03-21T23:27:43.000+09:00,74
n81024d4dd1c0,11824130,りゅか,ryuka02120619,2026-03-21T23:02:34.000+09:00,119
n81024d4dd1c0,13094187,ミナト汐　＠光と構図のアトリエ,n_kazumai55633,2026-03-21T21:34:14.000+09:00,358
n81024d4dd1c0,10631434,AIものづくり工房,ai_craft_kobo,2026-03-21T20:42:27.000+09:00,116
n81024d4dd1c0,3608968,KITAcore｜キタコレ＠ログプレイヤー,ktcrs1107,2026-03-21T20:30:10.000+09:00,1030
n81024d4dd1c0,12197172,緑どんぐり,green_donguri,2026-03-21T20:26:39.000+09:00,1162
n81024d4dd1c0,12551267,のむのむ（AIと雑談してる人）,quick_ivy5798,2026-03-21T20:18:26.000+09:00,249
n81024d4dd1c0,11395794,零ぴちゅ。,reipichu,2026-03-21T19:55:54.000+09:00,3006
nfcaf250623c0,8794371,建礼門　葵,worldpeace2024,2026-03-22T00:10:32.000+09:00,7999
nfcaf250623c0,11824130,りゅか,ryuka02120619,2026-03-21T23:37:20.000+09:00,119
nfcaf250623c0,11006772,ゆるっと挑戦,wise_seal4334,2026-03-21T18:36:08.000+09:00,52
nfcaf250623c0,13255391,さち　私のつぶやき,10211129,2026-03-21T18:20:58.000+09:00,909
nfcaf250623c0,12873228,Hiro@1人法人エンジニア,lucid_tucan3717,2026-03-21T18:17:40.000+09:00,909
nfcaf250623c0,12370582,高橋 有我 ｜Yuga Takahashi,right_crane6872,2026-03-21T18:15:05.000+09:00,3529
nfcaf250623c0,11795602,祥吉,glossy_yak7745,2026-03-21T16:55:44.000+09:00,832
nfcaf250623c0,13195839,Yu （ユウ）,chic_gerbil849,2026-03-21T15:44:02.000+09:00,798
nfcaf250623c0,12719292,矢田　和也　(フォロバ100),joyous_shrew9162,2026-03-21T15:37:45.000+09:00,8752
nfcaf250623c0,11861558,秋本マミ,vivid_cougar9852,2026-03-21T14:22:18.000+09:00,572
nfcaf250623c0,12450233,片麻痺の無料有益情報発信,katamahi,2026-03-21T14:19:38.000+09:00,764
nfcaf250623c0,11433130,Amica｜海外チャットレディ事務所｜まお,amica_chatlady,2026-03-21T13:48:20.000+09:00,284
nfcaf250623c0,9699715,伊藤幸弘,ekkusii,2026-03-21T13:21:18.000+09:00,1209
nfcaf250623c0,12436164,うちきん,light_abelia8813,2026-03-21T12:14:56.000+09:00,324
nfcaf250623c0,11961549,🇯🇵🌸Sakura SUN☀🌐,legit_nerine9558,2026-03-21T10:42:59.000+09:00,328
nfcaf250623c0,11451431,ソーソウ,charm_cosmos9072,2026-03-21T09:29:54.000+09:00,2200
nfcaf250623c0,13488823,柳田優介,yusuke_141230,2026-03-21T09:26:44.000+09:00,131
nfcaf250623c0,12229510,ささお,sasao_66,2026-03-21T09:13:23.000+09:00,781
nfcaf250623c0,11092056,KOU,mamemame_aka,2026-03-21T08:57:38.000+09:00,1752
nfcaf250623c0,8960994,ようちゃん,you_ter,2026-03-21T08:49:38.000+09:00,125
nfcaf250623c0,12244338,ひまなマル：絵本漫画＆エッセイ,himanamaru,2026-03-21T08:47:59.000+09:00,1769
nfcaf250623c0,11575561,いちごいぬ,tmits01,2026-03-21T07:41:43.000+09:00,1061
nfcaf250623c0,12053341,カリとコリー,karikkori,2026-03-21T06:34:54.000+09:00,895
nfcaf250623c0,12730552,エリカが好き勝手に語るチャンネル,erikakataru,2026-03-21T02:22:28.000+09:00,295
nfcaf250623c0,13979581,ファルカシュ・ダヴィド,light_panda3906,2026-03-21T00:55:09.000+09:00,152
nfcaf250623c0,13374333,カピバラさん,dreamy_bear8625,2026-03-21T00:43:38.000+09:00,844
nfcaf250623c0,9940936,葉月 れお,leo_room,2026-03-21T00:11:38.000+09:00,51
nfcaf250623c0,13978282,MA5,_ma5,2026-03-21T00:04:40.000+09:00,17
nfcaf250623c0,8107746,葉月 れお,hazuki_leo,2026-03-20T21:03:13.000+09:00,74
nfcaf250623c0,13094187,ミナト汐　＠光と構図のアトリエ,n_kazumai55633,2026-03-20T20:58:57.000+09:00,358
nfcaf250623c0,12818056,ぽんこ🦦,happy_mimosa4749,2026-03-20T19:33:20.000+09:00,199
nfcaf250623c0,12831643,ほのか,alert_sloth3805,2026-03-20T19:29:16.000+09:00,1297
nfcaf250623c0,12266312,ハムカツ🐰｜命の燈を灯す人,real_crow6063,2026-03-20T19:25:42.000+09:00,459
nfcaf250623c0,11395794,零ぴちゅ。,reipichu,2026-03-20T19:22:32.000+09:00,3006
nfcaf250623c0,7830971,ハカセ アイ (Ai-Hakase)🐱YouTube × 記事でトレンドAIを解説する為のnote🐾,ai_hakase,2026-03-20T19:20:45.000+09:00,6005
nfcaf250623c0,13091112,健太｜AI時代の個人ビジネス構築,witty_dunlin880,2026-03-20T19:19:24.000+09:00,543
nfcaf250623c0,13312115,Ribbon-⋈-bon,sankasei,2026-03-20T19:18:53.000+09:00,41
nfcaf250623c0,7580255,Kinu_AIイラスト,kinu885,2026-03-20T19:17:50.000+09:00,1360
nfcaf250623c0,1909619,シゲク@note初心者全力応援,shigekumasaku,2026-03-20T19:16:09.000+09:00,5843
n0faff2d87e94,13278970,AIちゃん@ゼロから始めるAIイラスト収益化,ai_labo_chan,2026-03-22T21:40:35.000+09:00,555
n0faff2d87e94,12244338,ひまなマル：絵本漫画＆エッセイ,himanamaru,2026-03-21T08:48:04.000+09:00,1769
n0faff2d87e94,11913706,lovely plants@note,lovely_plants,2026-03-19T20:32:52.000+09:00,6109
n0faff2d87e94,3086794,途中保存の人（考えが止まった日の文章）,smaak,2026-03-19T19:36:58.000+09:00,835
n0faff2d87e94,7580255,Kinu_AIイラスト,kinu885,2026-03-19T11:24:19.000+09:00,1360
n0faff2d87e94,12266312,ハムカツ🐰｜命の燈を灯す人,real_crow6063,2026-03-18T23:58:32.000+09:00,459
n0faff2d87e94,13979581,ファルカシュ・ダヴィド,light_panda3906,2026-03-18T12:45:38.000+09:00,152
n0faff2d87e94,12874862,じゃじゃ丸｜漫画原作者｜コールセンターヒロシ,jajamaru_hiroshi,2026-03-18T08:24:13.000+09:00,1001
n0faff2d87e94,11907561,AI紳士,shinsi_ai,2026-03-18T06:16:07.000+09:00,174
n0faff2d87e94,4194870,安田純一,amanda0513hk,2026-03-17T11:42:21.000+09:00,515
n0faff2d87e94,12838875,crimson04,crimson04,2026-03-17T11:25:20.000+09:00,283
n0faff2d87e94,11824130,りゅか,ryuka02120619,2026-03-17T09:58:41.000+09:00,119
n0faff2d87e94,11395794,零ぴちゅ。,reipichu,2026-03-17T06:21:28.000+09:00,3006
n0faff2d87e94,7841599,カケルン@HSP フォロバ100,yamaxkake,2026-03-17T06:18:14.000+09:00,2091
n0faff2d87e94,3066342,三宅裕之 /『奇跡が起きる 毎朝１分日記』著者,hiroyukimiyake,2026-03-16T21:46:11.000+09:00,949
n0faff2d87e94,1844626,しゅんちゃん｜フォロバ93.25％（理想値）,psychicer4972,2026-03-16T20:22:40.000+09:00,1660
n0faff2d87e94,10621432,sc_fun🎈｜Webライター×生成AI画像クリエイター×クイズ作家｜ファンタジー愛好家　毎日投稿😺,sc_fun,2026-03-16T18:41:20.000+09:00,2091
n0faff2d87e94,3268387,千住まいか🐇｜AIイラスト＆マーケティング,maika59,2026-03-16T17:46:18.000+09:00,3051
n0faff2d87e94,11861558,秋本マミ,vivid_cougar9852,2026-03-16T17:29:45.000+09:00,572
n0faff2d87e94,11266699,旅くま,tabikuma_oji,2026-03-16T12:43:07.000+09:00,1023
n0faff2d87e94,12741326,心経つ人（kokoro-tatsuhito),masatoafter,2026-03-16T11:40:14.000+09:00,284
n0faff2d87e94,13732626,花冷,hanaviye,2026-03-16T09:52:12.000+09:00,93
n0faff2d87e94,13374333,カピバラさん,dreamy_bear8625,2026-03-16T08:29:56.000+09:00,844
n0faff2d87e94,8369512,冴月練,saturnus,2026-03-16T08:19:51.000+09:00,160
n0faff2d87e94,13307277,reni,alive_mango4490,2026-03-16T05:29:14.000+09:00,179
n0faff2d87e94,535586,ペンちゃん | Gemini専門のAI絵師,tnakabe,2026-03-16T04:39:47.000+09:00,654
n0faff2d87e94,2490558,だんだんありがと@めじゅ,dandan_arigato19,2026-03-16T04:28:51.000+09:00,184
n0faff2d87e94,12730552,エリカが好き勝手に語るチャンネル,erikakataru,2026-03-16T00:42:28.000+09:00,295
n0faff2d87e94,9940936,葉月 れお,leo_room,2026-03-15T23:54:59.000+09:00,51
n0faff2d87e94,8107746,葉月 れお,hazuki_leo,2026-03-15T23:34:56.000+09:00,74
n0faff2d87e94,13312115,Ribbon-⋈-bon,sankasei,2026-03-15T23:21:12.000+09:00,41
n0faff2d87e94,12818056,ぽんこ🦦,happy_mimosa4749,2026-03-15T22:13:50.000+09:00,199
n0faff2d87e94,13094187,ミナト汐　＠光と構図のアトリエ,n_kazumai55633,2026-03-15T22:13:39.000+09:00,358
n0faff2d87e94,4887086,はんく・シュンタナ🐤『塩化ビニール系女子』AIクリエイター兼プロデューサー,hunk_shuntana,2026-03-15T21:56:43.000+09:00,450
n0faff2d87e94,11583083,夏目羊,hitsuji_natsume,2026-03-15T21:55:25.000+09:00,1187
n0faff2d87e94,7830971,ハカセ アイ (Ai-Hakase)🐱YouTube × 記事でトレンドAIを解説する為のnote🐾,ai_hakase,2026-03-15T21:55:02.000+09:00,6005
n0faff2d87e94,10175064,雪綴ゆき,wise_rat6355,2026-03-15T20:57:04.000+09:00,5827
n0faff2d87e94,12197172,緑どんぐり,green_donguri,2026-03-15T20:57:00.000+09:00,1162
n0faff2d87e94,11854070,優音,quiet_dietes6721,2026-03-15T20:48:30.000+09:00,422
n4c4c85fe1411,7841599,カケルン@HSP フォロバ100,yamaxkake,2026-03-20T07:25:15.000+09:00,2091
n4c4c85fe1411,11395794,零ぴちゅ。,reipichu,2026-03-20T00:04:13.000+09:00,3006
n4c4c85fe1411,9083610,あや福｜新・医療コミュニケーション専門家,ayafuku_lab,2026-03-18T10:29:14.000+09:00,1622
n4c4c85fe1411,13651327,ゆうドッグ,unique_tiger5296,2026-03-17T19:00:13.000+09:00,214
n4c4c85fe1411,3268387,千住まいか🐇｜AIイラスト＆マーケティング,maika59,2026-03-17T14:59:29.000+09:00,3051
n4c4c85fe1411,11861558,秋本マミ,vivid_cougar9852,2026-03-17T08:27:22.000+09:00,572
n4c4c85fe1411,10621432,sc_fun🎈｜Webライター×生成AI画像クリエイター×クイズ作家｜ファンタジー愛好家　毎日投稿😺,sc_fun,2026-03-16T18:41:21.000+09:00,2091
n4c4c85fe1411,13870851,たろん＠友達はai,gentle_hippo573,2026-03-16T07:34:57.000+09:00,19
n4c4c85fe1411,11854070,優音,quiet_dietes6721,2026-03-15T17:54:05.000+09:00,422
n4c4c85fe1411,12436164,うちきん,light_abelia8813,2026-03-15T16:51:04.000+09:00,324
n4c4c85fe1411,13374333,カピバラさん,dreamy_bear8625,2026-03-15T09:22:46.000+09:00,844
n4c4c85fe1411,12229510,ささお,sasao_66,2026-03-15T08:26:20.000+09:00,781
n4c4c85fe1411,7580255,Kinu_AIイラスト,kinu885,2026-03-15T07:35:59.000+09:00,1360
n4c4c85fe1411,7177103,OSAKA,market_osaka,2026-03-15T06:16:42.000+09:00,15474
n4c4c85fe1411,12730552,エリカが好き勝手に語るチャンネル,erikakataru,2026-03-15T02:16:13.000+09:00,295
n4c4c85fe1411,13094187,ミナト汐　＠光と構図のアトリエ,n_kazumai55633,2026-03-15T00:30:02.000+09:00,358
n4c4c85fe1411,12580328,あいびより。🐾note×AI成長記,aibiyori_masusu,2026-03-14T23:49:20.000+09:00,832
n4c4c85fe1411,11361396,真宵,mayi_love,2026-03-14T21:08:53.000+09:00,1084
n4c4c85fe1411,9940936,葉月 れお,leo_room,2026-03-14T20:53:06.000+09:00,51
n4c4c85fe1411,11742994,薄紫もと　,fresh_loris1944,2026-03-14T20:31:55.000+09:00,2895
n4c4c85fe1411,13312115,Ribbon-⋈-bon,sankasei,2026-03-14T19:46:54.000+09:00,41
n4c4c85fe1411,11907561,AI紳士,shinsi_ai,2026-03-14T19:23:16.000+09:00,174
n4c4c85fe1411,12818056,ぽんこ🦦,happy_mimosa4749,2026-03-14T17:44:12.000+09:00,199
n4c4c85fe1411,12232616,デジさしみ | IT現場の効率家,digital_sashimi,2026-03-14T17:22:19.000+09:00,464
n4c4c85fe1411,8107746,葉月 れお,hazuki_leo,2026-03-14T15:58:38.000+09:00,74
n4c4c85fe1411,4887086,はんく・シュンタナ🐤『塩化ビニール系女子』AIクリエイター兼プロデューサー,hunk_shuntana,2026-03-14T15:32:33.000+09:00,450
n4c4c85fe1411,4693214,キング＿ENGINE913,masanobu0001,2026-03-14T15:19:17.000+09:00,261
n4c4c85fe1411,12266312,ハムカツ🐰｜命の燈を灯す人,real_crow6063,2026-03-14T15:14:02.000+09:00,459
n4c4c85fe1411,13686942,るみるみ,rumi_rumi369,2026-03-14T15:12:06.000+09:00,575
n4c4c85fe1411,12197172,緑どんぐり,green_donguri,2026-03-14T15:03:49.000+09:00,1162
n4c4c85fe1411,4859491,スイッチくん🐻🌸 │ 自作LLMを趣味で、開発🌈,switchkun_2103,2026-03-14T14:59:55.000+09:00,549
n865ae90bc7ad,14011132,アイドル Ruco,honest_violet845,2026-04-05T11:18:50.000+09:00,93
n865ae90bc7ad,13924415,VIBE　/　言葉の錬金術師,vibe_copylab,2026-03-25T21:36:59.000+09:00,258
n865ae90bc7ad,4166874,御丹珍／おたんちん｜光る個性を、見つけ・つなぎ・結ぶ,rh_b,2026-03-25T18:56:10.000+09:00,5812
n865ae90bc7ad,12244338,ひまなマル：絵本漫画＆エッセイ,himanamaru,2026-03-21T08:48:08.000+09:00,1769
n865ae90bc7ad,11861558,秋本マミ,vivid_cougar9852,2026-03-16T17:29:50.000+09:00,572
n865ae90bc7ad,11575561,いちごいぬ,tmits01,2026-03-16T08:02:35.000+09:00,1061
n865ae90bc7ad,13094187,ミナト汐　＠光と構図のアトリエ,n_kazumai55633,2026-03-15T17:15:09.000+09:00,358
n865ae90bc7ad,13746872,導NoaのComfyUI検証ラボ｜ノード解説と実践ワークフロー,comfyakp,2026-03-15T12:59:31.000+09:00,153
n865ae90bc7ad,13574554,ホンネタロウ AI漫画,akmistpruqr123,2026-03-15T05:05:32.000+09:00,441
n865ae90bc7ad,12730552,エリカが好き勝手に語るチャンネル,erikakataru,2026-03-15T02:18:17.000+09:00,295
n865ae90bc7ad,11361396,真宵,mayi_love,2026-03-14T21:09:08.000+09:00,1084
n865ae90bc7ad,13892517,みき＠社労士事務所のしがないパンダ,modern_dill3027,2026-03-14T18:30:46.000+09:00,83
n865ae90bc7ad,13374333,カピバラさん,dreamy_bear8625,2026-03-14T17:10:05.000+09:00,844
n865ae90bc7ad,13686942,るみるみ,rumi_rumi369,2026-03-14T15:12:11.000+09:00,575
n865ae90bc7ad,12450233,片麻痺の無料有益情報発信,katamahi,2026-03-14T14:35:21.000+09:00,764
n865ae90bc7ad,4887086,はんく・シュンタナ🐤『塩化ビニール系女子』AIクリエイター兼プロデューサー,hunk_shuntana,2026-03-14T14:31:56.000+09:00,450
n865ae90bc7ad,11092056,KOU,mamemame_aka,2026-03-14T14:07:41.000+09:00,1752
n865ae90bc7ad,12818056,ぽんこ🦦,happy_mimosa4749,2026-03-14T13:20:19.000+09:00,199
n865ae90bc7ad,7580255,Kinu_AIイラスト,kinu885,2026-03-14T12:17:19.000+09:00,1360
n865ae90bc7ad,9940936,葉月 れお,leo_room,2026-03-14T11:13:15.000+09:00,51
n865ae90bc7ad,1717442,東風,tamayura_404,2026-03-14T11:10:52.000+09:00,487
n865ae90bc7ad,8107746,葉月 れお,hazuki_leo,2026-03-14T10:49:47.000+09:00,74
n865ae90bc7ad,6312735,ピナクル,modern_holly38,2026-03-14T10:48:50.000+09:00,350
n865ae90bc7ad,13896079,日報シンギュラリティ,nipposingularity,2026-03-14T10:01:17.000+09:00,57
n865ae90bc7ad,12266312,ハムカツ🐰｜命の燈を灯す人,real_crow6063,2026-03-14T09:47:20.000+09:00,459
n865ae90bc7ad,12141668,おくりばんと🎈,ocuribunt,2026-03-14T09:43:01.000+09:00,1595
n865ae90bc7ad,13312115,Ribbon-⋈-bon,sankasei,2026-03-14T09:41:16.000+09:00,41
n481c287a7f01,13488823,柳田優介,yusuke_141230,2026-03-21T09:26:52.000+09:00,131
n481c287a7f01,9083610,あや福｜新・医療コミュニケーション専門家,ayafuku_lab,2026-03-18T10:29:13.000+09:00,1622
n481c287a7f01,11861558,秋本マミ,vivid_cougar9852,2026-03-18T07:25:28.000+09:00,572
n481c287a7f01,11575561,いちごいぬ,tmits01,2026-03-15T10:42:15.000+09:00,1061
n481c287a7f01,2089133,柴崎銀河（ゲーム＋出版）,sbskgng,2026-03-14T10:04:34.000+09:00,2107
n481c287a7f01,13094187,ミナト汐　＠光と構図のアトリエ,n_kazumai55633,2026-03-12T20:46:43.000+09:00,358
n481c287a7f01,7580255,Kinu_AIイラスト,kinu885,2026-03-12T06:35:00.000+09:00,1360
n481c287a7f01,7181237,万券先生,mankensensei,2026-03-11T23:52:34.000+09:00,3020
n481c287a7f01,12038119,金田まり|スタートアップ&起業支援してるワーママ,alive_sheep6563,2026-03-11T09:36:49.000+09:00,1386
n481c287a7f01,12235051,青井透子｜日常の過剰解釈屋　,crisp_chimp0823,2026-03-11T00:09:46.000+09:00,358
n481c287a7f01,11997500,Kotora_rei(凛強),rei_kotora,2026-03-10T21:45:36.000+09:00,1522
n481c287a7f01,11290180,みらい @ AIイラスト＆ポエム,kyoko_saigen,2026-03-10T11:51:18.000+09:00,314
n481c287a7f01,11436595,ひろ,fair_guppy4626,2026-03-09T21:29:12.000+09:00,932
n481c287a7f01,11742994,薄紫もと　,fresh_loris1944,2026-03-09T21:27:15.000+09:00,2895
n481c287a7f01,11395794,零ぴちゅ。,reipichu,2026-03-09T13:55:17.000+09:00,3006
n481c287a7f01,12580328,あいびより。🐾note×AI成長記,aibiyori_masusu,2026-03-08T23:12:45.000+09:00,832
n481c287a7f01,12838875,crimson04,crimson04,2026-03-08T18:56:49.000+09:00,283
n481c287a7f01,13675567,こうだい,kodai0810,2026-03-08T18:46:02.000+09:00,2175
n481c287a7f01,12959787,脱線社労士試験の宝箱,takara_bako,2026-03-08T17:22:30.000+09:00,399
n481c287a7f01,3268387,千住まいか🐇｜AIイラスト＆マーケティング,maika59,2026-03-08T16:47:14.000+09:00,3051
n481c287a7f01,13316377,𝔸𝕀-𝕃𝕀ℕ𝕂｜たいち,gey_chevis6981,2026-03-08T16:22:55.000+09:00,1067
n481c287a7f01,12766330,★cocoro★,oto0323,2026-03-08T12:43:43.000+09:00,343
n481c287a7f01,11854070,優音,quiet_dietes6721,2026-03-08T10:43:45.000+09:00,422
n481c287a7f01,11465514,Makari｜AIイラストと副業,makari_5108010,2026-03-08T09:43:44.000+09:00,4188
n481c287a7f01,12383184,TOKYO RELAX BGM STUDIO,tokyo_relax_bgm,2026-03-08T09:08:43.000+09:00,237
n481c287a7f01,3598618,はしゃも｜感情構造エンジニア,hasyamo,2026-03-08T08:10:52.000+09:00,347
n481c287a7f01,12730552,エリカが好き勝手に語るチャンネル,erikakataru,2026-03-08T02:13:45.000+09:00,295
n481c287a7f01,7841599,カケルン@HSP フォロバ100,yamaxkake,2026-03-07T20:07:21.000+09:00,2091
n481c287a7f01,13846494,コメットちゃん｜note,101xxx510,2026-03-07T20:00:00.000+09:00,308
n481c287a7f01,11266699,旅くま,tabikuma_oji,2026-03-07T18:41:04.000+09:00,1023
n481c287a7f01,10538573,まるのーと＠AI画像生成修行中,maruran369,2026-03-07T18:10:56.000+09:00,95
n481c287a7f01,12266312,ハムカツ🐰｜命の燈を灯す人,real_crow6063,2026-03-07T17:24:56.000+09:00,459
n481c287a7f01,11092056,KOU,mamemame_aka,2026-03-07T15:33:22.000+09:00,1752
n481c287a7f01,13708984,たま@恋愛,shiny_viper5535,2026-03-07T15:14:29.000+09:00,50
n481c287a7f01,6312735,ピナクル,modern_holly38,2026-03-07T14:43:13.000+09:00,350
n481c287a7f01,10679457,サンバのため息,tatakiya,2026-03-07T14:14:32.000+09:00,42
n481c287a7f01,9940936,葉月 れお,leo_room,2026-03-07T12:49:00.000+09:00,51
n481c287a7f01,13312115,Ribbon-⋈-bon,sankasei,2026-03-07T11:10:53.000+09:00,41
n481c287a7f01,11361396,真宵,mayi_love,2026-03-07T10:48:33.000+09:00,1084
n481c287a7f01,13391201,アイ,rosy_roses6610,2026-03-07T10:07:01.000+09:00,158
n481c287a7f01,12197172,緑どんぐり,green_donguri,2026-03-07T09:51:40.000+09:00,1162
n481c287a7f01,10501974,笹原歩奈,long_panda3578,2026-03-07T09:26:09.000+09:00,102
n481c287a7f01,13542542,麗子｜「都合のいい女」は、もうやめる。,reiko_beloved,2026-03-07T09:24:25.000+09:00,28
n481c287a7f01,8107746,葉月 れお,hazuki_leo,2026-03-07T09:13:34.000+09:00,74
n481c287a7f01,13125356,EARTH🌎,fast_thyme336,2026-03-07T09:10:41.000+09:00,770
n5fe6080e89b9,13416976,yukariyajp,brainy_thyme2046,2026-04-01T17:45:36.000+09:00,571
n5fe6080e89b9,11861558,秋本マミ,vivid_cougar9852,2026-03-17T08:27:25.000+09:00,572
n5fe6080e89b9,11824130,りゅか,ryuka02120619,2026-03-15T16:21:26.000+09:00,119
n5fe6080e89b9,12266312,ハムカツ🐰｜命の燈を灯す人,real_crow6063,2026-03-13T20:33:19.000+09:00,459
n5fe6080e89b9,11465514,Makari｜AIイラストと副業,makari_5108010,2026-03-09T21:12:04.000+09:00,4188
n5fe6080e89b9,13586012,水瀬 零｜怪異記録編纂室,minase_rei,2026-03-05T23:47:36.000+09:00,811
n5fe6080e89b9,11563514,KUMA.,traveling_hi,2026-03-05T06:11:53.000+09:00,386
n5fe6080e89b9,12823015,クロ)熊本の小さな建設会社で働いている30代が熊本で生きていくために色々と考えるnote,kumamotzyouho102,2026-03-04T09:27:04.000+09:00,756
n5fe6080e89b9,12148391,かなで,kanade3sisters,2026-03-03T23:23:32.000+09:00,452
n5fe6080e89b9,3598618,はしゃも｜感情構造エンジニア,hasyamo,2026-03-03T23:14:02.000+09:00,347
n5fe6080e89b9,5980365,Negi Asatsuki,negi_asatsuki,2026-03-03T19:08:04.000+09:00,3277
n5fe6080e89b9,12730552,エリカが好き勝手に語るチャンネル,erikakataru,2026-03-03T18:10:45.000+09:00,295
n5fe6080e89b9,8386686,夏目 龍頭｜AI Creative Lab,shio_batapopcorn,2026-03-03T17:39:21.000+09:00,2893
n5fe6080e89b9,11225151,あおさん｜社福士のひとりごと,royal_poppy721,2026-03-03T16:42:32.000+09:00,3197
n5fe6080e89b9,13264760,情シス石田,limber_elk8518,2026-03-03T13:27:11.000+09:00,1214
n5fe6080e89b9,11279952,マイユー×生成AI×好きなことする,maiyu_x_ai,2026-03-03T11:26:37.000+09:00,1457
n5fe6080e89b9,6312735,ピナクル,modern_holly38,2026-03-03T10:01:22.000+09:00,350
n5fe6080e89b9,7580255,Kinu_AIイラスト,kinu885,2026-03-03T08:04:31.000+09:00,1360
n5fe6080e89b9,13312115,Ribbon-⋈-bon,sankasei,2026-03-03T07:53:04.000+09:00,41
n5fe6080e89b9,11092056,KOU,mamemame_aka,2026-03-03T02:49:42.000+09:00,1752
n5fe6080e89b9,9940936,葉月 れお,leo_room,2026-03-03T00:43:06.000+09:00,51
n5fe6080e89b9,4229873,こうすけ　【楽しく生きるために必要なこと】 フォロバ100,kokokosukekeke,2026-03-03T00:32:42.000+09:00,3785
n5fe6080e89b9,13770769,ゆる～くファンタジー,glad_oriole505,2026-03-03T00:23:08.000+09:00,142
n5fe6080e89b9,7841599,カケルン@HSP フォロバ100,yamaxkake,2026-03-02T23:31:10.000+09:00,2091
n5fe6080e89b9,2490558,だんだんありがと@めじゅ,dandan_arigato19,2026-03-02T23:24:33.000+09:00,184
n5fe6080e89b9,12580328,あいびより。🐾note×AI成長記,aibiyori_masusu,2026-03-02T22:56:41.000+09:00,832
n5fe6080e89b9,11266699,旅くま,tabikuma_oji,2026-03-02T22:15:45.000+09:00,1023
n5fe6080e89b9,13094187,ミナト汐　＠光と構図のアトリエ,n_kazumai55633,2026-03-02T22:14:31.000+09:00,358
n5fe6080e89b9,11361396,真宵,mayi_love,2026-03-02T22:13:19.000+09:00,1084
n5fe6080e89b9,8107746,葉月 れお,hazuki_leo,2026-03-02T20:46:03.000+09:00,74
n5fe6080e89b9,11854070,優音,quiet_dietes6721,2026-03-02T20:06:18.000+09:00,422
n5fe6080e89b9,13125356,EARTH🌎,fast_thyme336,2026-03-02T19:54:28.000+09:00,770
n5fe6080e89b9,10501974,笹原歩奈,long_panda3578,2026-03-02T19:52:39.000+09:00,102
n5fe6080e89b9,9933409,誠実に、ひたむきに,real_hare9943,2026-03-02T19:52:07.000+09:00,2621
n0c5c75c26a86,11861558,秋本マミ,vivid_cougar9852,2026-03-18T05:12:20.000+09:00,572
n0c5c75c26a86,11575561,いちごいぬ,tmits01,2026-03-15T11:14:57.000+09:00,1061
n0c5c75c26a86,9859628,あゆむ：AIキャラと暮らす日々の記録,skojisan78,2026-03-12T20:08:09.000+09:00,20
n0c5c75c26a86,12584462,びび🌷,bibi_mk,2026-03-08T21:55:25.000+09:00,1323
n0c5c75c26a86,13674942,Shirono ,whitesnow_210,2026-03-06T19:04:39.000+09:00,180
n0c5c75c26a86,535586,ペンちゃん | Gemini専門のAI絵師,tnakabe,2026-03-05T09:44:42.000+09:00,654
n0c5c75c26a86,11465514,Makari｜AIイラストと副業,makari_5108010,2026-03-05T08:42:42.000+09:00,4188
n0c5c75c26a86,13746872,導NoaのComfyUI検証ラボ｜ノード解説と実践ワークフロー,comfyakp,2026-03-03T22:56:47.000+09:00,153
n0c5c75c26a86,8960994,ようちゃん,you_ter,2026-03-03T19:17:59.000+09:00,125
n0c5c75c26a86,11901607,あやっぺ☕,lumiracle,2026-03-03T18:46:08.000+09:00,1025
n0c5c75c26a86,12766330,★cocoro★,oto0323,2026-03-02T16:13:42.000+09:00,343
n0c5c75c26a86,11279952,マイユー×生成AI×好きなことする,maiyu_x_ai,2026-03-02T12:42:18.000+09:00,1457
n0c5c75c26a86,12148391,かなで,kanade3sisters,2026-03-02T09:38:02.000+09:00,452
n0c5c75c26a86,11266699,旅くま,tabikuma_oji,2026-03-01T16:48:23.000+09:00,1023
n0c5c75c26a86,11807999,戸部アンソン（トベアンソン・とべあんそん）,31ki,2026-03-01T16:39:40.000+09:00,1062
n0c5c75c26a86,3268387,千住まいか🐇｜AIイラスト＆マーケティング,maika59,2026-03-01T13:27:53.000+09:00,3051
n0c5c75c26a86,10112499,才川　進,tasty_lotus6001,2026-03-01T08:22:16.000+09:00,665
n0c5c75c26a86,10501974,笹原歩奈,long_panda3578,2026-03-01T08:18:15.000+09:00,102
n0c5c75c26a86,4229873,こうすけ　【楽しく生きるために必要なこと】 フォロバ100,kokokosukekeke,2026-03-01T07:57:28.000+09:00,3785
n0c5c75c26a86,11092056,KOU,mamemame_aka,2026-03-01T07:52:52.000+09:00,1752
n0c5c75c26a86,13485824,HiwaMiwa｜ゼロからのAIプロンプト辞書,wkna_nt,2026-03-01T05:46:39.000+09:00,98
n0c5c75c26a86,12730552,エリカが好き勝手に語るチャンネル,erikakataru,2026-03-01T02:03:24.000+09:00,295
n0c5c75c26a86,13278970,AIちゃん@ゼロから始めるAIイラスト収益化,ai_labo_chan,2026-03-01T01:53:00.000+09:00,555
n0c5c75c26a86,13540254,水鶏姫猫,joyous_quoll8288,2026-02-28T23:26:24.000+09:00,18
n0c5c75c26a86,13312115,Ribbon-⋈-bon,sankasei,2026-02-28T22:45:59.000+09:00,41
n0c5c75c26a86,11395794,零ぴちゅ。,reipichu,2026-02-28T22:44:08.000+09:00,3006
n0c5c75c26a86,13094187,ミナト汐　＠光と構図のアトリエ,n_kazumai55633,2026-02-28T21:03:47.000+09:00,358
n0c5c75c26a86,9940936,葉月 れお,leo_room,2026-02-28T20:54:06.000+09:00,51
n0c5c75c26a86,8107746,葉月 れお,hazuki_leo,2026-02-28T20:00:50.000+09:00,74
n0c5c75c26a86,12266312,ハムカツ🐰｜命の燈を灯す人,real_crow6063,2026-02-28T19:48:33.000+09:00,459
n0c5c75c26a86,11850733,Mariya,mariya_1225,2026-02-28T19:40:00.000+09:00,1006
n0c5c75c26a86,7580255,Kinu_AIイラスト,kinu885,2026-02-28T19:30:04.000+09:00,1360
n0c5c75c26a86,13125356,EARTH🌎,fast_thyme336,2026-02-28T19:29:24.000+09:00,770
nb8248ebf0b37,11861558,秋本マミ,vivid_cougar9852,2026-03-28T11:21:06.000+09:00,572
nb8248ebf0b37,7580255,Kinu_AIイラスト,kinu885,2026-03-12T06:35:03.000+09:00,1360
nb8248ebf0b37,11266699,旅くま,tabikuma_oji,2026-03-10T06:20:05.000+09:00,1023
nb8248ebf0b37,13898017,FiXAI,fixai00001,2026-03-08T14:31:50.000+09:00,57
nb8248ebf0b37,12521570,しろのある,shirono_aru,2026-03-06T09:04:25.000+09:00,3505
nb8248ebf0b37,12141715,芽乃葉✨️AIといっしょに創る,maynoha,2026-02-28T16:00:11.000+09:00,422
nb8248ebf0b37,8386686,夏目 龍頭｜AI Creative Lab,shio_batapopcorn,2026-02-28T13:44:47.000+09:00,2893
nb8248ebf0b37,11561590,かえるこ,serene_pansy617,2026-02-26T21:57:46.000+09:00,3294
nb8248ebf0b37,12637399,ささにん,sasanin_0,2026-02-26T12:41:02.000+09:00,171
nb8248ebf0b37,12766330,★cocoro★,oto0323,2026-02-25T13:34:41.000+09:00,343
nb8248ebf0b37,3268387,千住まいか🐇｜AIイラスト＆マーケティング,maika59,2026-02-25T08:29:12.000+09:00,3051
nb8248ebf0b37,11850733,Mariya,mariya_1225,2026-02-24T20:48:36.000+09:00,1006
nb8248ebf0b37,10887379,AI学習コーチAKIRA,ai_yokai_master,2026-02-24T20:25:00.000+09:00,367
nb8248ebf0b37,12229510,ささお,sasao_66,2026-02-24T19:22:43.000+09:00,781
nb8248ebf0b37,11469183,大阪再生医療クリニック@セルグランクリニック(若林雄一),cellgrandclinic,2026-02-24T17:23:58.000+09:00,5757
nb8248ebf0b37,13162269,AI生成設計ログ,totto_1413,2026-02-24T13:29:17.000+09:00,2
nb8248ebf0b37,13798041,魔神くろTIKTOK,kurochatiktok,2026-02-24T12:18:19.000+09:00,44
nb8248ebf0b37,12450233,片麻痺の無料有益情報発信,katamahi,2026-02-24T10:50:18.000+09:00,764
nb8248ebf0b37,11465514,Makari｜AIイラストと副業,makari_5108010,2026-02-24T06:48:51.000+09:00,4188
nb8248ebf0b37,11742994,薄紫もと　,fresh_loris1944,2026-02-24T05:16:40.000+09:00,2895
nb8248ebf0b37,11092056,KOU,mamemame_aka,2026-02-24T03:51:27.000+09:00,1752
nb8248ebf0b37,4229873,こうすけ　【楽しく生きるために必要なこと】 フォロバ100,kokokosukekeke,2026-02-24T00:46:31.000+09:00,3785
nb8248ebf0b37,12730552,エリカが好き勝手に語るチャンネル,erikakataru,2026-02-24T00:16:12.000+09:00,295
nb8248ebf0b37,9940936,葉月 れお,leo_room,2026-02-23T23:26:53.000+09:00,51
nb8248ebf0b37,11279952,マイユー×生成AI×好きなことする,maiyu_x_ai,2026-02-23T23:13:02.000+09:00,1457
nb8248ebf0b37,13312115,Ribbon-⋈-bon,sankasei,2026-02-23T23:05:06.000+09:00,41
nb8248ebf0b37,12580328,あいびより。🐾note×AI成長記,aibiyori_masusu,2026-02-23T20:52:07.000+09:00,832
nb8248ebf0b37,8107746,葉月 れお,hazuki_leo,2026-02-23T20:31:15.000+09:00,74
nb8248ebf0b37,7841599,カケルン@HSP フォロバ100,yamaxkake,2026-02-23T20:01:27.000+09:00,2091
nb8248ebf0b37,13094187,ミナト汐　＠光と構図のアトリエ,n_kazumai55633,2026-02-23T19:48:34.000+09:00,358
nb8248ebf0b37,12266312,ハムカツ🐰｜命の燈を灯す人,real_crow6063,2026-02-23T19:39:32.000+09:00,459
nb8248ebf0b37,13125356,EARTH🌎,fast_thyme336,2026-02-23T19:35:34.000+09:00,770
nb8248ebf0b37,12197172,緑どんぐり,green_donguri,2026-02-23T19:31:09.000+09:00,1162
nb8248ebf0b37,10501974,笹原歩奈,long_panda3578,2026-02-23T19:14:43.000+09:00,102
nb8248ebf0b37,11139334,akari　（論理的レシピ研究）,_alstroemeria_,2026-02-23T19:11:01.000+09:00,502
n0eb2d6020495,7580255,Kinu_AIイラスト,kinu885,2026-03-25T08:43:25.000+09:00,1360
n0eb2d6020495,7683336,千葉埼玉横浜東京出会いＬＩＮＥ社会人サークル,good_serval986,2026-03-04T02:33:46.000+09:00,470
n0eb2d6020495,11850733,Mariya,mariya_1225,2026-02-24T20:49:45.000+09:00,1006
n0eb2d6020495,1491034,ぽけご｜AI記事に“魂”を宿すプロンプト設計術,pokego_ai,2026-02-24T18:01:42.000+09:00,1640
n0eb2d6020495,11742994,薄紫もと　,fresh_loris1944,2026-02-24T05:17:04.000+09:00,2895
n0eb2d6020495,12229510,ささお,sasao_66,2026-02-23T19:01:50.000+09:00,781
n0eb2d6020495,11628530,癒しのアリス🎈癒しの国の盟主│フォロバ100%,n_alice1341,2026-02-23T12:42:32.000+09:00,2871
n0eb2d6020495,11854070,優音,quiet_dietes6721,2026-02-23T10:19:50.000+09:00,422
n0eb2d6020495,13312115,Ribbon-⋈-bon,sankasei,2026-02-23T04:50:05.000+09:00,41
n0eb2d6020495,11092056,KOU,mamemame_aka,2026-02-23T03:59:43.000+09:00,1752
n0eb2d6020495,12730552,エリカが好き勝手に語るチャンネル,erikakataru,2026-02-23T03:36:40.000+09:00,295
n0eb2d6020495,4229873,こうすけ　【楽しく生きるために必要なこと】 フォロバ100,kokokosukekeke,2026-02-23T01:06:36.000+09:00,3785
n0eb2d6020495,13094187,ミナト汐　＠光と構図のアトリエ,n_kazumai55633,2026-02-23T01:01:47.000+09:00,358
n0eb2d6020495,9378,モーリス・ブルー,mauriceblue,2026-02-22T23:34:54.000+09:00,225
n0eb2d6020495,9940936,葉月 れお,leo_room,2026-02-22T23:20:08.000+09:00,51
n0eb2d6020495,8107746,葉月 れお,hazuki_leo,2026-02-22T20:47:15.000+09:00,74
n0eb2d6020495,12873695,Rio,26keio_dai,2026-02-22T20:17:58.000+09:00,1032
n0eb2d6020495,7841599,カケルン@HSP フォロバ100,yamaxkake,2026-02-22T19:54:10.000+09:00,2091
n0eb2d6020495,12551267,のむのむ（AIと雑談してる人）,quick_ivy5798,2026-02-22T19:37:30.000+09:00,249
n0eb2d6020495,4859491,スイッチくん🐻🌸 │ 自作LLMを趣味で、開発🌈,switchkun_2103,2026-02-22T19:32:28.000+09:00,549
n0eb2d6020495,12266312,ハムカツ🐰｜命の燈を灯す人,real_crow6063,2026-02-22T19:32:27.000+09:00,459
n0eb2d6020495,13125356,EARTH🌎,fast_thyme336,2026-02-22T19:32:18.000+09:00,770
n0eb2d6020495,10501974,笹原歩奈,long_panda3578,2026-02-22T19:29:05.000+09:00,102
n0eb2d6020495,9933409,誠実に、ひたむきに,real_hare9943,2026-02-22T19:27:48.000+09:00,2621
n66cd209bcdc6,11861558,秋本マミ,vivid_cougar9852,2026-03-21T14:41:29.000+09:00,572
n66cd209bcdc6,12141715,芽乃葉✨️AIといっしょに創る,maynoha,2026-02-28T15:57:45.000+09:00,422
n66cd209bcdc6,11854070,優音,quiet_dietes6721,2026-02-24T20:45:17.000+09:00,422
n66cd209bcdc6,5774182,ＨＥＫＯ＠子育て奮闘中！！,tasty_beetle97,2026-02-23T05:49:32.000+09:00,210
n66cd209bcdc6,7841599,カケルン@HSP フォロバ100,yamaxkake,2026-02-22T19:54:35.000+09:00,2091
n66cd209bcdc6,13785827,minami,unique_panda2928,2026-02-22T19:04:39.000+09:00,4
n66cd209bcdc6,3137486,ホリスティック獣医Sara,holisticvet_sara,2026-02-22T16:57:42.000+09:00,267
n66cd209bcdc6,12141668,おくりばんと🎈,ocuribunt,2026-02-22T16:37:43.000+09:00,1595
n66cd209bcdc6,12766330,★cocoro★,oto0323,2026-02-22T12:58:03.000+09:00,343
n66cd209bcdc6,1324138,聞き流し中学受験RADIO,jukenai,2026-02-22T12:42:42.000+09:00,97
n66cd209bcdc6,5398412,政経ハルマゲドンカレー！フォロバ100！喪中の為暫く休止,maxpotency,2026-02-22T11:42:42.000+09:00,3827
n66cd209bcdc6,10963048,rika🌷,meina_rikamizuki,2026-02-22T11:13:32.000+09:00,636
n66cd209bcdc6,13674942,Shirono ,whitesnow_210,2026-02-22T08:23:19.000+09:00,180
n66cd209bcdc6,12266312,ハムカツ🐰｜命の燈を灯す人,real_crow6063,2026-02-22T07:57:55.000+09:00,459
n66cd209bcdc6,11092056,KOU,mamemame_aka,2026-02-22T07:06:39.000+09:00,1752
n66cd209bcdc6,1844626,しゅんちゃん｜フォロバ93.25％（理想値）,psychicer4972,2026-02-22T06:03:29.000+09:00,1660
n66cd209bcdc6,13094187,ミナト汐　＠光と構図のアトリエ,n_kazumai55633,2026-02-22T00:54:23.000+09:00,358
n66cd209bcdc6,9940936,葉月 れお,leo_room,2026-02-21T23:52:38.000+09:00,51
n66cd209bcdc6,13125356,EARTH🌎,fast_thyme336,2026-02-21T21:10:22.000+09:00,770
n66cd209bcdc6,8107746,葉月 れお,hazuki_leo,2026-02-21T20:36:06.000+09:00,74
n66cd209bcdc6,10501974,笹原歩奈,long_panda3578,2026-02-21T19:56:20.000+09:00,102
n66cd209bcdc6,13312115,Ribbon-⋈-bon,sankasei,2026-02-21T19:54:05.000+09:00,41
n66cd209bcdc6,12730552,エリカが好き勝手に語るチャンネル,erikakataru,2026-02-21T19:44:10.000+09:00,295
n66cd209bcdc6,11395794,零ぴちゅ。,reipichu,2026-02-21T19:43:54.000+09:00,3006
n66cd209bcdc6,11465514,Makari｜AIイラストと副業,makari_5108010,2026-02-21T19:37:08.000+09:00,4188
nd5dc6f03c495,7580255,Kinu_AIイラスト,kinu885,2026-03-25T08:43:13.000+09:00,1360
nd5dc6f03c495,12141715,芽乃葉✨️AIといっしょに創る,maynoha,2026-02-28T15:58:29.000+09:00,422
nd5dc6f03c495,13662841,光合成をするAYA,aya_no_sekai,2026-02-21T19:35:08.000+09:00,14
nd5dc6f03c495,11957013,picko,alpacako,2026-02-21T15:26:05.000+09:00,673
nd5dc6f03c495,8386686,夏目 龍頭｜AI Creative Lab,shio_batapopcorn,2026-02-21T13:03:30.000+09:00,2893
nd5dc6f03c495,3268387,千住まいか🐇｜AIイラスト＆マーケティング,maika59,2026-02-19T22:37:18.000+09:00,3051
nd5dc6f03c495,11279952,マイユー×生成AI×好きなことする,maiyu_x_ai,2026-02-17T22:28:13.000+09:00,1457
nd5dc6f03c495,11854070,優音,quiet_dietes6721,2026-02-17T21:25:38.000+09:00,422
nd5dc6f03c495,11465514,Makari｜AIイラストと副業,makari_5108010,2026-02-17T19:40:44.000+09:00,4188
nd5dc6f03c495,1717442,東風,tamayura_404,2026-02-17T11:04:17.000+09:00,487
nd5dc6f03c495,11433130,Amica｜海外チャットレディ事務所｜まお,amica_chatlady,2026-02-16T15:29:05.000+09:00,284
nd5dc6f03c495,12325997,マイ＠AIと楽しむライター,maiwriter05,2026-02-16T15:04:05.000+09:00,40
nd5dc6f03c495,1844626,しゅんちゃん｜フォロバ93.25％（理想値）,psychicer4972,2026-02-16T12:08:21.000+09:00,1660
nd5dc6f03c495,11092056,KOU,mamemame_aka,2026-02-16T03:13:31.000+09:00,1752
nd5dc6f03c495,12730552,エリカが好き勝手に語るチャンネル,erikakataru,2026-02-16T00:29:23.000+09:00,295
nd5dc6f03c495,9940936,葉月 れお,leo_room,2026-02-16T00:07:29.000+09:00,51
nd5dc6f03c495,11266699,旅くま,tabikuma_oji,2026-02-15T23:46:13.000+09:00,1023
nd5dc6f03c495,11395794,零ぴちゅ。,reipichu,2026-02-15T23:05:12.000+09:00,3006
nd5dc6f03c495,13312115,Ribbon-⋈-bon,sankasei,2026-02-15T21:26:37.000+09:00,41
nd5dc6f03c495,11361396,真宵,mayi_love,2026-02-15T21:24:08.000+09:00,1084
nd5dc6f03c495,8107746,葉月 れお,hazuki_leo,2026-02-15T19:25:45.000+09:00,74
nd5dc6f03c495,12266312,ハムカツ🐰｜命の燈を灯す人,real_crow6063,2026-02-15T17:35:57.000+09:00,459
nd5dc6f03c495,7841599,カケルン@HSP フォロバ100,yamaxkake,2026-02-15T17:32:41.000+09:00,2091
nd5dc6f03c495,10501974,笹原歩奈,long_panda3578,2026-02-15T17:27:41.000+09:00,102
n94e3084a9257,11861558,秋本マミ,vivid_cougar9852,2026-03-21T14:41:30.000+09:00,572
n94e3084a9257,11957013,picko,alpacako,2026-02-21T15:26:07.000+09:00,673
n94e3084a9257,12266312,ハムカツ🐰｜命の燈を灯す人,real_crow6063,2026-02-15T17:36:41.000+09:00,459
n94e3084a9257,12580328,あいびより。🐾note×AI成長記,aibiyori_masusu,2026-02-15T17:32:48.000+09:00,832
n94e3084a9257,12325997,マイ＠AIと楽しむライター,maiwriter05,2026-02-15T11:17:17.000+09:00,40
n94e3084a9257,7497346,"ふうた🌟50代からの""HAPPY-2ND-LIFE""",tangstream,2026-02-15T09:02:47.000+09:00,5262
n94e3084a9257,11092056,KOU,mamemame_aka,2026-02-15T07:25:18.000+09:00,1752
n94e3084a9257,11563514,KUMA.,traveling_hi,2026-02-15T06:43:31.000+09:00,386
n94e3084a9257,12730552,エリカが好き勝手に語るチャンネル,erikakataru,2026-02-15T03:25:38.000+09:00,295
n94e3084a9257,3268387,千住まいか🐇｜AIイラスト＆マーケティング,maika59,2026-02-15T01:18:57.000+09:00,3051
n94e3084a9257,9940936,葉月 れお,leo_room,2026-02-15T00:20:10.000+09:00,51
n94e3084a9257,8107746,葉月 れお,hazuki_leo,2026-02-15T00:08:40.000+09:00,74
n94e3084a9257,11742994,薄紫もと　,fresh_loris1944,2026-02-14T22:27:41.000+09:00,2895
n94e3084a9257,13094187,ミナト汐　＠光と構図のアトリエ,n_kazumai55633,2026-02-14T22:11:01.000+09:00,358
n94e3084a9257,13312115,Ribbon-⋈-bon,sankasei,2026-02-14T20:40:14.000+09:00,41
n94e3084a9257,7841599,カケルン@HSP フォロバ100,yamaxkake,2026-02-14T19:48:03.000+09:00,2091
n94e3084a9257,11907561,AI紳士,shinsi_ai,2026-02-14T19:39:11.000+09:00,174
n94e3084a9257,7930341,水瀬シナノ｜AIと遊ぶライター,good_daisy848,2026-02-14T19:39:08.000+09:00,76
n94e3084a9257,10501974,笹原歩奈,long_panda3578,2026-02-14T19:30:46.000+09:00,102
n94e3084a9257,4859491,スイッチくん🐻🌸 │ 自作LLMを趣味で、開発🌈,switchkun_2103,2026-02-14T19:28:54.000+09:00,549
n94e3084a9257,11395794,零ぴちゅ。,reipichu,2026-02-14T19:28:38.000+09:00,3006
necb23610f9d0,8873116,アプリ開発委員会,kaihatuiinkai,2026-03-11T08:09:33.000+09:00,19
necb23610f9d0,592117,紘野 流　Hirono Nagaru,hirono3,2026-03-10T21:41:49.000+09:00,327
necb23610f9d0,11583083,夏目羊,hitsuji_natsume,2026-02-27T16:07:14.000+09:00,1187
necb23610f9d0,13711688,1rec.record,1recrecord,2026-02-15T17:01:55.000+09:00,55
necb23610f9d0,12141715,芽乃葉✨️AIといっしょに創る,maynoha,2026-02-14T16:58:11.000+09:00,422
necb23610f9d0,11290180,みらい @ AIイラスト＆ポエム,kyoko_saigen,2026-02-14T16:35:41.000+09:00,314
necb23610f9d0,11860643,さくらん,sakuran12,2026-02-14T00:46:18.000+09:00,818
necb23610f9d0,11861558,秋本マミ,vivid_cougar9852,2026-02-11T18:52:33.000+09:00,572
necb23610f9d0,11465514,Makari｜AIイラストと副業,makari_5108010,2026-02-10T06:45:38.000+09:00,4188
necb23610f9d0,11395794,零ぴちゅ。,reipichu,2026-02-10T06:15:36.000+09:00,3006
necb23610f9d0,11279952,マイユー×生成AI×好きなことする,maiyu_x_ai,2026-02-09T22:33:00.000+09:00,1457
necb23610f9d0,3519578,AIスチルワークス,rakuraku0147,2026-02-09T07:29:30.000+09:00,373
necb23610f9d0,11176077,pon｜AIイラスト・副業,mild_bee2734,2026-02-09T05:27:16.000+09:00,1527
necb23610f9d0,11092056,KOU,mamemame_aka,2026-02-09T05:21:59.000+09:00,1752
necb23610f9d0,12730552,エリカが好き勝手に語るチャンネル,erikakataru,2026-02-08T23:57:31.000+09:00,295
necb23610f9d0,13312115,Ribbon-⋈-bon,sankasei,2026-02-08T21:39:29.000+09:00,41
necb23610f9d0,1844626,しゅんちゃん｜フォロバ93.25％（理想値）,psychicer4972,2026-02-08T21:16:36.000+09:00,1660
necb23610f9d0,6843325,ゆを｜中学の課題に奮闘中🪽,tibi_kuri,2026-02-08T21:10:26.000+09:00,539
necb23610f9d0,3608968,KITAcore｜キタコレ＠ログプレイヤー,ktcrs1107,2026-02-08T21:06:55.000+09:00,1030
necb23610f9d0,8107746,葉月 れお,hazuki_leo,2026-02-08T20:00:46.000+09:00,74
necb23610f9d0,9940936,葉月 れお,leo_room,2026-02-08T19:57:11.000+09:00,51
necb23610f9d0,12551267,のむのむ（AIと雑談してる人）,quick_ivy5798,2026-02-08T19:56:36.000+09:00,249
necb23610f9d0,10501974,笹原歩奈,long_panda3578,2026-02-08T19:14:22.000+09:00,102
necb23610f9d0,13125356,EARTH🌎,fast_thyme336,2026-02-08T18:39:23.000+09:00,770
nc35268ed36c7,12141715,芽乃葉✨️AIといっしょに創る,maynoha,2026-02-28T15:59:15.000+09:00,422
nc35268ed36c7,11583083,夏目羊,hitsuji_natsume,2026-02-27T16:02:59.000+09:00,1187
nc35268ed36c7,3519578,AIスチルワークス,rakuraku0147,2026-02-09T07:30:37.000+09:00,373
nc35268ed36c7,3306374,みぐ / 歴史の真実を未来へ / ,mighir726,2026-02-08T19:51:25.000+09:00,519
nc35268ed36c7,13563097,あんみつ,manzokufight32,2026-02-08T16:23:38.000+09:00,458
nc35268ed36c7,11176077,pon｜AIイラスト・副業,mild_bee2734,2026-02-08T14:50:13.000+09:00,1527
nc35268ed36c7,12616838,しゃるちゃん,nt_syal,2026-02-08T09:36:07.000+09:00,490
nc35268ed36c7,8004096,"和田大貴｜""PhoenixFlame""",daiki_wada50453,2026-02-08T05:37:00.000+09:00,4452
nc35268ed36c7,11092056,KOU,mamemame_aka,2026-02-08T04:25:32.000+09:00,1752
nc35268ed36c7,13312115,Ribbon-⋈-bon,sankasei,2026-02-08T03:14:55.000+09:00,41
nc35268ed36c7,12730552,エリカが好き勝手に語るチャンネル,erikakataru,2026-02-08T01:31:38.000+09:00,295
nc35268ed36c7,9940936,葉月 れお,leo_room,2026-02-08T00:21:23.000+09:00,51
nc35268ed36c7,11361396,真宵,mayi_love,2026-02-07T22:41:44.000+09:00,1084
nc35268ed36c7,11395794,零ぴちゅ。,reipichu,2026-02-07T20:38:38.000+09:00,3006
nc35268ed36c7,8107746,葉月 れお,hazuki_leo,2026-02-07T19:23:20.000+09:00,74
nc35268ed36c7,10501974,笹原歩奈,long_panda3578,2026-02-07T19:06:39.000+09:00,102
nc35268ed36c7,13125356,EARTH🌎,fast_thyme336,2026-02-07T18:47:09.000+09:00,770
nc35268ed36c7,9933409,誠実に、ひたむきに,real_hare9943,2026-02-07T18:43:54.000+09:00,2621
nc35268ed36c7,4775025,2児パパ@スキマ時間活用術,note_2zipapa,2026-02-07T18:35:15.000+09:00,5033
nc35268ed36c7,12240865,「AI政経ラボ」～カツラとユイの未来分析～：UTAMARO,ensuikakunin,2026-02-07T18:22:35.000+09:00,369
n750b45fcb313,13914607,あにちゃん。│アニメ紹介│フォロバ100,animechannel,2026-04-02T16:18:30.000+09:00,699
n750b45fcb313,11861558,秋本マミ,vivid_cougar9852,2026-02-11T18:52:35.000+09:00,572
n750b45fcb313,7580255,Kinu_AIイラスト,kinu885,2026-02-03T22:10:46.000+09:00,1360
n750b45fcb313,4229873,こうすけ　【楽しく生きるために必要なこと】 フォロバ100,kokokosukekeke,2026-02-03T01:39:56.000+09:00,3785
n750b45fcb313,11266699,旅くま,tabikuma_oji,2026-02-02T22:22:13.000+09:00,1023
n750b45fcb313,5230260,りんくす@AI人格コーディネーター,links_lt,2026-02-02T20:18:00.000+09:00,11458
n750b45fcb313,12229510,ささお,sasao_66,2026-02-02T19:16:14.000+09:00,781
n750b45fcb313,7831060,アイちゃん@えとむす辰,aichan366,2026-02-02T07:25:07.000+09:00,110
n750b45fcb313,11092056,KOU,mamemame_aka,2026-02-02T02:03:47.000+09:00,1752
n750b45fcb313,10380297,/WoKoERu,wokoeru,2026-02-02T00:42:31.000+09:00,434
n750b45fcb313,4889329,ママンマフィン,mamanmafin,2026-02-01T22:43:05.000+09:00,333
n750b45fcb313,9282525,建从,fresh_racoon3036,2026-02-01T20:51:22.000+09:00,540
n750b45fcb313,11395794,零ぴちゅ。,reipichu,2026-02-01T16:54:42.000+09:00,3006
n750b45fcb313,12078625,スイ🎨Sui_ai_drawing,sui_ai_drawing,2026-02-01T16:20:29.000+09:00,2984
n750b45fcb313,8469328,wonder11,lucky_marten236,2026-02-01T07:30:07.000+09:00,1240
n750b45fcb313,12730552,エリカが好き勝手に語るチャンネル,erikakataru,2026-02-01T05:28:59.000+09:00,295
n750b45fcb313,12312513,クイズ大好きっ子,ready_jaguar8617,2026-01-31T23:54:07.000+09:00,468
n750b45fcb313,9940936,葉月 れお,leo_room,2026-01-31T23:07:54.000+09:00,51
n750b45fcb313,12955169,朝刊ハッピー占い☀️今日の「推し」はどの星座？,open_fortune12,2026-01-31T22:17:31.000+09:00,340
n750b45fcb313,10431177,水晶ゆめ🔮元占い師ライター・AIアートクリエイター,yume_suisho,2026-01-31T21:22:12.000+09:00,5076
n750b45fcb313,3608968,KITAcore｜キタコレ＠ログプレイヤー,ktcrs1107,2026-01-31T21:17:52.000+09:00,1030
n750b45fcb313,8107746,葉月 れお,hazuki_leo,2026-01-31T21:04:24.000+09:00,74
n750b45fcb313,11583083,夏目羊,hitsuji_natsume,2026-01-31T20:39:23.000+09:00,1187
n750b45fcb313,12197172,緑どんぐり,green_donguri,2026-01-31T20:38:00.000+09:00,1162
n750b45fcb313,11465514,Makari｜AIイラストと副業,makari_5108010,2026-01-31T20:12:43.000+09:00,4188
n750b45fcb313,13431105,あい♥@生成AIイラスト,ai_ai0919,2026-01-31T19:27:14.000+09:00,400
n750b45fcb313,8386686,夏目 龍頭｜AI Creative Lab,shio_batapopcorn,2026-01-31T19:05:18.000+09:00,2893
n750b45fcb313,13342704,おじ with AI,oji_with_ai,2026-01-31T19:00:48.000+09:00,1832
n750b45fcb313,11831678,温,uzuyanurp,2026-01-31T18:42:41.000+09:00,523
n750b45fcb313,10501974,笹原歩奈,long_panda3578,2026-01-31T18:41:30.000+09:00,102
n664560a07c5c,12055224,こあら@SeaArt×イラストプロンプト毎日発信,aibento,2026-03-11T09:18:01.000+09:00,1346
n664560a07c5c,11266699,旅くま,tabikuma_oji,2026-02-03T00:22:18.000+09:00,1023
n664560a07c5c,11583083,夏目羊,hitsuji_natsume,2026-02-01T00:19:29.000+09:00,1187
n664560a07c5c,12244338,ひまなマル：絵本漫画＆エッセイ,himanamaru,2026-01-31T10:21:44.000+09:00,1769
n664560a07c5c,8386686,夏目 龍頭｜AI Creative Lab,shio_batapopcorn,2026-01-30T17:18:31.000+09:00,2893
n664560a07c5c,11742994,薄紫もと　,fresh_loris1944,2026-01-30T13:21:38.000+09:00,2895
n664560a07c5c,7547534,メイシン,mei_shin,2026-01-30T08:42:02.000+09:00,3865
n664560a07c5c,7580255,Kinu_AIイラスト,kinu885,2026-01-30T00:00:51.000+09:00,1360
n664560a07c5c,12838875,crimson04,crimson04,2026-01-29T15:57:35.000+09:00,283
n664560a07c5c,11854070,優音,quiet_dietes6721,2026-01-28T19:16:41.000+09:00,422
n664560a07c5c,11465514,Makari｜AIイラストと副業,makari_5108010,2026-01-27T19:21:46.000+09:00,4188
n664560a07c5c,6248931,SuicaLovin スイカ ラヴィン🐇💖🕊️Suicaの新しいキャラクター候補,suicalovin,2026-01-27T14:29:05.000+09:00,1452
n664560a07c5c,12730552,エリカが好き勝手に語るチャンネル,erikakataru,2026-01-26T00:57:59.000+09:00,295
n664560a07c5c,9940936,葉月 れお,leo_room,2026-01-25T23:38:42.000+09:00,51
n664560a07c5c,3519578,AIスチルワークス,rakuraku0147,2026-01-25T23:15:16.000+09:00,373
n664560a07c5c,598313,むぎ屋@生成AI×仕事,mugimugi92,2026-01-25T22:21:59.000+09:00,3576
n664560a07c5c,12355770,星ママ | AI×主婦,hoshimama3,2026-01-25T21:39:52.000+09:00,1033
n664560a07c5c,13217153,元・失敗投資家の長期投資術,legal_coot9956,2026-01-25T21:08:43.000+09:00,527
n664560a07c5c,8107746,葉月 れお,hazuki_leo,2026-01-25T20:36:54.000+09:00,74
n664560a07c5c,13431105,あい♥@生成AIイラスト,ai_ai0919,2026-01-25T20:36:53.000+09:00,400
n664560a07c5c,12197172,緑どんぐり,green_donguri,2026-01-25T20:19:32.000+09:00,1162
n664560a07c5c,11361396,真宵,mayi_love,2026-01-25T20:00:05.000+09:00,1084
n664560a07c5c,13024791,柾しの,shinya0117,2026-01-25T19:50:28.000+09:00,232
n664560a07c5c,10501974,笹原歩奈,long_panda3578,2026-01-25T19:39:01.000+09:00,102
nbcdef3ca8056,7952619,楓夏,fuuka_0203,2026-02-06T16:14:20.000+09:00,491
nbcdef3ca8056,13162655,生成AI(無料範囲で)を頑張る初心者老人,merry_moraea681,2026-02-04T22:51:53.000+09:00,195
nbcdef3ca8056,12244338,ひまなマル：絵本漫画＆エッセイ,himanamaru,2026-01-31T10:21:50.000+09:00,1769
nbcdef3ca8056,11995700,赤髪のあかり✨️創作×記事紹介サポート,akari_seaart,2026-01-31T08:01:32.000+09:00,5293
nbcdef3ca8056,11744967,YutoUT丨AI×創作,9661_yutout,2026-01-30T20:38:13.000+09:00,500
nbcdef3ca8056,12078625,スイ🎨Sui_ai_drawing,sui_ai_drawing,2026-01-29T17:39:04.000+09:00,2984
nbcdef3ca8056,12637399,ささにん,sasanin_0,2026-01-29T17:38:36.000+09:00,171
nbcdef3ca8056,11861558,秋本マミ,vivid_cougar9852,2026-01-28T19:09:44.000+09:00,572
nbcdef3ca8056,11948969,〜,astro_momo,2026-01-25T22:31:26.000+09:00,0
nbcdef3ca8056,11742994,薄紫もと　,fresh_loris1944,2026-01-25T15:50:01.000+09:00,2895
nbcdef3ca8056,11583083,夏目羊,hitsuji_natsume,2026-01-25T13:38:32.000+09:00,1187
nbcdef3ca8056,7831060,アイちゃん@えとむす辰,aichan366,2026-01-25T09:48:24.000+09:00,110
nbcdef3ca8056,11092056,KOU,mamemame_aka,2026-01-25T04:02:11.000+09:00,1752
nbcdef3ca8056,8033422,草野 紀親,kusano_d_manage,2026-01-25T03:59:28.000+09:00,1275
nbcdef3ca8056,12730552,エリカが好き勝手に語るチャンネル,erikakataru,2026-01-25T03:23:31.000+09:00,295
nbcdef3ca8056,9940936,葉月 れお,leo_room,2026-01-24T23:35:11.000+09:00,51
nbcdef3ca8056,3519578,AIスチルワークス,rakuraku0147,2026-01-24T21:50:45.000+09:00,373
nbcdef3ca8056,8107746,葉月 れお,hazuki_leo,2026-01-24T19:53:57.000+09:00,74
nbcdef3ca8056,10501974,笹原歩奈,long_panda3578,2026-01-24T19:19:58.000+09:00,102
nbcdef3ca8056,7883923,N Toshio,nisis,2026-01-24T19:09:19.000+09:00,83
nbcdef3ca8056,13125356,EARTH🌎,fast_thyme336,2026-01-24T19:06:59.000+09:00,770
nbcdef3ca8056,3598618,はしゃも｜感情構造エンジニア,hasyamo,2026-01-24T18:57:40.000+09:00,347
nbcdef3ca8056,11258401,u.m.a.u.m.a【飲食店経営×生成AI】,witty_ixora1236,2026-01-24T18:56:41.000+09:00,486
nbcdef3ca8056,11395794,零ぴちゅ。,reipichu,2026-01-24T18:45:33.000+09:00,3006
nbcdef3ca8056,13024791,柾しの,shinya0117,2026-01-24T18:43:07.000+09:00,232
n0e3656dc86f8,6111274,まこさん,prometheus1966,2026-02-09T05:48:27.000+09:00,989
n0e3656dc86f8,11583083,夏目羊,hitsuji_natsume,2026-01-25T13:38:00.000+09:00,1187
n0e3656dc86f8,911380,ちょぼ先生＠元高校理科教諭,chobosensei86,2026-01-24T17:06:34.000+09:00,684
n0e3656dc86f8,11957013,picko,alpacako,2026-01-22T19:52:33.000+09:00,673
n0e3656dc86f8,11969740,コジマ(最新AI情報を毎日お届け),kojima_product,2026-01-20T15:41:53.000+09:00,1376
n0e3656dc86f8,12148391,かなで,kanade3sisters,2026-01-19T13:44:43.000+09:00,452
n0e3656dc86f8,11465514,Makari｜AIイラストと副業,makari_5108010,2026-01-19T08:40:07.000+09:00,4188
n0e3656dc86f8,11742994,薄紫もと　,fresh_loris1944,2026-01-19T07:46:48.000+09:00,2895
n0e3656dc86f8,11092056,KOU,mamemame_aka,2026-01-19T01:45:54.000+09:00,1752
n0e3656dc86f8,6719224,市原孝,ichi2022,2026-01-19T00:17:57.000+09:00,474
n0e3656dc86f8,12730552,エリカが好き勝手に語るチャンネル,erikakataru,2026-01-18T22:07:28.000+09:00,295
n0e3656dc86f8,8107746,葉月 れお,hazuki_leo,2026-01-18T21:06:11.000+09:00,74
n0e3656dc86f8,9940936,葉月 れお,leo_room,2026-01-18T21:05:32.000+09:00,51
n0e3656dc86f8,1717442,東風,tamayura_404,2026-01-18T20:03:08.000+09:00,487
n0e3656dc86f8,11831678,温,uzuyanurp,2026-01-18T19:48:09.000+09:00,523
n0e3656dc86f8,3608968,KITAcore｜キタコレ＠ログプレイヤー,ktcrs1107,2026-01-18T18:37:11.000+09:00,1030
n0e3656dc86f8,11361396,真宵,mayi_love,2026-01-18T18:13:18.000+09:00,1084
n0e3656dc86f8,10501974,笹原歩奈,long_panda3578,2026-01-18T18:08:11.000+09:00,102
neef78b359c1a,11854070,優音,quiet_dietes6721,2026-01-21T19:50:51.000+09:00,422
neef78b359c1a,12730552,エリカが好き勝手に語るチャンネル,erikakataru,2026-01-18T22:08:20.000+09:00,295
neef78b359c1a,12078625,スイ🎨Sui_ai_drawing,sui_ai_drawing,2026-01-18T20:26:52.000+09:00,2984
neef78b359c1a,12838875,crimson04,crimson04,2026-01-18T19:13:24.000+09:00,283
neef78b359c1a,11957013,picko,alpacako,2026-01-18T15:09:48.000+09:00,673
neef78b359c1a,7831060,アイちゃん@えとむす辰,aichan366,2026-01-18T13:42:10.000+09:00,110
neef78b359c1a,11092056,KOU,mamemame_aka,2026-01-18T10:09:47.000+09:00,1752
neef78b359c1a,11395794,零ぴちゅ。,reipichu,2026-01-18T07:06:28.000+09:00,3006
neef78b359c1a,11583083,夏目羊,hitsuji_natsume,2026-01-18T02:29:42.000+09:00,1187
neef78b359c1a,13024791,柾しの,shinya0117,2026-01-17T22:15:27.000+09:00,232
neef78b359c1a,12584462,びび🌷,bibi_mk,2026-01-17T21:54:56.000+09:00,1323
neef78b359c1a,598313,むぎ屋@生成AI×仕事,mugimugi92,2026-01-17T21:28:47.000+09:00,3576
neef78b359c1a,9940936,葉月 れお,leo_room,2026-01-17T21:19:37.000+09:00,51
neef78b359c1a,11068027,1214【フォロバ100%】,kichidenseiken,2026-01-17T21:18:41.000+09:00,2168
neef78b359c1a,8107746,葉月 れお,hazuki_leo,2026-01-17T19:27:47.000+09:00,74
neef78b359c1a,5453577,ハクセキレイ,motacilla_alba,2026-01-17T19:18:41.000+09:00,714
neef78b359c1a,10501974,笹原歩奈,long_panda3578,2026-01-17T17:43:42.000+09:00,102
na618d3cb5300,12712176,DJAir/Noesis.Lab,djair_mo4ne,2026-02-20T01:18:51.000+09:00,701
na618d3cb5300,11092056,KOU,mamemame_aka,2026-02-03T20:42:45.000+09:00,1752
na618d3cb5300,11583083,夏目羊,hitsuji_natsume,2026-01-15T23:31:30.000+09:00,1187
na618d3cb5300,5453577,ハクセキレイ,motacilla_alba,2026-01-13T12:47:49.000+09:00,714
na618d3cb5300,11361396,真宵,mayi_love,2026-01-13T00:22:40.000+09:00,1084
na618d3cb5300,12730552,エリカが好き勝手に語るチャンネル,erikakataru,2026-01-13T00:22:04.000+09:00,295
na618d3cb5300,9940936,葉月 れお,leo_room,2026-01-13T00:11:10.000+09:00,51
na618d3cb5300,11068027,1214【フォロバ100%】,kichidenseiken,2026-01-12T22:31:34.000+09:00,2168
na618d3cb5300,11279952,マイユー×生成AI×好きなことする,maiyu_x_ai,2026-01-12T21:47:24.000+09:00,1457
na618d3cb5300,12270164,たーゼ,sakuya_rainbow44,2026-01-12T21:04:21.000+09:00,8025
na618d3cb5300,11831678,温,uzuyanurp,2026-01-12T20:39:48.000+09:00,523
na618d3cb5300,8107746,葉月 れお,hazuki_leo,2026-01-12T20:25:13.000+09:00,74
na618d3cb5300,12580328,あいびより。🐾note×AI成長記,aibiyori_masusu,2026-01-12T19:05:47.000+09:00,832
na618d3cb5300,10501974,笹原歩奈,long_panda3578,2026-01-12T19:01:32.000+09:00,102
na618d3cb5300,4253916,じこぼー,jicoboh,2026-01-12T19:00:51.000+09:00,934
n0c9bac091695,7580255,Kinu_AIイラスト,kinu885,2026-01-30T18:47:52.000+09:00,1360
n0c9bac091695,11583083,夏目羊,hitsuji_natsume,2026-01-15T23:29:20.000+09:00,1187
n0c9bac091695,11742994,薄紫もと　,fresh_loris1944,2026-01-13T18:33:06.000+09:00,2895
n0c9bac091695,12242313,NF Atelier | AIと一緒に描く未来ラボ,hirokit_5667,2026-01-12T12:39:09.000+09:00,236
n0c9bac091695,11279952,マイユー×生成AI×好きなことする,maiyu_x_ai,2026-01-11T17:54:38.000+09:00,1457
n0c9bac091695,598313,むぎ屋@生成AI×仕事,mugimugi92,2026-01-11T06:27:19.000+09:00,3576
n0c9bac091695,12730552,エリカが好き勝手に語るチャンネル,erikakataru,2026-01-11T02:07:29.000+09:00,295
n0c9bac091695,11642831,須之内律子（HN★リュミエール・アマン）,medfoodculture,2026-01-11T01:22:00.000+09:00,5794
n0c9bac091695,11395794,零ぴちゅ。,reipichu,2026-01-10T17:53:41.000+09:00,3006
n0c9bac091695,12078625,スイ🎨Sui_ai_drawing,sui_ai_drawing,2026-01-10T15:18:33.000+09:00,2984
n0c9bac091695,7547534,メイシン,mei_shin,2026-01-10T13:37:42.000+09:00,3865
n0c9bac091695,7990536,リンファ@AIアート・ドキュメンタリスト,rinfa_ai,2026-01-10T13:10:08.000+09:00,554
n0c9bac091695,8107746,葉月 れお,hazuki_leo,2026-01-10T12:51:50.000+09:00,74
n0c9bac091695,3608968,KITAcore｜キタコレ＠ログプレイヤー,ktcrs1107,2026-01-10T12:09:43.000+09:00,1030
n0c9bac091695,11361396,真宵,mayi_love,2026-01-10T11:09:04.000+09:00,1084
n0c9bac091695,9571956,SAKAMOTO.Good Ruler,s_ryouji,2026-01-10T11:02:38.000+09:00,786
n0c9bac091695,10501974,笹原歩奈,long_panda3578,2026-01-10T10:59:49.000+09:00,102
nf7abed0d9022,11583083,夏目羊,hitsuji_natsume,2026-01-15T23:28:13.000+09:00,1187
nf7abed0d9022,10501974,笹原歩奈,long_panda3578,2026-01-10T10:59:45.000+09:00,102
nf7abed0d9022,11092056,KOU,mamemame_aka,2026-01-10T08:41:39.000+09:00,1752
nf7abed0d9022,8107746,葉月 れお,hazuki_leo,2026-01-10T00:34:48.000+09:00,74
nf7abed0d9022,9940936,葉月 れお,leo_room,2026-01-10T00:34:09.000+09:00,51
nf7abed0d9022,12730552,エリカが好き勝手に語るチャンネル,erikakataru,2026-01-10T00:33:27.000+09:00,295
nf7abed0d9022,12551267,のむのむ（AIと雑談してる人）,quick_ivy5798,2026-01-09T23:56:30.000+09:00,249
nf7abed0d9022,11361396,真宵,mayi_love,2026-01-09T22:13:26.000+09:00,1084
nf7abed0d9022,3608968,KITAcore｜キタコレ＠ログプレイヤー,ktcrs1107,2026-01-09T20:54:03.000+09:00,1030
ndac257bb0ce6,11465514,Makari｜AIイラストと副業,makari_5108010,2026-01-08T15:46:15.000+09:00,4188
ndac257bb0ce6,10596008,mimimi,mimimi__33,2026-01-07T00:11:20.000+09:00,7
ndac257bb0ce6,11624969,タカジロー,takajiro0912,2026-01-06T19:09:10.000+09:00,6597
ndac257bb0ce6,11583083,夏目羊,hitsuji_natsume,2026-01-05T15:34:52.000+09:00,1187
ndac257bb0ce6,10501974,笹原歩奈,long_panda3578,2026-01-05T10:36:22.000+09:00,102
ndac257bb0ce6,5900420,えいる｜北陸わくわく探求室,it_aile,2026-01-04T20:29:42.000+09:00,4386
ndac257bb0ce6,11913706,lovely plants@note,lovely_plants,2026-01-04T19:42:03.000+09:00,6109
ndac257bb0ce6,536614,末吉宏臣（Hiroomi Sueyoshi）『noteの始め方』著者,sueyoshihiroomi,2026-01-04T19:40:57.000+09:00,29285
ndac257bb0ce6,3268520,Ryo｜キャリアコーチ×キャリアコンサルタント,genial_zebra5790,2026-01-04T18:42:43.000+09:00,120
ndac257bb0ce6,11742994,薄紫もと　,fresh_loris1944,2026-01-04T16:13:34.000+09:00,2895
ndac257bb0ce6,12775322,カワムラ｜AI擬人化漫画 | ChatGPTのヨシダ,chatgpt_ysd,2026-01-04T14:31:01.000+09:00,1390
ndac257bb0ce6,3519578,AIスチルワークス,rakuraku0147,2026-01-03T23:51:21.000+09:00,373
ndac257bb0ce6,11279952,マイユー×生成AI×好きなことする,maiyu_x_ai,2026-01-03T23:24:14.000+09:00,1457
ndac257bb0ce6,3268387,千住まいか🐇｜AIイラスト＆マーケティング,maika59,2026-01-03T20:17:30.000+09:00,3051
ndac257bb0ce6,11395794,零ぴちゅ。,reipichu,2026-01-03T15:36:40.000+09:00,3006
n1f56859f24c0,10175064,雪綴ゆき,wise_rat6355,2026-01-31T18:50:00.000+09:00,5827
n1f56859f24c0,11583083,夏目羊,hitsuji_natsume,2026-01-05T18:40:15.000+09:00,1187
n1f56859f24c0,10501974,笹原歩奈,long_panda3578,2026-01-05T10:36:45.000+09:00,102
n1f56859f24c0,3268387,千住まいか🐇｜AIイラスト＆マーケティング,maika59,2026-01-02T09:58:13.000+09:00,3051
n0dfefbe06bf8,12266312,ハムカツ🐰｜命の燈を灯す人,real_crow6063,2026-03-27T07:35:50.000+09:00,459
n0dfefbe06bf8,13162655,生成AI(無料範囲で)を頑張る初心者老人,merry_moraea681,2026-02-14T16:54:23.000+09:00,195
n0dfefbe06bf8,10175064,雪綴ゆき,wise_rat6355,2026-01-24T19:53:54.000+09:00,5827
n0dfefbe06bf8,10501974,笹原歩奈,long_panda3578,2026-01-05T10:37:25.000+09:00,102
n0dfefbe06bf8,12055224,こあら@SeaArt×イラストプロンプト毎日発信,aibento,2026-01-05T10:33:30.000+09:00,1346
n0dfefbe06bf8,9165328,ニケの漫画部屋,nike3manga,2026-01-01T01:09:39.000+09:00,277
n904b07b475cf,7512866,きらり流れ星,kirarinagarebosi,2026-04-07T14:16:03.000+09:00,865
n89b5f5a7ea74,11254756,ならはら / スポーツメディカルセラピスト　note,naracoaching4,2026-04-07T20:51:56.000+09:00,636
n89b5f5a7ea74,13674942,Shirono ,whitesnow_210,2026-04-07T20:35:34.000+09:00,180
n89b5f5a7ea74,13983234,Loomi Journal,loomi_journal,2026-04-07T19:10:55.000+09:00,676
n77e971ad8f04,13674942,Shirono ,whitesnow_210,2026-04-07T20:37:16.000+09:00,180
n68258d6129e7,13044441,tetenn,humble_falcon456,2026-04-07T19:42:19.000+09:00,111
n479a111769d7,3268387,千住まいか🐇｜AIイラスト＆マーケティング,maika59,2026-04-07T21:27:57.000+09:00,3054
n479a111769d7,13674942,Shirono ,whitesnow_210,2026-04-07T20:38:47.000+09:00,180
n89b5f5a7ea74,12815820,ゆらり🌹🫧　🫶💕,huge_coot6820,2026-04-07T23:05:08.000+09:00,838
n89b5f5a7ea74,12266312,ハムカツ🐰｜命の燈を灯す人,real_crow6063,2026-04-07T22:52:27.000+09:00,459
n77e971ad8f04,6753545,ちゃりれれ【時々ジャイアン】,chari_lele,2026-04-08T00:38:46.000+09:00,1757
n904b07b475cf,10460304,ちんぱん🐒人生ハードモード🐒,ojisan_chinpan,2026-04-08T08:53:30.000+09:00,522
n89b5f5a7ea74,7512866,きらり流れ星,kirarinagarebosi,2026-04-08T10:16:35.000+09:00,868
n89b5f5a7ea74,10460304,ちんぱん🐒人生ハードモード🐒,ojisan_chinpan,2026-04-08T08:53:58.000+09:00,522
n77e971ad8f04,7512866,きらり流れ星,kirarinagarebosi,2026-04-08T10:17:13.000+09:00,868
n89b5f5a7ea74,1324138,聞き流し中学受験RADIO,jukenai,2026-04-08T21:32:14.000+09:00,98
n89b5f5a7ea74,11293921,そうた＠転職で人生変えた人,sota_career,2026-04-08T20:18:50.000+09:00,3295
n89b5f5a7ea74,8386686,夏目 龍頭｜AI Creative Lab,shio_batapopcorn,2026-04-09T08:44:50.000+09:00,2897
n904b07b475cf,12890191,miya,merry_godwit6869,2026-04-09T12:48:01.000+09:00,565
n89b5f5a7ea74,9644195,Photographer non🐤,photolife1961,2026-04-09T11:42:31.000+09:00,2879
n89b5f5a7ea74,13091152,ツムギ＠見えない優良サービス案内,tsumu_info,2026-04-09T21:30:10.000+09:00,251
n89b5f5a7ea74,13958833,株式会社Stock Value｜note運用｜GEO・LLMOコンサルティング,stock_value0407,2026-04-09T18:24:11.000+09:00,386
n89b5f5a7ea74,5828006,まなつ/突出マイノリティ列伝,tosshutsu_m,2026-04-09T23:07:48.000+09:00,4349
n89b5f5a7ea74,11395794,零ぴちゅ。,reipichu,2026-04-10T10:13:12.000+09:00,3039
n77e971ad8f04,8643650,英知　契｜言葉のチカラで人を励ます,piyo_tamag0,2026-04-10T09:20:17.000+09:00,912
n89b5f5a7ea74,12660493,エレノワfrom夢をかなえるアセンションシップ,ready_viper8578,2026-04-10T19:32:33.000+09:00,2435
n89b5f5a7ea74,12602815,みじゅくパパ,mijuku_father,2026-04-10T19:28:07.000+09:00,171
n89b5f5a7ea74,13294022,NO,noble_salvia4482,2026-04-10T19:26:33.000+09:00,792
n904b07b475cf,14134459,ほしのことば,hoshi_kotoba,2026-04-11T08:25:26.000+09:00,72
n904b07b475cf,11254756,ならはら / スポーツメディカルセラピスト　note,naracoaching4,2026-04-11T08:21:48.000+09:00,652
n904b07b475cf,5828006,まなつ/突出マイノリティ列伝,tosshutsu_m,2026-04-11T07:43:01.000+09:00,4372
n89b5f5a7ea74,14078081,きいろ｜AIで日常を楽しく,ai_fluffy_dream,2026-04-11T08:35:49.000+09:00,23
n77e971ad8f04,9644195,Photographer non🐤,photolife1961,2026-04-11T09:38:39.000+09:00,2887
n77e971ad8f04,11850733,Mariya,mariya_1225,2026-04-10T13:47:33.000+09:00,1015
n479a111769d7,6753545,ちゃりれれ【時々ジャイアン】,chari_lele,2026-04-11T08:25:12.000+09:00,1763
n904b07b475cf,3358934,けせら,kesera_,2026-04-11T10:56:04.000+09:00,1272
n904b07b475cf,354958,フランちゃん@サイドFIRE(窓際FIRE),flan_ch,2026-04-11T10:54:38.000+09:00,1928
n904b07b475cf,9354746,雷鳥堂　劔　らいちょうどう　つるぎ,moral_harte8590,2026-04-11T10:47:42.000+09:00,215
n4a801c25c672,8107746,葉月 れお,hazuki_leo,2026-04-11T14:10:54.000+09:00,75
n4a801c25c672,10479931,解放ウーマン,merry_pipit1562,2026-04-11T13:42:32.000+09:00,2554
n4a801c25c672,11092056,KOU,mamemame_aka,2026-04-11T13:20:34.000+09:00,1772
n4a801c25c672,5398412,政経ハルマゲドンカレー！フォロバ100！喪中の為暫く休止,maxpotency,2026-04-11T13:19:19.000+09:00,3904
n4a801c25c672,12266312,ハムカツ🐰｜命の燈を灯す人,real_crow6063,2026-04-11T13:14:31.000+09:00,465
n4a801c25c672,5757704,ぷわぽのん,puwapononn,2026-04-11T13:12:59.000+09:00,871
n4a801c25c672,10726031,まさたか,mashitaka_sekki,2026-04-11T13:11:21.000+09:00,8318
n4a801c25c672,13125356,EARTH🌎,fast_thyme336,2026-04-11T13:10:25.000+09:00,768
n4a801c25c672,11269055,ガイドLEE,guide_lee,2026-04-11T13:08:27.000+09:00,1224
n4a801c25c672,12498736,ことのは👁‍🗨知識収集家,kotonoha_bridge,2026-04-11T13:03:50.000+09:00,473
n77e971ad8f04,8386686,夏目 龍頭｜AI Creative Lab,shio_batapopcorn,2026-04-11T10:57:36.000+09:00,2898
n904b07b475cf,13327316,ゆっきぃ＠退職で辛い想いをした体験者,ouranos0221eins,2026-04-11T16:00:34.000+09:00,3494
n904b07b475cf,2808381,マッスル有田,muscle_arita,2026-04-11T15:43:36.000+09:00,551
n904b07b475cf,13294022,NO,noble_salvia4482,2026-04-11T14:55:49.000+09:00,797
n4a801c25c672,12450233,片麻痺の無料有益情報発信,katamahi,2026-04-11T17:48:45.000+09:00,769
n4a801c25c672,7580255,Kinu_AIイラスト,kinu885,2026-04-11T17:45:00.000+09:00,1416
n4a801c25c672,9940936,葉月 れお,leo_room,2026-04-11T17:12:59.000+09:00,52
n4a801c25c672,13312115,Ribbon-⋈-bon,sankasei,2026-04-11T16:14:34.000+09:00,41
n4a801c25c672,1844626,しゅんちゃん｜フォロバ93.25％（理想値）,psychicer4972,2026-04-11T16:10:23.000+09:00,1684
n4a801c25c672,12669278,飯泉ひろみ　Hiromi Iizumi With Picoai♾️,mr_nyango,2026-04-11T16:04:15.000+09:00,382
n4a801c25c672,13327316,ゆっきぃ＠退職で辛い想いをした体験者,ouranos0221eins,2026-04-11T16:00:13.000+09:00,3494
n4a801c25c672,2808381,マッスル有田,muscle_arita,2026-04-11T15:43:39.000+09:00,551
n4a801c25c672,5017706,貫徹まる｜AIサービス紹介・衝動買いレビュー,braveshine_22,2026-04-11T15:38:17.000+09:00,294
n4a801c25c672,11575561,いちごいぬ,tmits01,2026-04-11T15:32:55.000+09:00,1096
n4a801c25c672,11361396,真宵,mayi_love,2026-04-11T14:52:15.000+09:00,1087
n89b5f5a7ea74,7580255,Kinu_AIイラスト,kinu885,2026-04-11T17:45:01.000+09:00,1416
n89b5f5a7ea74,13327316,ゆっきぃ＠退職で辛い想いをした体験者,ouranos0221eins,2026-04-11T16:00:18.000+09:00,3494
n89b5f5a7ea74,2808381,マッスル有田,muscle_arita,2026-04-11T15:50:01.000+09:00,551
n89b5f5a7ea74,13137374,宇宙珍獣🦄🌬️ユル勇者あかね,lovely_rose3365,2026-04-11T11:56:04.000+09:00,996
n77e971ad8f04,7580255,Kinu_AIイラスト,kinu885,2026-04-11T17:45:03.000+09:00,1416
n77e971ad8f04,13327316,ゆっきぃ＠退職で辛い想いをした体験者,ouranos0221eins,2026-04-11T16:00:21.000+09:00,3494
n77e971ad8f04,2808381,マッスル有田,muscle_arita,2026-04-11T15:50:04.000+09:00,551
n461e9618e505,13327316,ゆっきぃ＠退職で辛い想いをした体験者,ouranos0221eins,2026-04-11T16:00:29.000+09:00,3494
n4a801c25c672,11395794,零ぴちゅ。,reipichu,2026-04-11T20:40:09.000+09:00,3064
n4a801c25c672,14169290,Satsuki|AIイラスト,gifted_otter6309,2026-04-11T20:31:42.000+09:00,14
n4a801c25c672,3712022,いのふみ｜遅咲きのコピーライター,togaly0317,2026-04-11T20:01:31.000+09:00,151
n4a801c25c672,14078081,きいろ｜AIで日常を楽しく,ai_fluffy_dream,2026-04-11T19:57:43.000+09:00,27
n4a801c25c672,10040430,Re:推しな屋　かねだ,kaneda_design,2026-04-11T19:57:37.000+09:00,263
n4a801c25c672,11907561,AI紳士,shinsi_ai,2026-04-11T18:39:15.000+09:00,173
n4a801c25c672,14061124,風鈴,keen_okapi8835,2026-04-11T18:27:52.000+09:00,4
n4a801c25c672,5135405,てくてく文庫,tenten2021,2026-04-11T18:14:32.000+09:00,1292
n4a801c25c672,11997500,Kotora_rei(凛強),rei_kotora,2026-04-11T18:07:36.000+09:00,1535
n904b07b475cf,2888910,氷河期世代おじさん代表,hyougakioji,2026-04-11T22:07:24.000+09:00,605
n4a801c25c672,12730552,エリカが好き勝手に語るチャンネル,erikakataru,2026-04-12T01:04:49.000+09:00,306
n4a801c25c672,13094187,ミナト汐　＠光と構図のアトリエ,n_kazumai55633,2026-04-12T01:00:40.000+09:00,366
n4a801c25c672,11914162,キヲ@AIイラストレーター,alert_yak4745,2026-04-11T23:04:32.000+09:00,2475
n4a801c25c672,2888910,氷河期世代おじさん代表,hyougakioji,2026-04-11T22:07:27.000+09:00,605
n4a801c25c672,13278970,AIちゃん@ゼロから始めるAIイラスト収益化,ai_labo_chan,2026-04-11T22:01:11.000+09:00,579
n4a801c25c672,6622170,萩原とんび,clean_hawk125,2026-04-11T21:56:20.000+09:00,33
n4a801c25c672,11848894,建築学生＠建築学生が作るゲーム,modern_mink7372,2026-04-11T19:25:28.000+09:00,147
n4a801c25c672,12838875,crimson04,crimson04,2026-04-12T03:55:59.000+09:00,308
n4a801c25c672,13881972,別府 け～すけ,beppu_keisuke,2026-04-12T10:13:22.000+09:00,120
n4a801c25c672,12229510,ささお,sasao_66,2026-04-12T10:05:48.000+09:00,789
n4a801c25c672,12890191,miya,merry_godwit6869,2026-04-12T10:02:23.000+09:00,581
n4a801c25c672,3268387,千住まいか🐇｜AIイラスト＆マーケティング,maika59,2026-04-12T08:10:18.000+09:00,3071
n4a801c25c672,4425259,余談が好き　技術な話,tecart,2026-04-12T08:09:15.000+09:00,5591
n4a801c25c672,13443416,なつきコイン,natsuki_coin,2026-04-12T08:06:54.000+09:00,606
n4a801c25c672,11807623,Anna,modern_lion2880,2026-04-12T07:44:12.000+09:00,304
n4a801c25c672,13726815,RayOerba@狂恋愛100話執筆中,ray_novel_oerba,2026-04-12T07:13:50.000+09:00,105
n89b5f5a7ea74,11575561,いちごいぬ,tmits01,2026-04-12T09:57:03.000+09:00,1101
n985ef570cd2b,12890191,miya,merry_godwit6869,2026-04-12T10:02:54.000+09:00,581
n4a801c25c672,9282525,建从,fresh_racoon3036,2026-04-12T14:50:05.000+09:00,542
n4a801c25c672,13326403,ベルシャン｜足から変わる、体と人生,belshan_life,2026-04-12T13:54:25.000+09:00,1988
n4a801c25c672,13748306,やってみたら構造が見えた,lifeassist,2026-04-12T12:08:49.000+09:00,108
n4a801c25c672,1265507,よしだです / Peaky AI LAB,masvc_,2026-04-12T11:26:34.000+09:00,6759
n4a801c25c672,11961549,🇯🇵🌸Sakura SUN☀🌐,legit_nerine9558,2026-04-12T10:30:16.000+09:00,331
n4a801c25c672,9933409,誠実に、ひたむきに,real_hare9943,2026-04-12T15:29:16.000+09:00,2651
n4a801c25c672,13071716,コスモス🌸,cosmos_invest,2026-04-12T14:57:19.000+09:00,239
n89b5f5a7ea74,11997500,Kotora_rei(凛強),rei_kotora,2026-04-12T16:36:45.000+09:00,1538
n4a801c25c672,13055026,作業療法士(OT)@まるさん　｜【朝がつらい人へ】心・体・生活を　　まぁるく🌸整えます,reha_tsukuru,2026-04-12T21:09:04.000+09:00,4810
n4a801c25c672,13718438,たかみぃ。,lively_acacia958,2026-04-12T18:25:22.000+09:00,142
n904b07b475cf,13261278,凡人ITコンサル｜個人PL研究所,bonjin_consul,2026-04-12T22:47:44.000+09:00,443
n4a801c25c672,13261278,凡人ITコンサル｜個人PL研究所,bonjin_consul,2026-04-12T22:47:43.000+09:00,443
n4a801c25c672,14016149,adono2026,adono2026,2026-04-13T04:11:56.000+09:00,13
n4a801c25c672,13736664,ユヒイ,yuhii_0128,2026-04-13T08:07:56.000+09:00,188
n4a801c25c672,12959668,ふあふあころね,lively_ram351,2026-04-13T08:01:01.000+09:00,1810
n4a801c25c672,11266699,旅くま,tabikuma_oji,2026-04-13T06:42:27.000+09:00,1037
n89b5f5a7ea74,13283750,兎,ripe_impala6805,2026-04-13T08:04:51.000+09:00,119
