detected_at,event_type,note_key,magazine_key
2026-01-31T06:56:17+09:00,added,nec69a95fc26e,m54b2ccd56b12
2026-01-31T06:56:17+09:00,added,nec69a95fc26e,mc3b092076119
2026-01-31T06:56:17+09:00,added,nec69a95fc26e,mff26de4b50e8
2026-01-31T06:56:17+09:00,added,nec69a95fc26e,m5e0b116a568a
2026-01-31T06:56:17+09:00,added,nec69a95fc26e,md1d64f3e53b1
2026-01-31T06:56:17+09:00,added,nec69a95fc26e,mcdf4ee972bd9
2026-01-31T06:56:17+09:00,added,nec69a95fc26e,mc86c779585e3
2026-01-31T06:56:17+09:00,added,nec69a95fc26e,m3e02f69f0d66
2026-01-31T06:56:17+09:00,added,nec69a95fc26e,m6295830f903e
2026-01-31T06:56:17+09:00,added,nec69a95fc26e,m8b207cd2e53a
2026-01-31T06:56:17+09:00,added,nec69a95fc26e,mfc9d03c23504
2026-04-17T09:01:49+09:00,added,n4cd8ae4c1f8f,mc3b092076119
2026-04-17T09:01:49+09:00,added,n4cd8ae4c1f8f,md1d64f3e53b1
2026-04-17T09:01:49+09:00,added,n4cd8ae4c1f8f,m0921d4d120a8
2026-04-17T09:01:49+09:00,added,n4cd8ae4c1f8f,m0487cabc2df9
2026-04-17T09:01:49+09:00,added,n4cd8ae4c1f8f,mc86c779585e3
2026-04-15T07:07:59+09:00,added,n4b9b2bf3c35c,m0ba8e26a833d
2026-04-15T07:07:59+09:00,added,n4b9b2bf3c35c,mc3b092076119
2026-04-15T07:07:59+09:00,added,n4b9b2bf3c35c,m0487cabc2df9
2026-04-15T07:07:59+09:00,added,n4b9b2bf3c35c,mc86c779585e3
2026-04-11T18:59:35+09:00,added,n51b46ea9a2aa,m0487cabc2df9
2026-04-11T18:59:35+09:00,added,n51b46ea9a2aa,mc3b092076119
2026-04-11T18:59:35+09:00,added,n51b46ea9a2aa,m18485b3d7e40
2026-04-11T18:59:35+09:00,added,n51b46ea9a2aa,m334fb05a2022
2026-04-11T18:59:35+09:00,added,n51b46ea9a2aa,mc86c779585e3
2026-04-07T06:33:04+09:00,added,n79d2029d51d9,m54b2ccd56b12
2026-04-07T06:33:04+09:00,added,n79d2029d51d9,md1d64f3e53b1
2026-04-07T06:33:04+09:00,added,n79d2029d51d9,m2a78c2a78e2b
2026-04-07T06:33:04+09:00,added,n79d2029d51d9,mc3b092076119
2026-04-07T06:33:04+09:00,added,n79d2029d51d9,m0487cabc2df9
2026-04-07T06:33:04+09:00,added,n79d2029d51d9,mfc9d03c23504
2026-04-07T06:33:04+09:00,added,n79d2029d51d9,m743c88e4a3b2
2026-04-07T06:33:04+09:00,added,n79d2029d51d9,mc86c779585e3
2026-04-07T06:33:04+09:00,added,n79d2029d51d9,m0921d4d120a8
2026-04-04T07:24:09+09:00,added,n2c4f95ee2945,md1d64f3e53b1
2026-04-04T07:24:09+09:00,added,n2c4f95ee2945,mc3b092076119
2026-04-04T07:24:09+09:00,added,n2c4f95ee2945,m7b454ccb8c26
2026-04-04T07:24:09+09:00,added,n2c4f95ee2945,mc86c779585e3
2026-04-04T07:24:09+09:00,added,n2c4f95ee2945,mfc9d03c23504
2026-04-04T07:24:09+09:00,added,n2c4f95ee2945,m0921d4d120a8
2026-03-31T13:50:21+09:00,added,nc3c64ad113f6,m54b2ccd56b12
2026-03-31T13:50:21+09:00,added,nc3c64ad113f6,m78e1caab29a1
2026-03-31T13:50:21+09:00,added,nc3c64ad113f6,mc3b092076119
2026-03-31T13:50:21+09:00,added,nc3c64ad113f6,m8b207cd2e53a
2026-03-31T13:50:21+09:00,added,nc3c64ad113f6,mc86c779585e3
2026-03-31T13:50:21+09:00,added,nc3c64ad113f6,md1d64f3e53b1
2026-03-25T07:23:02+09:00,added,n2efcd407336d,mc86c779585e3
2026-03-25T07:23:02+09:00,added,n2efcd407336d,mc3b092076119
2026-03-25T07:23:02+09:00,added,n2efcd407336d,m8b207cd2e53a
2026-03-25T07:23:02+09:00,added,n2efcd407336d,m0487cabc2df9
2026-03-25T07:23:02+09:00,added,n2efcd407336d,m46619b37427d
2026-03-25T07:23:02+09:00,added,n2efcd407336d,me5e1bbd5a5a6
2026-03-25T07:23:02+09:00,added,n2efcd407336d,m7b454ccb8c26
2026-03-25T07:23:02+09:00,added,n2efcd407336d,m78e1caab29a1
2026-03-20T17:35:08+09:00,added,n30581e481ceb,mc86c779585e3
2026-03-20T17:35:08+09:00,added,n30581e481ceb,mc3b092076119
2026-03-20T17:35:08+09:00,added,n30581e481ceb,m0a66c288c5f8
2026-03-20T17:35:08+09:00,added,n30581e481ceb,m78e1caab29a1
2026-03-20T17:35:08+09:00,added,n30581e481ceb,m0921d4d120a8
2026-03-17T09:19:04+09:00,added,n9dee9c1e39d2,m54b2ccd56b12
2026-03-17T09:19:04+09:00,added,n9dee9c1e39d2,md1d64f3e53b1
2026-03-17T09:19:04+09:00,added,n9dee9c1e39d2,me5e1bbd5a5a6
2026-03-17T09:19:04+09:00,added,n9dee9c1e39d2,mc3b092076119
2026-03-17T09:19:04+09:00,added,n9dee9c1e39d2,mc86c779585e3
2026-03-17T09:19:04+09:00,added,n9dee9c1e39d2,m3e02f69f0d66
2026-03-17T09:19:04+09:00,added,n9dee9c1e39d2,m78e1caab29a1
2026-03-17T08:32:43+09:00,added,ned366dec6453,mcdd34de49473
2026-03-17T08:32:43+09:00,added,ned366dec6453,mc86c779585e3
2026-03-17T08:32:43+09:00,added,ned366dec6453,m3e02f69f0d66
2026-03-17T08:32:43+09:00,added,ned366dec6453,m2c16da692a12
2026-03-12T18:01:33+09:00,added,n45ff6055bf00,mcdf4ee972bd9
2026-03-12T18:01:33+09:00,added,n45ff6055bf00,ma20131afe8e6
2026-03-12T18:01:33+09:00,added,n45ff6055bf00,m54b2ccd56b12
2026-03-12T18:01:33+09:00,added,n45ff6055bf00,m3ff81c0d23db
2026-03-12T18:01:33+09:00,added,n45ff6055bf00,m5b27002b62d9
2026-03-12T18:01:33+09:00,added,n45ff6055bf00,mc3b092076119
2026-03-12T18:01:33+09:00,added,n45ff6055bf00,mc86c779585e3
2026-03-08T11:32:43+09:00,added,nc93cd8901467,m2c16da692a12
2026-03-08T11:32:43+09:00,added,nc93cd8901467,mc3b092076119
2026-03-08T11:32:43+09:00,added,nc93cd8901467,mcdf4ee972bd9
2026-03-08T11:32:43+09:00,added,nc93cd8901467,me5e1bbd5a5a6
2026-03-08T11:32:43+09:00,added,nc93cd8901467,mc86c779585e3
2026-03-03T10:59:55+09:00,added,n8a31171c5544,mc3b092076119
2026-03-03T10:59:55+09:00,added,n8a31171c5544,m46619b37427d
2026-03-03T10:59:55+09:00,added,n8a31171c5544,mc86c779585e3
2026-02-28T16:55:02+09:00,added,nf3e8ab5a6cff,m54b2ccd56b12
2026-02-28T16:55:02+09:00,added,nf3e8ab5a6cff,m2c16da692a12
2026-02-28T16:55:02+09:00,added,nf3e8ab5a6cff,mc3b092076119
2026-02-28T16:55:02+09:00,added,nf3e8ab5a6cff,mc86c779585e3
2026-02-28T16:55:02+09:00,added,nf3e8ab5a6cff,m0ba8e26a833d
2026-02-24T08:35:12+09:00,added,n4236b8bd5099,md1d64f3e53b1
2026-02-24T08:35:12+09:00,added,n4236b8bd5099,mc3b092076119
2026-02-24T08:35:12+09:00,added,n4236b8bd5099,mc86c779585e3
2026-02-24T08:35:12+09:00,added,n4236b8bd5099,m0a66c288c5f8
2026-02-19T19:22:36+09:00,added,nb3020dd86220,md1d64f3e53b1
2026-02-19T19:22:36+09:00,added,nb3020dd86220,mc3b092076119
2026-02-19T19:22:36+09:00,added,nb3020dd86220,mc86c779585e3
2026-02-14T06:50:22+09:00,added,ne31f86f22218,m54b2ccd56b12
2026-02-14T06:50:22+09:00,added,ne31f86f22218,md1d64f3e53b1
2026-02-14T06:50:22+09:00,added,ne31f86f22218,m789eaefb24b6
2026-02-14T06:50:22+09:00,added,ne31f86f22218,mcb36bd4f7fc0
2026-02-14T06:50:22+09:00,added,ne31f86f22218,m74c57ab6ff5e
2026-02-14T06:50:22+09:00,added,ne31f86f22218,mc3b092076119
2026-02-14T06:50:22+09:00,added,ne31f86f22218,mc86c779585e3
2026-02-10T20:21:06+09:00,added,n5d961580c470,m2c16da692a12
2026-02-10T20:21:06+09:00,added,n5d961580c470,mc3b092076119
2026-02-10T20:21:06+09:00,added,n5d961580c470,md1d64f3e53b1
2026-02-10T20:21:06+09:00,added,n5d961580c470,mcdf4ee972bd9
2026-02-10T20:21:06+09:00,added,n5d961580c470,mc86c779585e3
2026-02-05T17:18:35+09:00,added,ne0493ce22e1f,mc3b092076119
2026-02-05T17:18:35+09:00,added,ne0493ce22e1f,mc86c779585e3
2026-02-04T17:09:45+09:00,added,n1cb1dac8905c,m4aef7115f345
2026-02-04T17:09:45+09:00,added,n1cb1dac8905c,mcdf9b3f4b5be
2026-02-04T17:09:45+09:00,added,n1cb1dac8905c,m1e40e630e38a
2026-02-04T17:09:45+09:00,added,n1cb1dac8905c,mc86c779585e3
2026-02-03T13:04:13+09:00,added,ne937cce960b1,m54b2ccd56b12
2026-02-03T13:04:13+09:00,added,ne937cce960b1,m2c16da692a12
2026-02-03T13:04:13+09:00,added,ne937cce960b1,mc86c779585e3
2026-02-03T13:04:13+09:00,added,ne937cce960b1,mc3b092076119
2026-01-31T06:56:31+09:00,added,n74e2ee247ab9,m54b2ccd56b12
2026-01-31T06:56:31+09:00,added,n74e2ee247ab9,md1d64f3e53b1
2026-01-31T06:56:31+09:00,added,n74e2ee247ab9,m2b240c49b8fa
2026-01-31T06:56:31+09:00,added,n74e2ee247ab9,mc3b092076119
2026-01-31T06:56:31+09:00,added,n74e2ee247ab9,mc86c779585e3
2026-01-27T17:08:13+09:00,added,n24531033bc1f,m2c16da692a12
2026-01-27T17:08:13+09:00,added,n24531033bc1f,m1d3b04eb90c2
2026-01-27T17:08:13+09:00,added,n24531033bc1f,mc86c779585e3
2026-01-27T17:08:13+09:00,added,n24531033bc1f,mc3b092076119
2026-01-23T12:23:11+09:00,added,n1cae8739a84d,me0a7e3361736
2026-01-23T12:23:11+09:00,added,n1cae8739a84d,mf7f9952d6e72
2026-01-23T12:23:11+09:00,added,n1cae8739a84d,m5072685e9cf7
2026-01-23T12:23:11+09:00,added,n1cae8739a84d,mc3b092076119
2026-01-23T12:23:11+09:00,added,n1cae8739a84d,mc86c779585e3
2026-01-20T12:04:19+09:00,added,na24a42d05b41,m9c38e91864d6
2026-01-20T12:04:19+09:00,added,na24a42d05b41,mc86c779585e3
2026-01-20T12:04:19+09:00,added,na24a42d05b41,mc3b092076119
2026-01-18T11:00:53+09:00,added,n82ab3602ec65,m54b2ccd56b12
2026-01-18T11:00:53+09:00,added,n82ab3602ec65,m2c16da692a12
2026-01-18T11:00:53+09:00,added,n82ab3602ec65,mee3a511e4fd3
2026-01-18T11:00:53+09:00,added,n82ab3602ec65,mc86c779585e3
2026-01-18T11:00:53+09:00,added,n82ab3602ec65,mc3b092076119
2026-01-16T08:26:16+09:00,added,n0ac2c3444989,mc86c779585e3
2026-01-16T08:26:16+09:00,added,n0ac2c3444989,mc3b092076119
2026-01-16T08:26:16+09:00,added,n0ac2c3444989,m0ba8e26a833d
2026-01-13T13:18:05+09:00,added,n0dbd199b98a8,m54b2ccd56b12
2026-01-13T13:18:05+09:00,added,n0dbd199b98a8,m2c16da692a12
2026-01-13T13:18:05+09:00,added,n0dbd199b98a8,mc86c779585e3
2026-01-13T13:18:05+09:00,added,n0dbd199b98a8,mc3b092076119
2026-01-10T06:34:13+09:00,added,n2dfb0e87db03,m54b2ccd56b12
2026-01-10T06:34:13+09:00,added,n2dfb0e87db03,mc86c779585e3
2026-01-10T06:34:13+09:00,added,n2dfb0e87db03,mc3b092076119
2026-01-10T06:34:13+09:00,added,n2dfb0e87db03,mfc9d03c23504
2026-01-10T06:34:13+09:00,added,n2dfb0e87db03,m2e9b901b1ba9
2026-01-08T08:55:39+09:00,added,n8b24227119ac,mefbb241a0ea6
2026-01-08T08:55:39+09:00,added,n8b24227119ac,m54b2ccd56b12
2026-01-08T08:55:39+09:00,added,n8b24227119ac,m383d4222a51a
2026-01-08T08:55:39+09:00,added,n8b24227119ac,mc3b092076119
2026-01-08T08:55:39+09:00,added,n8b24227119ac,m6295830f903e
2026-01-08T08:55:39+09:00,added,n8b24227119ac,mc86c779585e3
2026-01-05T07:00:10+09:00,added,n123fbcf32f82,m54b2ccd56b12
2026-01-05T07:00:10+09:00,added,n123fbcf32f82,mc3b092076119
2026-01-02T18:40:30+09:00,added,n9a106a1df153,m54b2ccd56b12
2026-01-02T18:40:30+09:00,added,n9a106a1df153,mf7f9952d6e72
2026-01-02T18:40:30+09:00,added,n9a106a1df153,mc3b092076119
2026-01-02T18:40:30+09:00,added,n9a106a1df153,m6295830f903e
2026-01-02T18:40:30+09:00,added,n9a106a1df153,m0ba8e26a833d
2026-01-01T08:48:52+09:00,added,n52a33374ca47,m54b2ccd56b12
2026-01-01T08:48:52+09:00,added,n52a33374ca47,m8c052e5884b0
2026-01-01T08:48:52+09:00,added,n52a33374ca47,m5072685e9cf7
2026-01-01T08:48:52+09:00,added,n52a33374ca47,mc3b092076119
2025-12-31T09:42:06+09:00,added,n63c465143415,m54b2ccd56b12
2025-12-31T09:42:06+09:00,added,n63c465143415,m7325f611df66
2025-12-31T09:42:06+09:00,added,n63c465143415,m62bc36551d16
2025-12-31T09:42:06+09:00,added,n63c465143415,mc86c779585e3
2025-12-31T09:42:06+09:00,added,n63c465143415,mc3b092076119
2025-12-28T09:24:21+09:00,added,n3c3dace30ac6,m62bc36551d16
2025-12-28T09:24:21+09:00,added,n3c3dace30ac6,mc86c779585e3
2025-12-28T09:24:21+09:00,added,n3c3dace30ac6,mc3b092076119
2025-12-25T13:54:44+09:00,added,n409866484455,m54b2ccd56b12
2025-12-25T13:54:44+09:00,added,n409866484455,m62bc36551d16
2025-12-25T13:54:44+09:00,added,n409866484455,mc86c779585e3
2025-12-25T13:54:44+09:00,added,n409866484455,mc3b092076119
2025-12-23T18:14:05+09:00,added,n84e3c3872b9d,m54b2ccd56b12
2025-12-23T18:14:05+09:00,added,n84e3c3872b9d,mc86c779585e3
2025-12-23T18:14:05+09:00,added,n84e3c3872b9d,mc3b092076119
2025-12-20T07:22:41+09:00,added,n0efae11c6e85,m5ed0169b8a39
2025-12-20T07:22:41+09:00,added,n0efae11c6e85,m7325f611df66
2025-12-20T07:22:41+09:00,added,n0efae11c6e85,mc86c779585e3
2025-12-20T07:22:41+09:00,added,n0efae11c6e85,mc3b092076119
2025-12-18T12:13:45+09:00,added,nd31d513f424a,m8c052e5884b0
2025-12-18T12:13:45+09:00,added,nd31d513f424a,mef3e6ed657c6
2025-12-18T12:13:45+09:00,added,nd31d513f424a,m5072685e9cf7
2025-12-18T12:13:45+09:00,added,nd31d513f424a,mc86c779585e3
2025-12-18T12:13:45+09:00,added,nd31d513f424a,mc3b092076119
2025-12-16T10:33:47+09:00,added,naa1761101560,mfb805ab355e7
2025-12-16T10:33:47+09:00,added,naa1761101560,m7325f611df66
2025-12-16T10:33:47+09:00,added,naa1761101560,mef3e6ed657c6
2025-12-16T10:33:47+09:00,added,naa1761101560,mc86c779585e3
2025-12-16T10:33:47+09:00,added,naa1761101560,mc3b092076119
2025-12-16T10:33:47+09:00,added,naa1761101560,md1d64f3e53b1
2025-12-16T10:33:47+09:00,added,naa1761101560,m0ba8e26a833d
2025-12-14T07:29:15+09:00,added,n0cfe48b9f4c0,me3590cc8b7e1
2025-12-14T07:29:15+09:00,added,n0cfe48b9f4c0,m8e0fcdef14bd
2025-12-14T07:29:15+09:00,added,n0cfe48b9f4c0,mc86c779585e3
2025-12-14T07:29:15+09:00,added,n0cfe48b9f4c0,mc3b092076119
2025-12-14T07:29:15+09:00,added,n0cfe48b9f4c0,m0ba8e26a833d
2025-12-10T18:43:24+09:00,added,n04e0563b97cf,m7325f611df66
2025-12-10T18:43:24+09:00,added,n04e0563b97cf,m74c57ab6ff5e
2025-12-10T18:43:24+09:00,added,n04e0563b97cf,mc86c779585e3
2025-12-06T05:39:52+09:00,added,n0aba43b561c9,mc86c779585e3
2025-12-04T04:38:41+09:00,added,n42040f12a70d,me3590cc8b7e1
2025-12-04T04:38:41+09:00,added,n42040f12a70d,m7325f611df66
2025-12-04T04:38:41+09:00,added,n42040f12a70d,mc86c779585e3
2025-12-04T04:34:53+09:00,added,n9175b378769d,mc86c779585e3
2025-12-02T18:03:10+09:00,added,nce476774cd44,m5c9c88eb4983
2025-12-02T18:03:10+09:00,added,nce476774cd44,m7325f611df66
2025-12-02T18:03:10+09:00,added,nce476774cd44,m1e40e630e38a
2025-12-02T18:03:10+09:00,added,nce476774cd44,mc86c779585e3
2025-11-27T18:56:24+09:00,added,n49794f8c30c9,m5ed0169b8a39
2025-11-27T18:56:24+09:00,added,n49794f8c30c9,m8e0fcdef14bd
2025-11-27T18:56:24+09:00,added,n49794f8c30c9,m7325f611df66
2025-11-27T18:56:24+09:00,added,n49794f8c30c9,m7ae6f1512188
2025-11-27T18:56:24+09:00,added,n49794f8c30c9,m0f6484462f7f
2025-11-27T18:56:24+09:00,added,n49794f8c30c9,m0ba8e26a833d
2025-11-27T18:56:24+09:00,added,n49794f8c30c9,mc86c779585e3
2025-11-26T10:03:39+09:00,added,n00638cd7d041,mfe72cb9b0701
2025-11-26T10:03:39+09:00,added,n00638cd7d041,mc86c779585e3
2025-11-23T06:23:59+09:00,added,n798e89ace5ed,m5ed0169b8a39
2025-11-23T06:23:59+09:00,added,n798e89ace5ed,m8e0fcdef14bd
2025-11-23T06:23:59+09:00,added,n798e89ace5ed,m7325f611df66
2025-11-23T06:23:59+09:00,added,n798e89ace5ed,mfe72cb9b0701
2025-11-23T06:23:59+09:00,added,n798e89ace5ed,m0ba8e26a833d
2025-11-23T06:23:59+09:00,added,n798e89ace5ed,mc86c779585e3
2025-11-23T06:23:59+09:00,added,n798e89ace5ed,m0487cabc2df9
2025-11-19T19:35:10+09:00,added,n9e44bb3343a1,m5ed0169b8a39
2025-11-19T19:35:10+09:00,added,n9e44bb3343a1,m5c9c88eb4983
2025-11-19T19:35:10+09:00,added,n9e44bb3343a1,m8e0fcdef14bd
2025-11-19T19:35:10+09:00,added,n9e44bb3343a1,mc86c779585e3
2025-11-15T00:21:30+09:00,added,n184190edcf6e,me29f71fa09f6
2025-11-15T00:21:30+09:00,added,n184190edcf6e,m5c9c88eb4983
2025-11-15T00:21:30+09:00,added,n184190edcf6e,m8e0fcdef14bd
2025-11-15T00:21:30+09:00,added,n184190edcf6e,m5ed0169b8a39
2025-11-15T00:21:30+09:00,added,n184190edcf6e,m62bc36551d16
2025-11-15T00:21:30+09:00,added,n184190edcf6e,me5e1bbd5a5a6
2025-11-15T00:21:30+09:00,added,n184190edcf6e,mc86c779585e3
2025-11-15T00:21:30+09:00,added,n184190edcf6e,mc3b092076119
2025-11-12T19:33:44+09:00,added,nfca21bc071f9,m1525f77c2703
2025-11-12T19:33:44+09:00,added,nfca21bc071f9,m5c9c88eb4983
2025-11-12T19:33:44+09:00,added,nfca21bc071f9,m5ed0169b8a39
2025-11-12T19:33:44+09:00,added,nfca21bc071f9,m0ba8e26a833d
2025-11-12T19:33:44+09:00,added,nfca21bc071f9,mc86c779585e3
2025-11-07T21:53:34+09:00,added,n3894360fc092,m5c9c88eb4983
2025-11-07T21:53:34+09:00,added,n3894360fc092,m1525f77c2703
2025-11-07T21:53:34+09:00,added,n3894360fc092,m5ed0169b8a39
2025-11-07T21:53:34+09:00,added,n3894360fc092,m0ba8e26a833d
2025-11-07T21:53:34+09:00,added,n3894360fc092,mc86c779585e3
2025-11-04T20:27:59+09:00,added,n3be830c0af51,m5c9c88eb4983
2025-11-04T20:27:59+09:00,added,n3be830c0af51,mc86c779585e3
2025-11-04T20:27:59+09:00,added,n3be830c0af51,m0ba8e26a833d
2025-10-29T14:48:37+09:00,added,n9a3a2a997eb1,m5c9c88eb4983
2025-10-29T14:48:37+09:00,added,n9a3a2a997eb1,mc86c779585e3
2025-10-29T14:48:37+09:00,added,n9a3a2a997eb1,m0ba8e26a833d
2025-10-26T21:43:30+09:00,added,n2661d3f1fb02,m1525f77c2703
2025-10-26T21:43:30+09:00,added,n2661d3f1fb02,mc86c779585e3
2025-10-23T15:26:37+09:00,added,nd7bf1ff810c9,m41a7aa3dcc38
2025-10-23T15:26:37+09:00,added,nd7bf1ff810c9,m5c9c88eb4983
2025-10-23T15:26:37+09:00,added,nd7bf1ff810c9,m5ed0169b8a39
2025-10-23T15:26:37+09:00,added,nd7bf1ff810c9,mc86c779585e3
2025-10-20T16:05:19+09:00,added,nce71a51c69a1,m3c883a35e48e
2025-10-20T16:05:19+09:00,added,nce71a51c69a1,m5ed0169b8a39
2025-10-20T16:05:19+09:00,added,nce71a51c69a1,m0ba8e26a833d
2025-10-20T16:05:19+09:00,added,nce71a51c69a1,mc86c779585e3
2025-10-17T13:30:01+09:00,added,nea5be13f66ac,mc86c779585e3
2025-10-16T05:14:54+09:00,added,n97f8f386a9a8,mfc9d03c23504
2025-10-16T05:14:54+09:00,added,n97f8f386a9a8,mc86c779585e3
2025-10-13T18:27:47+09:00,added,nac0ae11b64eb,m64c5f77d3e60
2025-10-13T18:27:47+09:00,added,nac0ae11b64eb,m5c9c88eb4983
2025-10-13T18:27:47+09:00,added,nac0ae11b64eb,m0ba8e26a833d
2025-10-09T13:20:45+09:00,added,n9e161d0c5343,mc86c779585e3
2025-10-03T18:21:58+09:00,added,n21afb407c70a,m35d71b557018
2025-10-03T18:21:58+09:00,added,n21afb407c70a,m5ed0169b8a39
2025-10-03T18:21:58+09:00,added,n21afb407c70a,m8e0fcdef14bd
2025-10-03T18:21:58+09:00,added,n21afb407c70a,mc86c779585e3
2025-10-02T21:28:29+09:00,added,n2fb3bb6d51e3,mc86c779585e3
2025-10-02T21:28:29+09:00,added,n2fb3bb6d51e3,m0487cabc2df9
2025-09-27T22:46:43+09:00,added,n1264180b24bc,m3c883a35e48e
2025-09-27T22:46:43+09:00,added,n1264180b24bc,m8e0fcdef14bd
2025-09-27T22:46:43+09:00,added,n1264180b24bc,mc86c779585e3
2025-09-22T20:48:56+09:00,added,n59794c42a03b,m5e54fbcf6675
2025-09-15T16:45:38+09:00,added,n3f0bf139a700,m5e54fbcf6675
2025-09-15T16:45:38+09:00,added,n3f0bf139a700,m5ed0169b8a39
2025-09-15T16:45:38+09:00,added,n3f0bf139a700,mc86c779585e3
2025-09-03T15:12:11+09:00,added,nc33cb39915fa,m5e54fbcf6675
2025-08-28T08:06:28+09:00,added,na69672afb4c3,m0ba8e26a833d
2025-08-27T20:20:03+09:00,added,nd6e2e68cead9,m0e1263116987
2025-08-22T08:32:22+09:00,added,n8ed7be4f5802,m7061df8c418c
2025-08-22T08:32:22+09:00,added,n8ed7be4f5802,mbcba3be33a31
2025-08-22T08:32:22+09:00,added,n8ed7be4f5802,m4cff5afafdf1
2025-08-21T06:41:31+09:00,added,n0c934b0121c5,m9fcdbb31065b
2025-08-21T06:41:31+09:00,added,n0c934b0121c5,mf8cb8478293e
2025-08-21T06:41:31+09:00,added,n0c934b0121c5,m0ba8e26a833d
2025-08-20T17:06:34+09:00,added,n152f51250b76,m0e1263116987
2025-08-20T01:56:34+09:00,added,nfd8d04f028bf,m5d8f430e987f
2025-08-15T05:42:46+09:00,added,n3a7dcb5bc676,mcdd34de49473
2025-08-14T09:02:30+09:00,added,n862ac1100542,mf8cb8478293e
2025-08-14T09:02:30+09:00,added,n862ac1100542,m0ba8e26a833d
2025-08-13T11:37:13+09:00,added,n4de539de62b2,m0ba8e26a833d
2025-08-11T20:47:38+09:00,added,ne6c7734fddb2,m0e1263116987
2025-08-11T20:47:38+09:00,added,ne6c7734fddb2,mb63fce118acb
2025-08-11T08:53:47+09:00,added,n8ef4a5718b18,m9ab29979234b
2025-08-11T07:38:55+09:00,added,n8d0cf63c02c5,m9ab29979234b
2025-08-11T05:39:39+09:00,added,ne349a9819848,m9ab29979234b
2025-08-08T22:49:51+09:00,added,n07d2fe189ce8,m9ab29979234b
2025-08-08T04:29:40+09:00,added,n31f18b192c74,m5c9c88eb4983
2025-08-08T04:29:40+09:00,added,n31f18b192c74,m6aeb44e0ef33
2025-08-07T16:03:35+09:00,added,n0445095736ee,m0e1263116987
2025-08-06T15:45:01+09:00,added,nc1a597d19b64,m9ab29979234b
2025-08-06T15:45:01+09:00,added,nc1a597d19b64,m016668fc27da
2025-08-06T15:45:01+09:00,added,nc1a597d19b64,m0756c5969d24
2025-08-06T15:45:01+09:00,added,nc1a597d19b64,m0ba8e26a833d
2025-08-04T15:57:12+09:00,added,n163e4ecdbbb8,m7db9e0989306
2025-08-02T00:44:38+09:00,added,n6fa948844fb6,m16fba5ad8aa9
2025-08-01T11:15:36+09:00,added,n2bc2ce36c815,m0ba8e26a833d
2025-07-31T09:50:33+09:00,added,n481f764f0dcd,m0e1263116987
2025-07-31T09:50:33+09:00,added,n481f764f0dcd,m1e40e630e38a
2025-07-31T09:50:33+09:00,added,n481f764f0dcd,m4cff5afafdf1
2025-07-30T10:50:38+09:00,added,n678a47060494,m7db9e0989306
2025-07-30T10:50:38+09:00,added,n678a47060494,mc3b092076119
2025-07-24T13:58:54+09:00,added,nc640a05b33a1,m0e1263116987
2025-07-24T13:58:54+09:00,added,nc640a05b33a1,m7db9e0989306
2025-07-24T13:58:54+09:00,added,nc640a05b33a1,m5c9c88eb4983
2025-07-24T13:58:54+09:00,added,nc640a05b33a1,m36e9f57e3df0
2025-07-24T13:58:54+09:00,added,nc640a05b33a1,mf87a76269f2e
2025-07-24T13:58:54+09:00,added,nc640a05b33a1,mc3b092076119
2025-07-23T13:16:09+09:00,added,n85455612a361,m0e1263116987
2025-07-23T13:16:09+09:00,added,n85455612a361,m1d5daf2b930e
2025-07-18T10:51:20+09:00,added,n4594f425bca4,m0e1263116987
2025-07-17T14:25:00+09:00,added,n16d77d06e7ee,m0e1263116987
2025-07-17T14:25:00+09:00,added,n16d77d06e7ee,mc3b092076119
2025-07-10T16:42:58+09:00,added,n91d97de0afb3,m5e54fbcf6675
2025-07-10T00:10:32+09:00,added,nfa30ba32b5d3,m9ab29979234b
2025-07-03T13:44:41+09:00,added,n006fee3df7fc,m0ba8e26a833d
2025-06-16T21:17:16+09:00,added,n44210c026ac5,mdac3bfb67e3e
2025-06-16T21:17:16+09:00,added,n44210c026ac5,m1b3a3421c2e3
2025-06-16T21:17:16+09:00,added,n44210c026ac5,m016668fc27da
2025-06-16T21:17:16+09:00,added,n44210c026ac5,m6824869d4b4a
2025-06-16T21:17:16+09:00,added,n44210c026ac5,m9ab29979234b
2025-06-16T21:17:16+09:00,added,n44210c026ac5,m0ba8e26a833d
2025-05-09T14:44:44+09:00,added,n8bccadd61a72,mc3b092076119
2024-05-09T13:17:10+09:00,added,nac9b1bf08f48,m4685071cb2b4
2024-05-09T13:17:10+09:00,added,nac9b1bf08f48,mc3b092076119
2024-04-05T22:43:51+09:00,added,n66a7ec3f48fb,mdb1531090460
2024-04-05T22:43:51+09:00,added,n66a7ec3f48fb,mca2c344a0f50
2024-04-05T22:43:51+09:00,added,n66a7ec3f48fb,m1c85d4931804
2024-04-05T22:43:51+09:00,added,n66a7ec3f48fb,mc3b092076119
2026-04-18T18:11:20+09:00,added,nac0ae11b64eb,mc86c779585e3
2026-04-19T10:37:56+09:00,added,n59794c42a03b,mc86c779585e3
2026-04-19T15:06:22+09:00,added,n9e44bb3343a1,mc3b092076119
2026-04-19T15:06:22+09:00,added,nc33cb39915fa,mc86c779585e3
2026-04-19T15:06:22+09:00,added,na88592a6115b,mc86c779585e3
2026-04-19T21:46:01+09:00,added,n5371dee7e20e,mc86c779585e3
2026-04-20T01:56:25+09:00,added,n4cd8ae4c1f8f,m743c88e4a3b2
2026-04-20T10:38:21+09:00,added,n0fd87497d1a9,mc86c779585e3
2026-04-20T15:22:53+09:00,added,n5371dee7e20e,mc3b092076119
2026-04-20T15:22:53+09:00,added,nd6e2e68cead9,mc86c779585e3
2026-04-21T10:34:12+09:00,added,n5371dee7e20e,m18485b3d7e40
2026-04-21T10:34:12+09:00,added,n5371dee7e20e,mcdf4ee972bd9
2026-04-21T15:11:14+09:00,added,n0fd87497d1a9,mc3b092076119
2026-04-21T15:11:14+09:00,added,n0fd87497d1a9,md1d64f3e53b1
2026-04-21T15:11:14+09:00,added,n8ed7be4f5802,mc86c779585e3
2026-04-21T18:57:58+09:00,added,n3f0bf139a700,mc3b092076119
2026-04-21T18:57:58+09:00,added,nfd8d04f028bf,mc86c779585e3
2026-04-21T18:57:58+09:00,added,n3a7dcb5bc676,mc86c779585e3
2026-04-21T22:07:30+09:00,added,n1d5a6f56bbb6,mc86c779585e3
2026-04-22T10:34:53+09:00,added,n0f615f4dc207,mc86c779585e3
2026-04-22T15:09:22+09:00,added,na88592a6115b,mc3b092076119
2026-04-22T15:09:22+09:00,added,na69672afb4c3,mc86c779585e3
2026-04-22T22:07:51+09:00,added,n5dcd7d35b46b,m0487cabc2df9
2026-04-22T22:07:51+09:00,added,n5dcd7d35b46b,md1d64f3e53b1
2026-04-23T15:13:27+09:00,added,n5dcd7d35b46b,mc3b092076119
2026-04-24T15:16:37+09:00,added,n481f764f0dcd,mc3b092076119
2026-04-24T15:16:37+09:00,added,n481f764f0dcd,md1d64f3e53b1
2026-04-24T16:18:18+09:00,added,n74bca07871f5,mc3b092076119
2026-04-25T14:57:52+09:00,added,n5dcd7d35b46b,m285628546ea5
2026-04-25T21:49:22+09:00,added,nca1ab82ada47,mc3b092076119
2026-04-25T21:49:22+09:00,added,nca1ab82ada47,md1d64f3e53b1
2026-04-26T10:41:13+09:00,added,n5dcd7d35b46b,mc86c779585e3
2026-04-26T15:15:32+09:00,added,n59794c42a03b,mc3b092076119
2026-04-26T15:15:32+09:00,added,n0c934b0121c5,mc86c779585e3
2026-04-26T21:51:14+09:00,added,n152f51250b76,mc86c779585e3
2026-04-26T21:51:14+09:00,added,n862ac1100542,mc86c779585e3
2026-04-27T19:32:44+09:00,added,n7f4a30c3f241,mc3b092076119
2026-04-28T06:08:29+09:00,added,n7f4a30c3f241,m0487cabc2df9
2026-04-28T11:01:20+09:00,added,n7f4a30c3f241,mcdf4ee972bd9
2026-04-28T15:39:11+09:00,added,n4594f425bca4,mc3b092076119
2026-04-28T19:31:40+09:00,added,n7f4a30c3f241,m334fb05a2022
2026-04-28T22:36:46+09:00,added,n7f4a30c3f241,m7b454ccb8c26
2026-04-29T03:02:03+09:00,added,nec69a95fc26e,m61eb1f3ab318
2026-04-29T22:29:52+09:00,added,n7f4a30c3f241,mc86c779585e3
2026-04-30T11:03:27+09:00,added,n7f4a30c3f241,m54b2ccd56b12
2026-04-30T11:03:27+09:00,added,n7f4a30c3f241,m6d3400fb7014
2026-05-01T11:05:18+09:00,added,naf84080972a8,m6d69812caeed
2026-05-01T11:05:18+09:00,added,naf84080972a8,m54b2ccd56b12
2026-05-01T15:45:58+09:00,added,naf84080972a8,md1d64f3e53b1
2026-05-01T15:45:58+09:00,added,naf84080972a8,mc3b092076119
2026-05-01T19:02:01+09:00,added,naf84080972a8,m94ad7e58cb14
2026-05-01T21:42:28+09:00,added,naf84080972a8,mc86c779585e3
2026-05-02T10:43:43+09:00,added,naf84080972a8,m3ce42393f8fa
2026-05-02T15:15:50+09:00,added,n7f4a30c3f241,md1d64f3e53b1
2026-05-02T18:24:01+09:00,added,naf84080972a8,m0487cabc2df9
2026-05-02T18:24:01+09:00,added,naf84080972a8,m634e2c0576ca
2026-05-04T19:30:30+09:00,added,ndbf8f33883b6,m0487cabc2df9
2026-05-05T02:56:32+09:00,added,nec69a95fc26e,m62bc36551d16
2026-05-05T02:56:32+09:00,added,ndbf8f33883b6,m6d69812caeed
2026-05-05T11:00:42+09:00,added,n9175b378769d,m0487cabc2df9
2026-05-05T22:16:35+09:00,added,n1cb1dac8905c,m2e9b901b1ba9
2026-05-05T22:16:35+09:00,added,n1cb1dac8905c,mfc9d03c23504
2026-05-05T22:16:35+09:00,added,ne937cce960b1,m2e9b901b1ba9
2026-05-05T22:16:35+09:00,added,ne937cce960b1,mfc9d03c23504
2026-05-05T22:16:35+09:00,added,n74e2ee247ab9,mfc9d03c23504
2026-05-05T22:16:35+09:00,added,n74e2ee247ab9,m2e9b901b1ba9
2026-05-06T15:38:56+09:00,added,ndbf8f33883b6,m7b454ccb8c26
2026-05-06T22:40:44+09:00,added,ndbf8f33883b6,md1d64f3e53b1
2026-05-07T02:57:22+09:00,added,ndbf8f33883b6,m62bc36551d16
2026-05-07T02:57:22+09:00,added,ndbf8f33883b6,m7e91480c319f
2026-05-07T02:57:22+09:00,added,naf84080972a8,m62bc36551d16
2026-05-07T02:57:22+09:00,added,n7f4a30c3f241,m62bc36551d16
2026-05-07T19:41:48+09:00,added,ndbf8f33883b6,m78e1caab29a1
2026-05-08T22:17:49+09:00,added,naf84080972a8,m78e1caab29a1
2026-05-09T02:33:50+09:00,added,ndbf8f33883b6,mc3b092076119
2026-05-09T11:02:00+09:00,added,na7c959e7f2bc,m6d69812caeed
2026-05-09T22:01:30+09:00,added,na7c959e7f2bc,mc3b092076119
2026-05-10T18:53:58+09:00,added,na7c959e7f2bc,m0487cabc2df9
2026-05-11T11:10:47+09:00,added,n97acf25f2cb2,mcdd34de49473
2026-05-12T15:46:05+09:00,added,n97acf25f2cb2,mc3b092076119
2026-05-13T06:26:21+09:00,added,n90555bdb2c36,m0ba8e26a833d
2026-05-13T11:11:43+09:00,added,n90555bdb2c36,m0487cabc2df9
2026-05-13T19:45:37+09:00,added,n90555bdb2c36,mc3b092076119
2026-05-14T15:56:04+09:00,added,na7c959e7f2bc,m8cce537902ce
2026-05-14T19:34:55+09:00,added,n90555bdb2c36,mc86c779585e3
2026-05-14T19:34:55+09:00,added,n24531033bc1f,m0487cabc2df9
2026-05-15T11:11:54+09:00,added,ne979740af583,m0ba8e26a833d
2026-05-15T11:11:54+09:00,added,n97acf25f2cb2,mc86c779585e3
2026-05-15T16:04:33+09:00,added,ne979740af583,mc86c779585e3
2026-05-15T22:36:04+09:00,added,ndbf8f33883b6,mc86c779585e3
2026-05-15T22:36:04+09:00,added,n4de539de62b2,mc86c779585e3
2026-05-16T11:05:19+09:00,added,ne6c7734fddb2,mc86c779585e3
2026-05-16T18:57:24+09:00,added,n8ef4a5718b18,mc86c779585e3
2026-05-16T22:05:10+09:00,added,n8d0cf63c02c5,mc86c779585e3
2026-05-17T11:10:14+09:00,added,ne349a9819848,mc86c779585e3
2026-05-17T15:54:43+09:00,added,n07d2fe189ce8,mc86c779585e3
2026-05-17T22:02:07+09:00,added,n3a9ebc6224f8,mc86c779585e3
2026-05-18T11:19:34+09:00,added,n41bfade08108,m6d69812caeed
2026-05-18T11:19:34+09:00,added,n31f18b192c74,mc86c779585e3
2026-05-18T17:09:24+09:00,added,n41bfade08108,mc86c779585e3
2026-05-18T17:09:24+09:00,added,n41bfade08108,mc3b092076119
2026-05-19T20:38:02+09:00,added,n41bfade08108,m0921d4d120a8
2026-05-19T20:38:02+09:00,added,ne979740af583,m0487cabc2df9
2026-05-20T23:42:24+09:00,added,n41bfade08108,mcdf4ee972bd9
2026-05-21T23:50:25+09:00,removed,n8ef4a5718b18,m9ab29979234b
2026-05-21T23:50:25+09:00,removed,n8d0cf63c02c5,m9ab29979234b
2026-05-21T23:50:25+09:00,removed,ne349a9819848,m9ab29979234b
2026-05-21T23:50:25+09:00,removed,n07d2fe189ce8,m9ab29979234b
2026-05-21T23:50:25+09:00,removed,nc1a597d19b64,m9ab29979234b
2026-05-21T23:50:25+09:00,removed,nfa30ba32b5d3,m9ab29979234b
2026-05-21T23:50:25+09:00,removed,n44210c026ac5,m9ab29979234b
2026-05-22T03:14:12+09:00,added,nfca21bc071f9,m0487cabc2df9
2026-05-22T06:37:50+09:00,added,n3894360fc092,m0487cabc2df9
2026-05-22T11:19:52+09:00,added,nd8003866a109,m6d69812caeed
2026-05-22T16:51:22+09:00,added,nd8003866a109,m0487cabc2df9
2026-05-22T20:07:46+09:00,added,nd8003866a109,mc86c779585e3
2026-05-23T06:18:36+09:00,added,na69672afb4c3,m0487cabc2df9
2026-05-23T11:09:38+09:00,added,n0445095736ee,mc86c779585e3
2026-05-23T15:43:34+09:00,added,nc1a597d19b64,mc86c779585e3
2026-05-23T19:11:20+09:00,added,nd8003866a109,m74c57ab6ff5e
2026-05-23T19:11:20+09:00,added,ne979740af583,m74c57ab6ff5e
2026-05-23T19:11:20+09:00,added,ndbf8f33883b6,m74c57ab6ff5e
2026-05-24T02:16:19+09:00,added,nd8003866a109,mc3b092076119
2026-05-24T11:16:04+09:00,added,nd8003866a109,m60fb5d15f701
2026-05-24T16:10:10+09:00,added,na7c959e7f2bc,m7641aeb398d3
2026-05-24T19:12:27+09:00,added,n0c934b0121c5,m0487cabc2df9
2026-05-25T06:00:05+09:00,added,nc3c64ad113f6,m0487cabc2df9
2026-05-25T11:23:56+09:00,added,nec69a95fc26e,m60fb5d15f701
2026-05-25T17:27:00+09:00,added,n41bfade08108,m60fb5d15f701
2026-05-26T16:50:57+09:00,added,na01a470320f6,m0ba8e26a833d
2026-05-26T16:50:57+09:00,added,na01a470320f6,mcdd34de49473
2026-05-26T16:50:57+09:00,added,na01a470320f6,m6d69812caeed
2026-05-26T16:50:57+09:00,added,na01a470320f6,mc3b092076119
2026-05-26T23:45:41+09:00,added,nec69a95fc26e,m6d69812caeed
2026-05-27T11:23:29+09:00,added,na01a470320f6,m0487cabc2df9
2026-05-27T17:10:14+09:00,added,nd8003866a109,md1d64f3e53b1
2026-05-27T17:10:14+09:00,added,ne979740af583,mc3b092076119
2026-05-28T11:06:55+09:00,added,n4de539de62b2,m0487cabc2df9
2026-05-28T17:04:20+09:00,removed,n6fa948844fb6,m16fba5ad8aa9
2026-05-28T20:56:52+09:00,added,nc93cd8901467,m0ba8e26a833d
2026-05-28T20:56:52+09:00,added,n8a31171c5544,m0ba8e26a833d
2026-05-28T20:56:52+09:00,added,n4236b8bd5099,m0ba8e26a833d
2026-05-28T20:56:52+09:00,added,nb3020dd86220,m0ba8e26a833d
2026-05-28T20:56:52+09:00,added,n1cae8739a84d,m0ba8e26a833d
2026-05-28T20:56:52+09:00,added,n52a33374ca47,m0ba8e26a833d
2026-05-29T03:52:11+09:00,added,nac9b1bf08f48,m0487cabc2df9
2026-05-29T11:16:17+09:00,added,n906294a73458,m0ba8e26a833d
2026-05-29T17:01:35+09:00,added,n906294a73458,mc86c779585e3
2026-05-29T17:01:35+09:00,added,n906294a73458,mc3b092076119
2026-05-29T20:47:34+09:00,added,nec69a95fc26e,m7ae6f1512188
2026-05-29T20:47:34+09:00,added,n906294a73458,m0487cabc2df9
2026-05-29T20:47:34+09:00,added,n906294a73458,m78e1caab29a1
2026-05-29T20:47:34+09:00,added,n906294a73458,m7ae6f1512188
2026-05-29T20:47:34+09:00,added,na01a470320f6,mc86c779585e3
2026-05-30T07:03:39+09:00,added,n41bfade08108,m0487cabc2df9
2026-05-30T22:12:46+09:00,added,na01a470320f6,m78e1caab29a1
2026-05-31T06:02:53+09:00,added,nd7bf1ff810c9,m0487cabc2df9
2026-05-31T06:02:53+09:00,added,nce71a51c69a1,m0487cabc2df9
2026-05-31T19:32:30+09:00,added,nd8003866a109,m78e1caab29a1
2026-05-31T19:32:30+09:00,added,n006fee3df7fc,m0487cabc2df9
2026-06-01T06:06:58+09:00,added,nc1a597d19b64,m0487cabc2df9
2026-06-01T11:46:57+09:00,added,n8c7aefd65e5a,md1d64f3e53b1
2026-06-01T11:46:57+09:00,added,n8c7aefd65e5a,m0487cabc2df9
2026-06-01T11:46:57+09:00,added,n8c7aefd65e5a,mc3b092076119
2026-06-01T18:29:06+09:00,added,n8c7aefd65e5a,mc86c779585e3
2026-06-01T22:56:16+09:00,added,n8c7aefd65e5a,m78e1caab29a1
2026-06-02T02:24:36+09:00,added,n8c7aefd65e5a,me50627303786
2026-06-02T07:45:24+09:00,added,n2661d3f1fb02,m0487cabc2df9
2026-06-02T10:17:23+09:00,added,n8c7aefd65e5a,ma5b74cf1390f
2026-06-02T21:22:31+09:00,added,n8c7aefd65e5a,m163dc37f6ff3
2026-06-02T21:22:31+09:00,added,nf3e8ab5a6cff,m62e5b43b8c13
2026-06-02T21:22:31+09:00,added,n409866484455,m62e5b43b8c13
2026-06-02T21:22:31+09:00,added,n84e3c3872b9d,m62e5b43b8c13
2026-06-03T01:06:08+09:00,added,n8c7aefd65e5a,mb607a414c367
2026-06-03T07:34:44+09:00,added,n862ac1100542,m0487cabc2df9
2026-06-03T11:50:53+09:00,added,n8c7aefd65e5a,m577621a5a30d
2026-06-03T18:03:42+09:00,added,n8c7aefd65e5a,m743c88e4a3b2
2026-06-04T05:07:36+09:00,added,n8c7aefd65e5a,m1c85d4931804
2026-06-04T05:07:36+09:00,added,n8c7aefd65e5a,m278d9869816c
2026-06-04T07:40:04+09:00,added,n906294a73458,m743c88e4a3b2
2026-06-04T07:40:04+09:00,added,n8a31171c5544,m577621a5a30d
2026-06-04T17:28:09+09:00,added,nd8003866a109,m743c88e4a3b2
2026-06-05T20:47:54+09:00,added,n25a7054d1117,m743c88e4a3b2
2026-06-05T23:31:36+09:00,added,n25a7054d1117,mc3b092076119
2026-06-06T06:35:05+09:00,added,n25a7054d1117,m0487cabc2df9
2026-06-06T06:35:05+09:00,added,n25a7054d1117,m577621a5a30d
2026-06-06T19:21:35+09:00,added,n25a7054d1117,mc86c779585e3
2026-06-06T22:16:10+09:00,added,n163e4ecdbbb8,mc86c779585e3
2026-06-08T11:46:25+09:00,added,nec69a95fc26e,mf0754beeea3b
2026-06-08T18:01:51+09:00,added,n25a7054d1117,mcdf4ee972bd9
2026-06-09T16:52:42+09:00,added,n3a8e6fae5f46,m743c88e4a3b2
2026-06-09T16:52:42+09:00,added,n3a8e6fae5f46,m0487cabc2df9
2026-06-09T16:52:42+09:00,added,n3a8e6fae5f46,m6d69812caeed
2026-06-09T16:52:42+09:00,added,n0445095736ee,m0487cabc2df9
2026-06-09T20:33:55+09:00,added,n3a8e6fae5f46,mc3b092076119
2026-06-10T11:24:04+09:00,added,n3a8e6fae5f46,mc86c779585e3
2026-06-10T17:16:16+09:00,added,n3a8e6fae5f46,m192171037579
2026-06-10T23:59:55+09:00,added,n6fa948844fb6,mc86c779585e3
2026-06-12T07:10:59+09:00,added,n3a8e6fae5f46,m577621a5a30d
2026-06-12T07:10:59+09:00,added,n4236b8bd5099,m0487cabc2df9
2026-06-13T06:41:55+09:00,added,n889ecfff2767,m54b2ccd56b12
2026-06-13T11:22:30+09:00,added,n889ecfff2767,m743c88e4a3b2
2026-06-13T11:22:30+09:00,added,n889ecfff2767,m6d69812caeed
2026-06-13T11:22:30+09:00,added,n889ecfff2767,mcfb504b2261b
2026-06-13T11:22:30+09:00,added,n889ecfff2767,m192171037579
2026-06-13T16:56:19+09:00,added,n889ecfff2767,mc86c779585e3
2026-06-13T16:56:19+09:00,added,n889ecfff2767,m0487cabc2df9
2026-06-14T11:45:39+09:00,added,n889ecfff2767,mca2c344a0f50
2026-06-14T11:45:39+09:00,added,n889ecfff2767,mf7c9271b4e5e
2026-06-14T11:45:39+09:00,added,n889ecfff2767,m8b2a6058aa58
2026-06-14T11:45:39+09:00,added,n889ecfff2767,m74b154cd7893
2026-06-14T11:45:39+09:00,added,n889ecfff2767,m16580951510b
2026-06-14T11:45:39+09:00,added,n889ecfff2767,m278d9869816c
2026-06-14T11:45:39+09:00,added,n889ecfff2767,m1c85d4931804
2026-06-14T11:45:39+09:00,added,n889ecfff2767,m559fa39e9163
2026-06-14T11:45:39+09:00,added,n889ecfff2767,m432831006c95
2026-06-14T17:24:44+09:00,removed,n889ecfff2767,m8b2a6058aa58
2026-06-16T05:04:44+09:00,added,n889ecfff2767,m8b2a6058aa58
2026-06-16T05:04:44+09:00,added,n889ecfff2767,mc2b45bc420e2
2026-06-17T04:54:16+09:00,added,ne31f86f22218,m577621a5a30d
2026-06-17T11:49:54+09:00,added,nd6d18240ef94,mcdd34de49473
2026-06-17T18:10:08+09:00,added,nd6d18240ef94,m743c88e4a3b2
2026-06-17T18:10:08+09:00,added,nd6d18240ef94,m1d3b04eb90c2
2026-06-17T18:10:08+09:00,added,nd6d18240ef94,m0487cabc2df9
2026-06-17T18:10:08+09:00,added,nd6d18240ef94,md7b7ee5bc058
2026-06-17T18:10:08+09:00,added,nd6d18240ef94,mc2b45bc420e2
2026-06-17T18:10:08+09:00,added,nd6d18240ef94,m577621a5a30d
2026-06-17T18:10:08+09:00,added,nd6d18240ef94,m1de95ffb4171
2026-06-17T18:10:08+09:00,added,nd6d18240ef94,m192171037579
2026-06-17T21:35:55+09:00,added,n2bc2ce36c815,mc86c779585e3
2026-06-18T11:47:46+09:00,added,nd6d18240ef94,mc86c779585e3
2026-06-18T11:47:46+09:00,added,na01a470320f6,m743c88e4a3b2
2026-06-18T11:47:46+09:00,added,ne0493ce22e1f,m577621a5a30d
2026-06-18T11:47:46+09:00,added,ne0493ce22e1f,m1de95ffb4171
2026-06-18T11:47:46+09:00,added,n1cae8739a84d,m577621a5a30d
2026-06-18T17:47:55+09:00,added,nd6d18240ef94,mf66916a43a3f
2026-06-18T17:47:55+09:00,added,n9ff53fadfcd1,mc86c779585e3
2026-06-18T21:08:55+09:00,added,n481f764f0dcd,mc86c779585e3
2026-06-18T23:54:07+09:00,added,n3a8e6fae5f46,mf815c8f3b6d2
2026-06-21T11:47:59+09:00,added,n889ecfff2767,mcdf4ee972bd9
2026-06-21T20:35:18+09:00,added,n596d8ba33868,mcdd34de49473
2026-06-21T22:45:27+09:00,added,n596d8ba33868,mc86c779585e3
2026-06-22T02:56:49+09:00,added,n596d8ba33868,m577621a5a30d
2026-06-22T02:56:49+09:00,added,n596d8ba33868,md7b7ee5bc058
2026-06-22T06:23:56+09:00,added,n596d8ba33868,m0487cabc2df9
2026-06-22T11:52:28+09:00,added,nd6d18240ef94,mf7c9271b4e5e
2026-06-22T11:52:28+09:00,added,nd6d18240ef94,mca2c344a0f50
2026-06-22T11:52:28+09:00,added,nd6d18240ef94,mb6fdd52683d6
2026-06-22T11:52:28+09:00,added,nd6d18240ef94,m1661c964eec9
2026-06-22T11:52:28+09:00,added,nd6d18240ef94,m8b2a6058aa58
2026-06-22T11:52:28+09:00,added,nd6d18240ef94,m95b78222e9b9
2026-06-22T11:52:28+09:00,added,nd6d18240ef94,m559fa39e9163
2026-06-22T11:52:28+09:00,added,nd6d18240ef94,m278d9869816c
2026-06-22T11:52:28+09:00,added,nd6d18240ef94,m1c85d4931804
2026-06-22T18:56:28+09:00,added,nec69a95fc26e,mad96a0565c7d
2026-06-22T18:56:28+09:00,added,n596d8ba33868,m192171037579
2026-06-22T18:56:28+09:00,added,n3a8e6fae5f46,mad96a0565c7d
2026-06-26T23:41:58+09:00,added,n596d8ba33868,m78e1caab29a1
2026-06-28T06:18:47+09:00,added,n14dc92b65765,mcdd34de49473
2026-06-28T06:18:47+09:00,added,n14dc92b65765,m278d9869816c
2026-06-28T06:18:47+09:00,added,n14dc92b65765,m1c85d4931804
2026-06-28T06:18:47+09:00,added,n14dc92b65765,m32528b24bba4
2026-06-28T06:18:47+09:00,added,n14dc92b65765,mb6fdd52683d6
2026-06-28T06:18:47+09:00,added,n14dc92b65765,m2c2abcaf45bd
2026-06-28T13:40:19+09:00,added,n14dc92b65765,m0487cabc2df9
2026-06-28T13:40:19+09:00,added,n14dc92b65765,md7b7ee5bc058
2026-06-28T13:40:19+09:00,added,n14dc92b65765,mc2b45bc420e2
2026-06-28T13:40:19+09:00,added,n14dc92b65765,m577621a5a30d
2026-06-28T13:40:19+09:00,added,n14dc92b65765,m1de95ffb4171
2026-06-28T13:40:19+09:00,added,n14dc92b65765,m3dae738ba1c1
2026-06-28T17:12:43+09:00,added,n14dc92b65765,mc86c779585e3
2026-06-28T17:12:43+09:00,added,n889ecfff2767,m142ba9c771dc
2026-06-28T17:12:43+09:00,added,n889ecfff2767,m1b108ae39abb
2026-06-28T19:35:50+09:00,added,n889ecfff2767,md33c43d62052
2026-06-29T02:35:25+09:00,added,n3a8e6fae5f46,m3dae738ba1c1
2026-06-29T14:00:30+09:00,added,nec69a95fc26e,m2f2976ed47fe
2026-06-29T14:00:30+09:00,added,nec69a95fc26e,mf248a9444336
2026-06-29T14:00:30+09:00,added,n678a47060494,mc86c779585e3
2026-06-29T14:00:30+09:00,added,nc640a05b33a1,mc86c779585e3
2026-06-29T18:21:28+09:00,added,n85455612a361,mc86c779585e3
2026-06-29T21:37:56+09:00,removed,n889ecfff2767,mcfb504b2261b
2026-06-30T00:41:54+09:00,added,n25a7054d1117,m1b108ae39abb
2026-06-30T00:41:54+09:00,added,n25a7054d1117,m142ba9c771dc
2026-06-30T00:41:54+09:00,added,n25a7054d1117,m2f2976ed47fe
2026-06-30T00:41:54+09:00,added,n25a7054d1117,mf248a9444336
2026-06-30T03:27:13+09:00,added,n14dc92b65765,m2e9b901b1ba9
2026-06-30T03:27:13+09:00,added,n14dc92b65765,mfc9d03c23504
2026-06-30T13:26:39+09:00,added,n14dc92b65765,m192171037579
2026-06-30T13:26:39+09:00,added,n8c7aefd65e5a,m0a4b0dfbdb55
2026-06-30T13:26:39+09:00,added,n4594f425bca4,mc86c779585e3
2026-06-30T13:26:39+09:00,added,n16d77d06e7ee,mc86c779585e3
2026-06-30T20:04:00+09:00,added,n9e44bb3343a1,m0487cabc2df9
2026-06-30T23:08:04+09:00,added,naf84080972a8,m90ca379e4c9a
2026-06-30T23:08:04+09:00,added,n16644562bdd1,mc86c779585e3
2026-07-01T03:12:40+09:00,added,nec69a95fc26e,mf67a0e2be6bc
2026-07-01T03:12:40+09:00,added,n14dc92b65765,m60fb5d15f701
2026-07-01T06:38:23+09:00,added,n14dc92b65765,m54b2ccd56b12
2026-07-02T06:38:16+09:00,added,n41bfade08108,me15d8c34fee4
2026-07-02T13:16:30+09:00,added,n596d8ba33868,m3dae738ba1c1
2026-07-02T13:16:30+09:00,added,n66a7ec3f48fb,m7e46a705cb77
2026-07-02T19:39:00+09:00,added,n14dc92b65765,mca2c344a0f50
2026-07-02T19:39:00+09:00,added,n14dc92b65765,m559fa39e9163
2026-07-02T19:39:00+09:00,added,n14dc92b65765,mf7c9271b4e5e
2026-07-02T19:39:00+09:00,added,n14dc92b65765,m95b78222e9b9
2026-07-02T19:39:00+09:00,added,n889ecfff2767,m7e46a705cb77
2026-07-02T19:39:00+09:00,added,n25a7054d1117,m7e46a705cb77
2026-07-02T22:36:27+09:00,added,na7c959e7f2bc,me15d8c34fee4
2026-07-03T03:06:26+09:00,added,n8c7aefd65e5a,m389d15e5ca81
2026-07-03T13:03:04+09:00,added,nd9228a3a133a,m253b6015d287
2026-07-03T13:03:04+09:00,added,nd9228a3a133a,m0487cabc2df9
2026-07-03T13:03:04+09:00,added,nd9228a3a133a,md7b7ee5bc058
2026-07-03T13:03:04+09:00,added,nd9228a3a133a,m7e46a705cb77
2026-07-03T13:03:04+09:00,added,nd9228a3a133a,m389d15e5ca81
2026-07-03T13:03:04+09:00,added,nd9228a3a133a,m7ae6f1512188
2026-07-03T13:03:04+09:00,added,nd9228a3a133a,mc86c779585e3
2026-07-03T13:03:04+09:00,added,nd9228a3a133a,mb80e8e661ebe
2026-07-03T16:43:00+09:00,added,nd9228a3a133a,m192171037579
2026-07-03T16:43:00+09:00,added,n91d97de0afb3,mc86c779585e3
2026-07-03T19:35:22+09:00,added,nfa30ba32b5d3,mc86c779585e3
2026-07-04T12:54:39+09:00,added,nd9228a3a133a,m577621a5a30d
2026-07-04T12:54:39+09:00,added,nd9228a3a133a,m743c88e4a3b2
2026-07-04T12:54:39+09:00,added,nd9228a3a133a,me15d8c34fee4
2026-07-05T13:14:00+09:00,added,n14dc92b65765,m743c88e4a3b2
2026-07-05T13:14:00+09:00,added,nd8003866a109,m7e46a705cb77
2026-07-06T13:18:51+09:00,added,na01a470320f6,m389d15e5ca81
2026-07-06T13:18:51+09:00,added,n41bfade08108,m3dae738ba1c1
2026-07-07T23:13:20+09:00,added,n497fe111b70d,m21d6f6c8fc42
2026-07-07T23:13:20+09:00,added,n497fe111b70d,md7b7ee5bc058
2026-07-07T23:13:20+09:00,added,n497fe111b70d,m192171037579
2026-07-07T23:13:20+09:00,added,n497fe111b70d,m0a4b0dfbdb55
2026-07-07T23:13:20+09:00,added,nd9228a3a133a,mc08cb4916e00
2026-07-08T03:16:00+09:00,added,n497fe111b70d,m577621a5a30d
2026-07-09T13:04:26+09:00,added,n497fe111b70d,m3dae738ba1c1
2026-07-09T13:04:26+09:00,added,nac9b1bf08f48,m7e46a705cb77
2026-07-09T23:38:32+09:00,added,n73bacd17ab2b,m7e46a705cb77
2026-07-10T13:06:24+09:00,added,n497fe111b70d,md929b2a701ae
2026-07-10T13:06:24+09:00,added,n41bfade08108,m1de95ffb4171
2026-07-11T15:32:25+09:00,added,ne979740af583,m389d15e5ca81
2026-07-13T02:16:00+09:00,added,n497fe111b70d,mfc9d03c23504
2026-07-13T02:16:00+09:00,added,n497fe111b70d,m2e9b901b1ba9
2026-07-13T12:45:40+09:00,added,nba6b4978f497,m1d3b04eb90c2
2026-07-13T12:45:40+09:00,added,nba6b4978f497,m0487cabc2df9
2026-07-13T12:45:40+09:00,added,nba6b4978f497,md7b7ee5bc058
2026-07-13T12:45:40+09:00,added,nba6b4978f497,mc2b45bc420e2
2026-07-13T12:45:40+09:00,added,nba6b4978f497,m6385e6083b05
2026-07-13T12:45:40+09:00,added,nba6b4978f497,m577621a5a30d
2026-07-13T12:45:40+09:00,added,nba6b4978f497,m1de95ffb4171
2026-07-13T12:45:40+09:00,added,nba6b4978f497,m743c88e4a3b2
2026-07-13T12:45:40+09:00,added,nba6b4978f497,m192171037579
2026-07-13T12:45:40+09:00,added,nba6b4978f497,m3dae738ba1c1
2026-07-13T12:45:40+09:00,added,n497fe111b70d,m743c88e4a3b2
2026-07-13T19:58:26+09:00,added,nba6b4978f497,mc86c779585e3
2026-07-13T19:58:26+09:00,added,nca1ab82ada47,m389d15e5ca81
2026-07-13T19:58:26+09:00,added,n74bca07871f5,m7e46a705cb77
2026-07-13T23:09:10+09:00,added,n596d8ba33868,m743c88e4a3b2
2026-07-14T12:07:01+09:00,added,n8bccadd61a72,m7e46a705cb77
2026-07-15T02:31:19+09:00,added,n44210c026ac5,m389d15e5ca81
2026-07-15T02:31:19+09:00,added,n44210c026ac5,mfc9d03c23504
2026-07-15T06:10:50+09:00,added,n497fe111b70d,m0487cabc2df9
2026-07-15T06:10:50+09:00,removed,n497fe111b70d,m21d6f6c8fc42
2026-07-15T12:05:24+09:00,added,nba6b4978f497,m3b2765f0afce
2026-07-15T12:05:24+09:00,added,n131635fd18a2,m7e46a705cb77
2026-07-15T15:34:38+09:00,added,nba6b4978f497,mc08cb4916e00
2026-07-16T12:28:17+09:00,added,nba6b4978f497,mcdf4ee972bd9
2026-07-16T12:28:17+09:00,added,n596d8ba33868,m9952d6601f29
2026-07-17T02:36:14+09:00,added,nba6b4978f497,me5481b3218cd
2026-07-17T18:55:36+09:00,added,nfc6d470427c2,m0ba8e26a833d
2026-07-17T22:09:28+09:00,added,nfc6d470427c2,m21d6f6c8fc42
2026-07-17T22:09:28+09:00,added,nfc6d470427c2,md7b7ee5bc058
2026-07-18T02:29:00+09:00,added,nec69a95fc26e,m92f1af23610d
2026-07-18T02:29:00+09:00,added,nfc6d470427c2,m743c88e4a3b2
2026-07-18T06:05:20+09:00,added,nfc6d470427c2,m192171037579
2026-07-18T12:08:08+09:00,added,nfc6d470427c2,mc86c779585e3
2026-07-20T02:14:36+09:00,added,nfc6d470427c2,m389d15e5ca81
2026-07-20T16:07:28+09:00,added,n21b0a121d447,m389d15e5ca81
2026-07-21T03:20:17+09:00,added,nfc6d470427c2,me5481b3218cd
2026-07-21T12:33:59+09:00,added,nfc6d470427c2,md929b2a701ae
2026-07-21T12:33:59+09:00,added,n41bfade08108,m743c88e4a3b2
2026-07-21T15:47:38+09:00,added,nc93cd8901467,m389d15e5ca81
2026-07-21T19:23:49+09:00,added,nfc6d470427c2,m0487cabc2df9
2026-07-21T19:23:49+09:00,removed,nfc6d470427c2,m21d6f6c8fc42
2026-07-21T19:23:49+09:00,added,n596d8ba33868,me354ebbf0bba
2026-07-21T19:23:49+09:00,added,n006fee3df7fc,m389d15e5ca81
2026-07-22T19:24:18+09:00,added,nfc6d470427c2,m4b9197679bdd
2026-07-22T19:24:18+09:00,added,n90555bdb2c36,m389d15e5ca81
2026-07-22T22:29:11+09:00,added,n906294a73458,m4b9197679bdd
2026-07-23T12:39:48+09:00,added,nfc0f82831ee9,m0ba8e26a833d
2026-07-23T12:39:48+09:00,added,nfc0f82831ee9,m0487cabc2df9
2026-07-23T12:39:48+09:00,added,nfc0f82831ee9,md7b7ee5bc058
2026-07-23T12:39:48+09:00,added,nfc0f82831ee9,mc2b45bc420e2
2026-07-23T12:39:48+09:00,added,nfc0f82831ee9,m577621a5a30d
2026-07-23T12:39:48+09:00,added,nfc0f82831ee9,m1de95ffb4171
2026-07-23T12:39:48+09:00,added,nfc0f82831ee9,m192171037579
2026-07-23T22:31:36+09:00,added,nfc0f82831ee9,mc86c779585e3
2026-07-26T12:45:26+09:00,added,nb430ecf04b1f,m0ba8e26a833d
2026-07-26T12:45:26+09:00,added,nb430ecf04b1f,m0487cabc2df9
2026-07-26T12:45:26+09:00,added,nb430ecf04b1f,md7b7ee5bc058
2026-07-26T12:45:26+09:00,added,nb430ecf04b1f,mc2b45bc420e2
2026-07-26T12:45:26+09:00,added,nb430ecf04b1f,m6385e6083b05
2026-07-26T12:45:26+09:00,added,nb430ecf04b1f,m577621a5a30d
2026-07-26T12:45:26+09:00,added,nb430ecf04b1f,m1de95ffb4171
2026-07-26T19:00:40+09:00,added,nb430ecf04b1f,m743c88e4a3b2
2026-07-27T12:53:38+09:00,added,nb430ecf04b1f,mc86c779585e3
2026-07-27T16:52:43+09:00,added,nec69a95fc26e,m531dee90a84a
2026-07-28T06:20:52+09:00,added,nec69a95fc26e,mcc29c35f1d2c
2026-07-29T19:38:50+09:00,removed,ne31f86f22218,m789eaefb24b6
2026-07-29T19:38:50+09:00,removed,ne31f86f22218,mcb36bd4f7fc0
2026-07-30T12:02:23+09:00,added,nb430ecf04b1f,m4b9197679bdd
2026-07-30T12:02:23+09:00,added,nfc0f82831ee9,m4b9197679bdd
2026-08-01T12:44:43+09:00,added,nd207bee9bb06,m54b2ccd56b12
2026-08-01T12:44:43+09:00,added,nd207bee9bb06,m743c88e4a3b2
2026-08-01T12:44:43+09:00,added,nd207bee9bb06,m192171037579
2026-08-01T15:48:16+09:00,added,nd207bee9bb06,m62e5b43b8c13
2026-08-01T15:48:16+09:00,added,n497fe111b70d,m92f1af23610d
2026-08-01T19:00:18+09:00,added,nfc0f82831ee9,m743c88e4a3b2
2026-08-01T19:00:18+09:00,added,nba6b4978f497,m92f1af23610d
2026-08-01T22:02:41+09:00,removed,nb430ecf04b1f,m6385e6083b05
2026-08-01T22:02:41+09:00,removed,nba6b4978f497,m6385e6083b05
2026-08-02T12:45:31+09:00,added,nec69a95fc26e,m768b3f4cf6e4
2026-08-02T12:45:31+09:00,added,nd207bee9bb06,mcdf4ee972bd9
2026-08-02T12:45:31+09:00,added,nd207bee9bb06,m768b3f4cf6e4
2026-08-02T12:45:31+09:00,added,nd207bee9bb06,md33c43d62052
2026-08-02T22:06:12+09:00,added,nd207bee9bb06,m78e1caab29a1
2026-08-03T06:06:47+09:00,added,nd207bee9bb06,m0487cabc2df9
2026-08-03T06:06:47+09:00,added,nd207bee9bb06,md7b7ee5bc058
2026-08-03T06:06:47+09:00,added,nd207bee9bb06,mc2b45bc420e2
2026-08-03T06:06:47+09:00,added,nd207bee9bb06,m577621a5a30d
2026-08-03T06:06:47+09:00,added,nd207bee9bb06,m1de95ffb4171
2026-08-03T12:46:04+09:00,added,nd207bee9bb06,m92f1af23610d
2026-08-03T12:46:04+09:00,added,nd207bee9bb06,m0a4b0dfbdb55
2026-08-04T03:11:34+09:00,added,nb430ecf04b1f,m78e1caab29a1
2026-08-04T12:28:38+09:00,added,n0e75ffc948ca,m0ba8e26a833d
2026-08-04T12:28:38+09:00,added,n0e75ffc948ca,mcdd34de49473
2026-08-04T12:28:38+09:00,added,n0e75ffc948ca,m192171037579
2026-08-04T12:28:38+09:00,added,n0e75ffc948ca,mf66916a43a3f
2026-08-04T12:28:38+09:00,added,n0e75ffc948ca,m0487cabc2df9
2026-08-04T12:28:38+09:00,added,n0e75ffc948ca,md7b7ee5bc058
2026-08-04T12:28:38+09:00,added,n0e75ffc948ca,mc2b45bc420e2
2026-08-04T12:28:38+09:00,added,n84e3c3872b9d,m0487cabc2df9
2026-08-04T15:47:39+09:00,added,n0e75ffc948ca,m743c88e4a3b2
2026-08-04T19:37:54+09:00,added,n0e75ffc948ca,m577621a5a30d
2026-08-04T19:37:54+09:00,added,n0e75ffc948ca,m1de95ffb4171
2026-08-04T22:54:42+09:00,added,n0e75ffc948ca,m78e1caab29a1
2026-08-05T22:43:39+09:00,added,nfc0f82831ee9,m78e1caab29a1
2026-08-06T12:27:41+09:00,added,na7c959e7f2bc,m92f1af23610d
2026-08-06T15:51:08+09:00,added,n0e75ffc948ca,m5859f3e37b5f
2026-08-06T22:42:47+09:00,added,nfc6d470427c2,m78e1caab29a1
2026-08-07T10:06:35+09:00,added,n0e75ffc948ca,m54b2ccd56b12
2026-08-07T14:58:20+09:00,added,nd31581d35395,m0ba8e26a833d
2026-08-07T17:56:33+09:00,added,nd31581d35395,m743c88e4a3b2
2026-08-07T17:56:33+09:00,added,nd31581d35395,m0487cabc2df9
2026-08-07T17:56:33+09:00,added,nd31581d35395,md7b7ee5bc058
2026-08-07T17:56:33+09:00,added,nd31581d35395,mc2b45bc420e2
2026-08-07T17:56:33+09:00,added,nd31581d35395,m577621a5a30d
2026-08-07T17:56:33+09:00,added,nd31581d35395,m1de95ffb4171
2026-08-07T21:50:14+09:00,added,nd31581d35395,m78e1caab29a1
2026-08-08T14:17:35+09:00,added,n0e75ffc948ca,m4b9197679bdd
2026-08-08T21:34:17+09:00,added,nba6b4978f497,m78e1caab29a1
2026-08-09T14:24:20+09:00,added,n596d8ba33868,m74607fc02389
2026-08-09T14:24:20+09:00,removed,n596d8ba33868,m9952d6601f29
2026-08-09T21:37:12+09:00,added,nd31581d35395,m192171037579
2026-08-09T21:37:12+09:00,added,nba6b4978f497,m0a4b0dfbdb55
2026-08-10T01:54:58+09:00,added,n497fe111b70d,m78e1caab29a1
2026-08-10T11:25:23+09:00,added,ncb85d81542cf,mcdd34de49473
2026-08-10T11:25:23+09:00,added,ncb85d81542cf,m743c88e4a3b2
2026-08-10T11:25:23+09:00,added,ncb85d81542cf,m0487cabc2df9
2026-08-10T11:25:23+09:00,added,ncb85d81542cf,md7b7ee5bc058
2026-08-10T11:25:23+09:00,added,ncb85d81542cf,mc2b45bc420e2
2026-08-10T11:25:23+09:00,added,ncb85d81542cf,m577621a5a30d
2026-08-10T11:25:23+09:00,added,ncb85d81542cf,m1de95ffb4171
2026-08-10T14:52:11+09:00,added,ne979740af583,m743c88e4a3b2
2026-08-11T02:11:25+09:00,added,ncb85d81542cf,m78e1caab29a1
2026-08-11T11:20:29+09:00,added,ncb85d81542cf,m4b9197679bdd
2026-08-11T11:20:29+09:00,added,nd31581d35395,mc86c779585e3
2026-08-11T14:29:14+09:00,added,nec69a95fc26e,m7f60f18975f3
2026-08-11T14:29:14+09:00,added,ncb85d81542cf,m7f60f18975f3
2026-08-11T14:29:14+09:00,added,n0e75ffc948ca,m7f60f18975f3
2026-08-11T14:29:14+09:00,added,n14dc92b65765,m7f60f18975f3
2026-08-11T21:49:13+09:00,added,ncb85d81542cf,mc86c779585e3
2026-08-11T21:49:13+09:00,added,nd9228a3a133a,m78e1caab29a1
2026-08-12T11:38:33+09:00,added,ncb85d81542cf,mb79a1488c282
2026-08-12T18:10:25+09:00,added,ncb85d81542cf,m192171037579
2026-08-12T21:52:17+09:00,added,n14dc92b65765,m78e1caab29a1
2026-08-13T14:58:50+09:00,added,n2db24da8909f,m0ba8e26a833d
2026-08-13T14:58:50+09:00,added,n2db24da8909f,mcdd34de49473
2026-08-13T14:58:50+09:00,added,n2db24da8909f,m0487cabc2df9
2026-08-13T14:58:50+09:00,added,n2db24da8909f,md7b7ee5bc058
2026-08-13T21:54:14+09:00,added,n2db24da8909f,m78e1caab29a1
2026-08-14T21:49:48+09:00,added,n2db24da8909f,m4b9197679bdd
2026-08-14T21:49:48+09:00,added,nd31581d35395,m4b9197679bdd
2026-08-14T21:49:48+09:00,added,nd6d18240ef94,m78e1caab29a1
2026-08-15T02:13:08+09:00,added,n2db24da8909f,m743c88e4a3b2
2026-08-15T10:50:30+09:00,added,n2db24da8909f,m5859f3e37b5f
2026-08-17T14:04:27+09:00,added,n7d36555421bb,m743c88e4a3b2
2026-08-17T14:04:27+09:00,added,n7d36555421bb,m0487cabc2df9
2026-08-17T14:04:27+09:00,added,n7d36555421bb,md7b7ee5bc058
2026-08-17T14:04:27+09:00,added,n7d36555421bb,mc2b45bc420e2
2026-08-17T17:41:45+09:00,added,n7d36555421bb,m4b9197679bdd
2026-08-17T21:32:12+09:00,added,n7d36555421bb,m54b2ccd56b12
2026-08-17T21:32:12+09:00,added,n7d36555421bb,m013f9b091451
2026-08-17T21:32:12+09:00,added,n7d36555421bb,mc86c779585e3
2026-08-18T01:46:29+09:00,added,n7d36555421bb,m78e1caab29a1
2026-08-18T13:57:01+09:00,added,n7d36555421bb,m2453266246af
2026-08-19T01:59:46+09:00,added,n7d36555421bb,m192171037579
2026-08-19T01:59:46+09:00,added,n889ecfff2767,m78e1caab29a1
2026-08-19T13:58:17+09:00,added,n7d36555421bb,m86f8be1bf1b5
2026-08-19T13:58:17+09:00,added,n9dee9c1e39d2,mc9fb50054773
2026-08-19T21:32:50+09:00,added,nda1f6a06e425,m0ba8e26a833d
2026-08-19T21:32:50+09:00,added,nda1f6a06e425,m0487cabc2df9
2026-08-19T21:32:50+09:00,added,nda1f6a06e425,md7b7ee5bc058
2026-08-19T21:32:50+09:00,added,nda1f6a06e425,mc2b45bc420e2
2026-08-19T21:32:50+09:00,added,nda1f6a06e425,m577621a5a30d
2026-08-19T21:32:50+09:00,added,nda1f6a06e425,m1de95ffb4171
2026-08-19T21:32:50+09:00,added,n7d36555421bb,mcdf4ee972bd9
2026-08-20T01:50:41+09:00,added,nda1f6a06e425,m4b9197679bdd
2026-08-20T01:50:41+09:00,added,n3a8e6fae5f46,m78e1caab29a1
2026-08-20T10:50:45+09:00,added,nda1f6a06e425,mc86c779585e3
2026-08-20T10:50:45+09:00,added,nd207bee9bb06,m4b9197679bdd
2026-08-20T22:09:26+09:00,added,nda1f6a06e425,m78e1caab29a1
2026-08-20T22:09:26+09:00,added,nda1f6a06e425,m531dee90a84a
2026-08-20T22:09:26+09:00,added,n7d36555421bb,m92f1af23610d
2026-08-21T21:35:05+09:00,added,n7d36555421bb,m2c2abcaf45bd
2026-08-21T21:35:05+09:00,added,n7d36555421bb,m278d9869816c
2026-08-21T21:35:05+09:00,added,n7d36555421bb,m1c85d4931804
2026-08-21T21:35:05+09:00,added,n7d36555421bb,mb6fdd52683d6
2026-08-21T21:35:05+09:00,added,n7d36555421bb,m559fa39e9163
2026-08-21T21:35:05+09:00,added,n7d36555421bb,mca2c344a0f50
2026-08-21T21:35:05+09:00,added,n7d36555421bb,mf7c9271b4e5e
2026-08-21T21:35:05+09:00,added,n7d36555421bb,m95b78222e9b9
2026-08-22T01:53:06+09:00,added,n25a7054d1117,m78e1caab29a1
2026-08-22T17:29:03+09:00,added,nec69a95fc26e,m4b9197679bdd
2026-08-22T21:29:09+09:00,added,n7d36555421bb,m2f2976ed47fe
2026-08-22T21:29:09+09:00,added,n41bfade08108,m78e1caab29a1
2026-08-23T10:59:41+09:00,added,n92ae79d34f61,m0ba8e26a833d
2026-08-23T10:59:41+09:00,added,n92ae79d34f61,mcdd34de49473
2026-08-23T10:59:41+09:00,added,n92ae79d34f61,mb04005378a4b
2026-08-23T10:59:41+09:00,added,n92ae79d34f61,m0487cabc2df9
2026-08-23T10:59:41+09:00,added,n92ae79d34f61,md7b7ee5bc058
2026-08-23T13:58:54+09:00,added,nd207bee9bb06,m86f8be1bf1b5
2026-08-23T17:29:43+09:00,added,n92ae79d34f61,mc2b45bc420e2
2026-08-23T21:29:54+09:00,added,n92ae79d34f61,m78e1caab29a1
2026-08-24T10:57:03+09:00,added,nba6b4978f497,m86f8be1bf1b5
2026-08-26T01:55:44+09:00,added,n7d36555421bb,m521073a537dd
2026-08-26T01:55:44+09:00,added,ne979740af583,m78e1caab29a1
2026-08-26T10:59:08+09:00,added,nec69a95fc26e,m521073a537dd
2026-08-26T21:37:07+09:00,added,n92ae79d34f61,m521073a537dd
2026-08-27T02:04:59+09:00,added,n90555bdb2c36,m78e1caab29a1
2026-08-27T07:58:48+09:00,added,n03e207806493,m0ba8e26a833d
2026-08-27T07:58:48+09:00,added,n03e207806493,m0487cabc2df9
2026-08-27T07:58:48+09:00,added,n03e207806493,md7b7ee5bc058
2026-08-27T07:58:48+09:00,added,n03e207806493,mc2b45bc420e2
2026-08-27T07:58:48+09:00,added,n03e207806493,m577621a5a30d
2026-08-27T07:58:48+09:00,added,n03e207806493,m1de95ffb4171
2026-08-27T07:58:48+09:00,added,n03e207806493,m531dee90a84a
2026-08-27T17:54:30+09:00,added,n03e207806493,m192171037579
2026-08-28T00:21:59+09:00,added,n03e207806493,m78e1caab29a1
2026-08-28T00:21:59+09:00,added,n7d36555421bb,mf435ee6b02b1
2026-08-28T03:41:13+09:00,added,n497fe111b70d,mf69fc4b04874
2026-08-29T01:45:26+09:00,added,n97acf25f2cb2,m78e1caab29a1
2026-08-29T06:47:00+09:00,added,n9dee9c1e39d2,mda5aa94b40c8
2026-08-30T01:04:15+09:00,added,na7c959e7f2bc,m78e1caab29a1
2026-08-30T14:06:36+09:00,added,n1a5e8bc9b6ef,m0ba8e26a833d
2026-08-30T14:06:36+09:00,added,n1a5e8bc9b6ef,m531dee90a84a
2026-08-30T22:36:28+09:00,added,n1a5e8bc9b6ef,m78e1caab29a1
2026-08-31T04:26:02+09:00,added,n1a5e8bc9b6ef,m0487cabc2df9
2026-08-31T04:26:02+09:00,added,n1a5e8bc9b6ef,md7b7ee5bc058
2026-08-31T04:26:02+09:00,added,n1a5e8bc9b6ef,mc2b45bc420e2
2026-08-31T07:39:02+09:00,added,n1a5e8bc9b6ef,m5859f3e37b5f
2026-09-01T00:49:03+09:00,added,nd8003866a109,m531dee90a84a
2026-09-02T00:54:04+09:00,added,n7f4a30c3f241,m78e1caab29a1
2026-09-02T21:35:32+09:00,added,n03e207806493,m92f1af23610d
2026-09-03T21:34:54+09:00,added,n5dcd7d35b46b,m78e1caab29a1
2026-09-04T00:37:21+09:00,added,nd6fa78c2df7f,m0ba8e26a833d
2026-09-04T00:37:21+09:00,added,nd6fa78c2df7f,m192171037579
2026-09-04T00:37:21+09:00,added,n1a5e8bc9b6ef,m192171037579
2026-09-04T04:28:03+09:00,added,nd6fa78c2df7f,m0487cabc2df9
2026-09-04T04:28:03+09:00,added,nd6fa78c2df7f,md7b7ee5bc058
2026-09-04T04:28:03+09:00,added,nd6fa78c2df7f,mc2b45bc420e2
2026-09-04T21:33:31+09:00,added,n1a5e8bc9b6ef,m92f1af23610d
2026-09-05T00:31:59+09:00,added,nd6fa78c2df7f,m78e1caab29a1
2026-09-05T13:12:10+09:00,added,nec69a95fc26e,m1f249565f041
2026-09-05T23:19:56+09:00,added,n5371dee7e20e,m78e1caab29a1
2026-09-06T07:10:32+09:00,added,nd6fa78c2df7f,m577621a5a30d
2026-09-06T13:16:29+09:00,added,nc3c0126e83c3,m0ba8e26a833d
2026-09-06T13:16:29+09:00,added,nc3c0126e83c3,mcdd34de49473
2026-09-06T13:16:29+09:00,added,nc3c0126e83c3,m0487cabc2df9
2026-09-06T13:16:29+09:00,added,nc3c0126e83c3,md7b7ee5bc058
2026-09-06T13:16:29+09:00,added,nc3c0126e83c3,m743c88e4a3b2
2026-09-06T17:49:10+09:00,added,nd6fa78c2df7f,m743c88e4a3b2
2026-09-06T21:02:17+09:00,added,nc3c0126e83c3,m78e1caab29a1
