detected_at,event_type,note_key,magazine_key
2026-01-05T00:00:20+09:00,added,n57f3f152ab3f,m54b2ccd56b12
2026-01-05T00:00:20+09:00,added,n57f3f152ab3f,mc3b092076119
2026-01-05T00:00:20+09:00,added,n57f3f152ab3f,m05ad8b468544
2026-01-05T00:00:20+09:00,added,n57f3f152ab3f,mf67a0e2be6bc
2026-01-05T00:00:20+09:00,added,n57f3f152ab3f,m26631bce74dd
2026-01-05T00:00:20+09:00,added,n57f3f152ab3f,m2aedf61ec5aa
2026-01-05T00:00:20+09:00,added,n57f3f152ab3f,md929b2a701ae
2026-01-05T00:00:20+09:00,added,n57f3f152ab3f,m6295830f903e
2026-01-05T00:00:20+09:00,added,n57f3f152ab3f,m7ae6f1512188
2026-01-05T00:00:20+09:00,added,n57f3f152ab3f,m789eaefb24b6
2026-01-05T00:00:20+09:00,added,n57f3f152ab3f,mcb36bd4f7fc0
2026-01-05T00:00:20+09:00,added,n57f3f152ab3f,mc34938ae6ca6
2026-01-05T00:00:20+09:00,added,n57f3f152ab3f,md1d64f3e53b1
2026-01-05T00:00:20+09:00,added,n57f3f152ab3f,mff26de4b50e8
2026-01-05T00:00:20+09:00,added,n57f3f152ab3f,m5c9c88eb4983
2026-01-05T00:00:20+09:00,added,n57f3f152ab3f,mc86c779585e3
2026-01-05T00:00:20+09:00,added,n57f3f152ab3f,ma5bd9f7c40cf
2026-01-05T00:00:20+09:00,added,n57f3f152ab3f,m0a66c288c5f8
2026-01-05T00:00:20+09:00,added,n57f3f152ab3f,md6e28900c1ac
2026-01-05T00:00:20+09:00,added,n57f3f152ab3f,m18bbc62ac6eb
2026-01-05T00:00:20+09:00,added,n57f3f152ab3f,mfc9d03c23504
2026-01-05T00:00:20+09:00,added,n57f3f152ab3f,m743c88e4a3b2
2026-01-05T00:00:20+09:00,added,n57f3f152ab3f,m4adec1ecfc8b
2026-01-05T00:00:20+09:00,added,n57f3f152ab3f,ma6bc5b6e39d6
2026-01-05T00:00:20+09:00,added,n57f3f152ab3f,m5165ac46c7d8
2026-04-18T07:19:23+09:00,added,n2aacbf43f3c7,mc39b34305389
2026-04-18T07:19:23+09:00,added,n2aacbf43f3c7,m83de25512497
2026-04-18T07:19:23+09:00,added,n2aacbf43f3c7,m7ae6f1512188
2026-04-18T07:19:23+09:00,added,n2aacbf43f3c7,mb80e8e661ebe
2026-04-18T07:19:23+09:00,added,n2aacbf43f3c7,m54b2ccd56b12
2026-04-18T07:19:23+09:00,added,n2aacbf43f3c7,mc3b092076119
2026-04-18T07:19:23+09:00,added,n2aacbf43f3c7,m18bbc62ac6eb
2026-04-18T07:19:23+09:00,added,n2aacbf43f3c7,m3a392faa7b7a
2026-04-18T07:19:23+09:00,added,n2aacbf43f3c7,ma6bc5b6e39d6
2026-04-18T07:19:23+09:00,added,n2aacbf43f3c7,mee7503983910
2026-04-17T07:00:11+09:00,added,ncb9a37851ef1,m74eb98a21f7d
2026-04-17T07:00:11+09:00,added,ncb9a37851ef1,mc39b34305389
2026-04-17T07:00:11+09:00,added,ncb9a37851ef1,mb80e8e661ebe
2026-04-17T07:00:11+09:00,added,ncb9a37851ef1,m7ae6f1512188
2026-04-17T07:00:11+09:00,added,ncb9a37851ef1,m54b2ccd56b12
2026-04-17T07:00:11+09:00,added,ncb9a37851ef1,m743c88e4a3b2
2026-04-17T07:00:11+09:00,added,ncb9a37851ef1,m0921d4d120a8
2026-04-17T07:00:11+09:00,added,ncb9a37851ef1,m18bbc62ac6eb
2026-04-17T07:00:11+09:00,added,ncb9a37851ef1,mad8d2935fc54
2026-04-17T07:00:11+09:00,added,ncb9a37851ef1,md929b2a701ae
2026-04-17T07:00:11+09:00,added,ncb9a37851ef1,mf66916a43a3f
2026-04-17T07:00:11+09:00,added,ncb9a37851ef1,mc3b092076119
2026-04-17T07:00:11+09:00,added,ncb9a37851ef1,mc86c779585e3
2026-04-17T07:00:11+09:00,added,ncb9a37851ef1,m6d3400fb7014
2026-04-17T07:00:11+09:00,added,ncb9a37851ef1,m78e1caab29a1
2026-04-17T07:00:11+09:00,added,ncb9a37851ef1,m7325f611df66
2026-04-17T07:00:11+09:00,added,ncb9a37851ef1,m46619b37427d
2026-04-17T07:00:11+09:00,added,ncb9a37851ef1,md1d64f3e53b1
2026-04-17T07:00:11+09:00,added,ncb9a37851ef1,m0a66c288c5f8
2026-04-17T07:00:11+09:00,added,ncb9a37851ef1,mfcd252c9c53f
2026-04-16T07:12:19+09:00,added,n21209a8524db,mc39b34305389
2026-04-16T07:12:19+09:00,added,n21209a8524db,m83de25512497
2026-04-16T07:12:19+09:00,added,n21209a8524db,m54b2ccd56b12
2026-04-16T07:12:19+09:00,added,n21209a8524db,m6d3400fb7014
2026-04-16T07:12:19+09:00,added,n21209a8524db,m18bbc62ac6eb
2026-04-16T07:12:19+09:00,added,n21209a8524db,md929b2a701ae
2026-04-16T07:12:19+09:00,added,n21209a8524db,mc3b092076119
2026-04-16T07:12:19+09:00,added,n21209a8524db,mc86c779585e3
2026-04-16T07:12:19+09:00,added,n21209a8524db,m743c88e4a3b2
2026-04-16T07:12:19+09:00,added,n21209a8524db,m7ae6f1512188
2026-04-16T07:12:19+09:00,added,n21209a8524db,mb80e8e661ebe
2026-04-16T07:12:19+09:00,added,n21209a8524db,m46619b37427d
2026-04-16T07:12:19+09:00,added,n21209a8524db,m0921d4d120a8
2026-04-16T07:12:19+09:00,added,n21209a8524db,mad8d2935fc54
2026-04-16T07:12:19+09:00,added,n21209a8524db,m7325f611df66
2026-04-16T07:12:19+09:00,added,n21209a8524db,m78e1caab29a1
2026-04-16T07:12:19+09:00,added,n21209a8524db,md1d64f3e53b1
2026-04-16T07:12:19+09:00,added,n21209a8524db,m6d1d70add551
2026-04-15T07:03:45+09:00,added,n5a8ff2cb9f54,mb80e8e661ebe
2026-04-15T07:03:45+09:00,added,n5a8ff2cb9f54,m7ae6f1512188
2026-04-15T07:03:45+09:00,added,n5a8ff2cb9f54,mad8d2935fc54
2026-04-15T07:03:45+09:00,added,n5a8ff2cb9f54,m74eb98a21f7d
2026-04-15T07:03:45+09:00,added,n5a8ff2cb9f54,mc39b34305389
2026-04-15T07:03:45+09:00,added,n5a8ff2cb9f54,me99a204a388f
2026-04-15T07:03:45+09:00,added,n5a8ff2cb9f54,m18bbc62ac6eb
2026-04-15T07:03:45+09:00,added,n5a8ff2cb9f54,mc3b092076119
2026-04-15T07:03:45+09:00,added,n5a8ff2cb9f54,mc86c779585e3
2026-04-15T07:03:45+09:00,added,n5a8ff2cb9f54,m6d3400fb7014
2026-04-15T07:03:45+09:00,added,n5a8ff2cb9f54,m54c3e22e02f7
2026-04-15T07:03:45+09:00,added,n5a8ff2cb9f54,m743c88e4a3b2
2026-04-15T07:03:45+09:00,added,n5a8ff2cb9f54,md929b2a701ae
2026-04-15T07:03:45+09:00,added,n5a8ff2cb9f54,m0a66c288c5f8
2026-04-15T07:03:45+09:00,added,n5a8ff2cb9f54,m3a392faa7b7a
2026-04-15T07:03:45+09:00,added,n5a8ff2cb9f54,mc4444ea0545d
2026-04-15T07:03:45+09:00,added,n5a8ff2cb9f54,m7325f611df66
2026-04-15T07:03:45+09:00,added,n5a8ff2cb9f54,m78e1caab29a1
2026-04-15T07:03:45+09:00,added,n5a8ff2cb9f54,m46619b37427d
2026-04-15T07:03:45+09:00,added,n5a8ff2cb9f54,m5c9c88eb4983
2026-04-15T07:03:45+09:00,added,n5a8ff2cb9f54,md1d64f3e53b1
2026-04-15T07:03:45+09:00,added,n5a8ff2cb9f54,m6d1d70add551
2026-04-15T07:03:45+09:00,added,n5a8ff2cb9f54,m55c0f46bef97
2026-04-14T07:01:42+09:00,added,n3cf40d59cc0f,m54b2ccd56b12
2026-04-14T07:01:42+09:00,added,n3cf40d59cc0f,m743c88e4a3b2
2026-04-14T07:01:42+09:00,added,n3cf40d59cc0f,md1d64f3e53b1
2026-04-14T07:01:42+09:00,added,n3cf40d59cc0f,mc86c779585e3
2026-04-14T07:01:42+09:00,added,n3cf40d59cc0f,mc3b092076119
2026-04-14T07:01:42+09:00,added,n3cf40d59cc0f,m6d3400fb7014
2026-04-14T07:01:42+09:00,added,n3cf40d59cc0f,m7ae6f1512188
2026-04-14T07:01:42+09:00,added,n3cf40d59cc0f,md929b2a701ae
2026-04-14T07:01:42+09:00,added,n3cf40d59cc0f,mb80e8e661ebe
2026-04-14T07:01:42+09:00,added,n3cf40d59cc0f,mfc9d03c23504
2026-04-14T07:01:42+09:00,added,n3cf40d59cc0f,m7325f611df66
2026-04-14T07:01:42+09:00,added,n3cf40d59cc0f,mad8d2935fc54
2026-04-14T07:01:42+09:00,added,n3cf40d59cc0f,m78e1caab29a1
2026-04-14T07:01:42+09:00,added,n3cf40d59cc0f,m3a392faa7b7a
2026-04-14T07:01:42+09:00,added,n3cf40d59cc0f,md940ab980c8a
2026-04-13T07:00:50+09:00,added,necb6159421c1,mc39b34305389
2026-04-13T07:00:50+09:00,added,necb6159421c1,m83de25512497
2026-04-13T07:00:50+09:00,added,necb6159421c1,mdf64cd8c3686
2026-04-13T07:00:50+09:00,added,necb6159421c1,mb80e8e661ebe
2026-04-13T07:00:50+09:00,added,necb6159421c1,m7ae6f1512188
2026-04-13T07:00:50+09:00,added,necb6159421c1,m54b2ccd56b12
2026-04-13T07:00:50+09:00,added,necb6159421c1,m18bbc62ac6eb
2026-04-13T07:00:50+09:00,added,necb6159421c1,m0a66c288c5f8
2026-04-13T07:00:50+09:00,added,necb6159421c1,mc3b092076119
2026-04-13T07:00:50+09:00,added,necb6159421c1,mc86c779585e3
2026-04-13T07:00:50+09:00,added,necb6159421c1,m6d3400fb7014
2026-04-13T07:00:50+09:00,added,necb6159421c1,mad8d2935fc54
2026-04-13T07:00:50+09:00,added,necb6159421c1,m743c88e4a3b2
2026-04-13T07:00:50+09:00,added,necb6159421c1,m0921d4d120a8
2026-04-13T07:00:50+09:00,added,necb6159421c1,m78e1caab29a1
2026-04-13T07:00:50+09:00,added,necb6159421c1,mfc9d03c23504
2026-04-13T07:00:50+09:00,added,necb6159421c1,m7325f611df66
2026-04-13T07:00:50+09:00,added,necb6159421c1,m3a392faa7b7a
2026-04-13T07:00:50+09:00,added,necb6159421c1,md1d64f3e53b1
2026-04-13T07:00:50+09:00,added,necb6159421c1,me50627303786
2026-04-13T07:00:50+09:00,added,necb6159421c1,md929b2a701ae
2026-04-13T07:00:50+09:00,added,necb6159421c1,mf66916a43a3f
2026-04-12T08:08:39+09:00,added,nbc70f7f2a2ed,m8cfcfaa374e8
2026-04-12T08:08:39+09:00,added,nbc70f7f2a2ed,mc39b34305389
2026-04-12T08:08:39+09:00,added,nbc70f7f2a2ed,mdf64cd8c3686
2026-04-12T08:08:39+09:00,added,nbc70f7f2a2ed,m54b2ccd56b12
2026-04-12T08:08:39+09:00,added,nbc70f7f2a2ed,md1d64f3e53b1
2026-04-12T08:08:39+09:00,added,nbc70f7f2a2ed,mc86c779585e3
2026-04-12T08:08:39+09:00,added,nbc70f7f2a2ed,mc3b092076119
2026-04-12T08:08:39+09:00,added,nbc70f7f2a2ed,mad8d2935fc54
2026-04-12T08:08:39+09:00,added,nbc70f7f2a2ed,m743c88e4a3b2
2026-04-12T08:08:39+09:00,added,nbc70f7f2a2ed,m7ae6f1512188
2026-04-12T08:08:39+09:00,added,nbc70f7f2a2ed,m0921d4d120a8
2026-04-12T08:08:39+09:00,added,nbc70f7f2a2ed,mb80e8e661ebe
2026-04-12T08:08:39+09:00,added,nbc70f7f2a2ed,m7325f611df66
2026-04-12T08:08:39+09:00,added,nbc70f7f2a2ed,m78e1caab29a1
2026-04-12T08:08:39+09:00,added,nbc70f7f2a2ed,m3a392faa7b7a
2026-04-11T07:28:49+09:00,added,nfdb707217480,m74eb98a21f7d
2026-04-11T07:28:49+09:00,added,nfdb707217480,mc39b34305389
2026-04-11T07:28:49+09:00,added,nfdb707217480,mdf64cd8c3686
2026-04-11T07:28:49+09:00,added,nfdb707217480,m54b2ccd56b12
2026-04-11T07:28:49+09:00,added,nfdb707217480,m7ae6f1512188
2026-04-11T07:28:49+09:00,added,nfdb707217480,mb80e8e661ebe
2026-04-11T07:28:49+09:00,added,nfdb707217480,md1d64f3e53b1
2026-04-11T07:28:49+09:00,added,nfdb707217480,mf66916a43a3f
2026-04-11T07:28:49+09:00,added,nfdb707217480,md929b2a701ae
2026-04-11T07:28:49+09:00,added,nfdb707217480,m6d3400fb7014
2026-04-11T07:28:49+09:00,added,nfdb707217480,mc86c779585e3
2026-04-11T07:28:49+09:00,added,nfdb707217480,mad8d2935fc54
2026-04-11T07:28:49+09:00,added,nfdb707217480,m7325f611df66
2026-04-11T07:28:49+09:00,added,nfdb707217480,m5c9c88eb4983
2026-04-11T07:28:49+09:00,added,nfdb707217480,m0a66c288c5f8
2026-04-11T07:28:49+09:00,added,nfdb707217480,m78e1caab29a1
2026-04-11T07:28:49+09:00,added,nfdb707217480,m18bbc62ac6eb
2026-04-11T07:28:49+09:00,added,nfdb707217480,mc3b092076119
2026-04-11T07:28:49+09:00,added,nfdb707217480,mae9cb14095a9
2026-04-11T07:28:49+09:00,added,nfdb707217480,m2b61cae392c1
2026-04-11T07:28:49+09:00,added,nfdb707217480,mfa4dbb02c352
2026-04-11T07:28:49+09:00,added,nfdb707217480,m3a392faa7b7a
2026-04-10T07:04:21+09:00,added,ne4f67c097c99,mc39b34305389
2026-04-10T07:04:21+09:00,added,ne4f67c097c99,m83de25512497
2026-04-10T07:04:21+09:00,added,ne4f67c097c99,m7ae6f1512188
2026-04-10T07:04:21+09:00,added,ne4f67c097c99,m54b2ccd56b12
2026-04-10T07:04:21+09:00,added,ne4f67c097c99,m18bbc62ac6eb
2026-04-10T07:04:21+09:00,added,ne4f67c097c99,m743c88e4a3b2
2026-04-10T07:04:21+09:00,added,ne4f67c097c99,mb80e8e661ebe
2026-04-10T07:04:21+09:00,added,ne4f67c097c99,md1868a762043
2026-04-10T07:04:21+09:00,added,ne4f67c097c99,mfc9d03c23504
2026-04-10T07:04:21+09:00,added,ne4f67c097c99,mc86c779585e3
2026-04-10T07:04:21+09:00,added,ne4f67c097c99,mad8d2935fc54
2026-04-10T07:04:21+09:00,added,ne4f67c097c99,md1d64f3e53b1
2026-04-10T07:04:21+09:00,added,ne4f67c097c99,m7325f611df66
2026-04-10T07:04:21+09:00,added,ne4f67c097c99,m78e1caab29a1
2026-04-10T07:04:21+09:00,added,ne4f67c097c99,md929b2a701ae
2026-04-10T07:04:21+09:00,added,ne4f67c097c99,mc3b092076119
2026-04-09T07:02:29+09:00,added,n10ab8bded112,mc39b34305389
2026-04-09T07:02:29+09:00,added,n10ab8bded112,m83de25512497
2026-04-09T07:02:29+09:00,added,n10ab8bded112,m54b2ccd56b12
2026-04-09T07:02:29+09:00,added,n10ab8bded112,m18bbc62ac6eb
2026-04-09T07:02:29+09:00,added,n10ab8bded112,md1d64f3e53b1
2026-04-09T07:02:29+09:00,added,n10ab8bded112,m7ae6f1512188
2026-04-09T07:02:29+09:00,added,n10ab8bded112,mb80e8e661ebe
2026-04-09T07:02:29+09:00,added,n10ab8bded112,mc86c779585e3
2026-04-09T07:02:29+09:00,added,n10ab8bded112,mad8d2935fc54
2026-04-09T07:02:29+09:00,added,n10ab8bded112,m743c88e4a3b2
2026-04-09T07:02:29+09:00,added,n10ab8bded112,m46619b37427d
2026-04-09T07:02:29+09:00,added,n10ab8bded112,m78e1caab29a1
2026-04-09T07:02:29+09:00,added,n10ab8bded112,m7325f611df66
2026-04-09T07:02:29+09:00,added,n10ab8bded112,mc3b092076119
2026-04-08T07:41:49+09:00,added,nb91531957ae0,mc39b34305389
2026-04-08T07:41:49+09:00,added,nb91531957ae0,m83de25512497
2026-04-08T07:41:49+09:00,added,nb91531957ae0,m54b2ccd56b12
2026-04-08T07:41:49+09:00,added,nb91531957ae0,md929b2a701ae
2026-04-08T07:41:49+09:00,added,nb91531957ae0,mc3b092076119
2026-04-08T07:41:49+09:00,added,nb91531957ae0,m7ae6f1512188
2026-04-08T07:41:49+09:00,added,nb91531957ae0,mb80e8e661ebe
2026-04-08T07:41:49+09:00,added,nb91531957ae0,mc86c779585e3
2026-04-08T07:41:49+09:00,added,nb91531957ae0,mf66916a43a3f
2026-04-08T07:41:49+09:00,added,nb91531957ae0,mad8d2935fc54
2026-04-08T07:41:49+09:00,added,nb91531957ae0,m743c88e4a3b2
2026-04-08T07:41:49+09:00,added,nb91531957ae0,m46619b37427d
2026-04-08T07:41:49+09:00,added,nb91531957ae0,m78e1caab29a1
2026-04-08T07:41:49+09:00,added,nb91531957ae0,m7325f611df66
2026-04-08T07:41:49+09:00,added,nb91531957ae0,md1d64f3e53b1
2026-04-08T07:41:49+09:00,added,nb91531957ae0,m5e54fbcf6675
2026-04-07T07:23:26+09:00,added,nf8925b0928f9,mc39b34305389
2026-04-07T07:23:26+09:00,added,nf8925b0928f9,m83de25512497
2026-04-07T07:23:26+09:00,added,nf8925b0928f9,m54b2ccd56b12
2026-04-07T07:23:26+09:00,added,nf8925b0928f9,m7ae6f1512188
2026-04-07T07:23:26+09:00,added,nf8925b0928f9,mb80e8e661ebe
2026-04-07T07:23:26+09:00,added,nf8925b0928f9,mc3b092076119
2026-04-07T07:23:26+09:00,added,nf8925b0928f9,mc86c779585e3
2026-04-07T07:23:26+09:00,added,nf8925b0928f9,m46619b37427d
2026-04-07T07:23:26+09:00,added,nf8925b0928f9,md929b2a701ae
2026-04-07T07:23:26+09:00,added,nf8925b0928f9,m78e1caab29a1
2026-04-07T07:23:26+09:00,added,nf8925b0928f9,m6d3400fb7014
2026-04-07T07:23:26+09:00,added,nf8925b0928f9,m7325f611df66
2026-04-07T07:23:26+09:00,added,nf8925b0928f9,mad8d2935fc54
2026-04-07T07:23:26+09:00,added,nf8925b0928f9,m743c88e4a3b2
2026-04-07T07:23:26+09:00,added,nf8925b0928f9,md1d64f3e53b1
2026-04-07T07:23:26+09:00,added,nf8925b0928f9,m025e0da52a87
2026-04-07T07:23:26+09:00,added,nf8925b0928f9,mf66916a43a3f
2026-04-06T07:00:05+09:00,added,ncc83531e51ad,mc39b34305389
2026-04-06T07:00:05+09:00,added,ncc83531e51ad,m83de25512497
2026-04-06T07:00:05+09:00,added,ncc83531e51ad,m163dc37f6ff3
2026-04-06T07:00:05+09:00,added,ncc83531e51ad,md1d64f3e53b1
2026-04-06T07:00:05+09:00,added,ncc83531e51ad,m0a66c288c5f8
2026-04-06T07:00:05+09:00,added,ncc83531e51ad,m54b2ccd56b12
2026-04-06T07:00:05+09:00,added,ncc83531e51ad,m7ae6f1512188
2026-04-06T07:00:05+09:00,added,ncc83531e51ad,mc3b092076119
2026-04-06T07:00:05+09:00,added,ncc83531e51ad,mb80e8e661ebe
2026-04-06T07:00:05+09:00,added,ncc83531e51ad,mc86c779585e3
2026-04-06T07:00:05+09:00,added,ncc83531e51ad,m743c88e4a3b2
2026-04-06T07:00:05+09:00,added,ncc83531e51ad,m6d3400fb7014
2026-04-06T07:00:05+09:00,added,ncc83531e51ad,m46619b37427d
2026-04-06T07:00:05+09:00,added,ncc83531e51ad,m78e1caab29a1
2026-04-06T07:00:05+09:00,added,ncc83531e51ad,m7325f611df66
2026-04-06T07:00:05+09:00,added,ncc83531e51ad,m5165ac46c7d8
2026-04-06T07:00:05+09:00,added,ncc83531e51ad,md940ab980c8a
2026-04-05T08:08:15+09:00,added,n65e8e6ee429a,m74eb98a21f7d
2026-04-05T08:08:15+09:00,added,n65e8e6ee429a,mc39b34305389
2026-04-05T08:08:15+09:00,added,n65e8e6ee429a,m83de25512497
2026-04-05T08:08:15+09:00,added,n65e8e6ee429a,md1d64f3e53b1
2026-04-05T08:08:15+09:00,added,n65e8e6ee429a,m54b2ccd56b12
2026-04-05T08:08:15+09:00,added,n65e8e6ee429a,mad8d2935fc54
2026-04-05T08:08:15+09:00,added,n65e8e6ee429a,m7ae6f1512188
2026-04-05T08:08:15+09:00,added,n65e8e6ee429a,mb80e8e661ebe
2026-04-05T08:08:15+09:00,added,n65e8e6ee429a,md929b2a701ae
2026-04-05T08:08:15+09:00,added,n65e8e6ee429a,mc3b092076119
2026-04-05T08:08:15+09:00,added,n65e8e6ee429a,mc86c779585e3
2026-04-05T08:08:15+09:00,added,n65e8e6ee429a,m743c88e4a3b2
2026-04-05T08:08:15+09:00,added,n65e8e6ee429a,m78e1caab29a1
2026-04-05T08:08:15+09:00,added,n65e8e6ee429a,m5c9c88eb4983
2026-04-05T08:08:15+09:00,added,n65e8e6ee429a,m7325f611df66
2026-04-05T08:08:15+09:00,added,n65e8e6ee429a,m601e06815689
2026-04-05T08:08:15+09:00,added,n65e8e6ee429a,m3e02f69f0d66
2026-04-05T08:08:15+09:00,added,n65e8e6ee429a,m7b454ccb8c26
2026-04-05T08:08:15+09:00,added,n65e8e6ee429a,m0a66c288c5f8
2026-04-05T08:08:15+09:00,added,n65e8e6ee429a,mfa4dbb02c352
2026-04-05T08:08:15+09:00,added,n65e8e6ee429a,md940ab980c8a
2026-04-05T08:08:15+09:00,added,n65e8e6ee429a,mf2f397bfcea5
2026-04-05T08:08:15+09:00,added,n65e8e6ee429a,m066d12e9d5a0
2026-04-04T07:50:35+09:00,added,nd870d6b06bcb,m83de25512497
2026-04-04T07:50:35+09:00,added,nd870d6b06bcb,mc39b34305389
2026-04-04T07:50:35+09:00,added,nd870d6b06bcb,m54b2ccd56b12
2026-04-04T07:50:35+09:00,added,nd870d6b06bcb,md1d64f3e53b1
2026-04-04T07:50:35+09:00,added,nd870d6b06bcb,mad8d2935fc54
2026-04-04T07:50:35+09:00,added,nd870d6b06bcb,m743c88e4a3b2
2026-04-04T07:50:35+09:00,added,nd870d6b06bcb,m7ae6f1512188
2026-04-04T07:50:35+09:00,added,nd870d6b06bcb,mb80e8e661ebe
2026-04-04T07:50:35+09:00,added,nd870d6b06bcb,md929b2a701ae
2026-04-04T07:50:35+09:00,added,nd870d6b06bcb,mc3b092076119
2026-04-04T07:50:35+09:00,added,nd870d6b06bcb,mc86c779585e3
2026-04-04T07:50:35+09:00,added,nd870d6b06bcb,md1868a762043
2026-04-04T07:50:35+09:00,added,nd870d6b06bcb,m7325f611df66
2026-04-04T07:50:35+09:00,added,nd870d6b06bcb,m78e1caab29a1
2026-04-04T07:50:35+09:00,added,nd870d6b06bcb,m9017cd42bead
2026-04-04T07:50:35+09:00,added,nd870d6b06bcb,m0a66c288c5f8
2026-04-03T07:05:06+09:00,added,nc15e000a5f03,mc39b34305389
2026-04-03T07:05:06+09:00,added,nc15e000a5f03,m83de25512497
2026-04-03T07:05:06+09:00,added,nc15e000a5f03,m743c88e4a3b2
2026-04-03T07:05:06+09:00,added,nc15e000a5f03,m54b2ccd56b12
2026-04-03T07:05:06+09:00,added,nc15e000a5f03,mb80e8e661ebe
2026-04-03T07:05:06+09:00,added,nc15e000a5f03,m5165ac46c7d8
2026-04-03T07:05:06+09:00,added,nc15e000a5f03,mad8d2935fc54
2026-04-03T07:05:06+09:00,added,nc15e000a5f03,m9536cd0407b0
2026-04-03T07:05:06+09:00,added,nc15e000a5f03,mc86c779585e3
2026-04-03T07:05:06+09:00,added,nc15e000a5f03,mc3b092076119
2026-04-03T07:05:06+09:00,added,nc15e000a5f03,md1868a762043
2026-04-03T07:05:06+09:00,added,nc15e000a5f03,md929b2a701ae
2026-04-03T07:05:06+09:00,added,nc15e000a5f03,m0a66c288c5f8
2026-04-03T07:05:06+09:00,added,nc15e000a5f03,m7ae6f1512188
2026-04-03T07:05:06+09:00,added,nc15e000a5f03,m8b207cd2e53a
2026-04-03T07:05:06+09:00,added,nc15e000a5f03,m78e1caab29a1
2026-04-03T07:05:06+09:00,added,nc15e000a5f03,m7325f611df66
2026-04-03T07:05:06+09:00,added,nc15e000a5f03,md1d64f3e53b1
2026-04-02T07:03:44+09:00,added,n24641b095172,mc39b34305389
2026-04-02T07:03:44+09:00,added,n24641b095172,m83de25512497
2026-04-02T07:03:44+09:00,added,n24641b095172,m54b2ccd56b12
2026-04-02T07:03:44+09:00,added,n24641b095172,m7ae6f1512188
2026-04-02T07:03:44+09:00,added,n24641b095172,m46619b37427d
2026-04-02T07:03:44+09:00,added,n24641b095172,md1d64f3e53b1
2026-04-02T07:03:44+09:00,added,n24641b095172,md929b2a701ae
2026-04-02T07:03:44+09:00,added,n24641b095172,mc3b092076119
2026-04-02T07:03:44+09:00,added,n24641b095172,mc86c779585e3
2026-04-02T07:03:44+09:00,added,n24641b095172,m9536cd0407b0
2026-04-02T07:03:44+09:00,added,n24641b095172,m82d88b4c53a4
2026-04-02T07:03:44+09:00,added,n24641b095172,m0a66c288c5f8
2026-04-02T07:03:44+09:00,added,n24641b095172,m78e1caab29a1
2026-04-02T07:03:44+09:00,added,n24641b095172,m6d3400fb7014
2026-04-02T07:03:44+09:00,added,n24641b095172,m7325f611df66
2026-04-02T07:03:44+09:00,added,n24641b095172,mad8d2935fc54
2026-04-02T07:03:44+09:00,added,n24641b095172,m743c88e4a3b2
2026-04-01T07:12:06+09:00,added,nb9ff53bdbdf3,mc39b34305389
2026-04-01T07:12:06+09:00,added,nb9ff53bdbdf3,m83de25512497
2026-04-01T07:12:06+09:00,added,nb9ff53bdbdf3,m7ae6f1512188
2026-04-01T07:12:06+09:00,added,nb9ff53bdbdf3,md929b2a701ae
2026-04-01T07:12:06+09:00,added,nb9ff53bdbdf3,m46619b37427d
2026-04-01T07:12:06+09:00,added,nb9ff53bdbdf3,m18bbc62ac6eb
2026-04-01T07:12:06+09:00,added,nb9ff53bdbdf3,mc3b092076119
2026-04-01T07:12:06+09:00,added,nb9ff53bdbdf3,m9536cd0407b0
2026-04-01T07:12:06+09:00,added,nb9ff53bdbdf3,mc86c779585e3
2026-04-01T07:12:06+09:00,added,nb9ff53bdbdf3,m18485b3d7e40
2026-04-01T07:12:06+09:00,added,nb9ff53bdbdf3,m54b2ccd56b12
2026-04-01T07:12:06+09:00,added,nb9ff53bdbdf3,m6d3400fb7014
2026-04-01T07:12:06+09:00,added,nb9ff53bdbdf3,m78e1caab29a1
2026-04-01T07:12:06+09:00,added,nb9ff53bdbdf3,m7325f611df66
2026-04-01T07:12:06+09:00,added,nb9ff53bdbdf3,md1d64f3e53b1
2026-04-01T07:12:06+09:00,added,nb9ff53bdbdf3,m743c88e4a3b2
2026-04-01T07:12:06+09:00,added,nb9ff53bdbdf3,mf66916a43a3f
2026-03-31T07:11:52+09:00,added,n6d054c78d8b5,mc39b34305389
2026-03-31T07:11:52+09:00,added,n6d054c78d8b5,m83de25512497
2026-03-31T07:11:52+09:00,added,n6d054c78d8b5,m54b2ccd56b12
2026-03-31T07:11:52+09:00,added,n6d054c78d8b5,m7ae6f1512188
2026-03-31T07:11:52+09:00,added,n6d054c78d8b5,mc3b092076119
2026-03-31T07:11:52+09:00,added,n6d054c78d8b5,mc86c779585e3
2026-03-31T07:11:52+09:00,added,n6d054c78d8b5,mad8d2935fc54
2026-03-31T07:11:52+09:00,added,n6d054c78d8b5,m9536cd0407b0
2026-03-31T07:11:52+09:00,added,n6d054c78d8b5,m6d3400fb7014
2026-03-31T07:11:52+09:00,added,n6d054c78d8b5,md929b2a701ae
2026-03-31T07:11:52+09:00,added,n6d054c78d8b5,ma5bd9f7c40cf
2026-03-31T07:11:52+09:00,added,n6d054c78d8b5,m78e1caab29a1
2026-03-31T07:11:52+09:00,added,n6d054c78d8b5,m0a66c288c5f8
2026-03-31T07:11:52+09:00,added,n6d054c78d8b5,m7325f611df66
2026-03-31T07:11:52+09:00,added,n6d054c78d8b5,m5072685e9cf7
2026-03-31T07:11:52+09:00,added,n6d054c78d8b5,md1d64f3e53b1
2026-03-30T07:25:13+09:00,added,nb0fb2b77b902,mc39b34305389
2026-03-30T07:25:13+09:00,added,nb0fb2b77b902,m83de25512497
2026-03-30T07:25:13+09:00,added,nb0fb2b77b902,m54b2ccd56b12
2026-03-30T07:25:13+09:00,added,nb0fb2b77b902,me4d7038e859a
2026-03-30T07:25:13+09:00,added,nb0fb2b77b902,m7ae6f1512188
2026-03-30T07:25:13+09:00,added,nb0fb2b77b902,me99a204a388f
2026-03-30T07:25:13+09:00,added,nb0fb2b77b902,md929b2a701ae
2026-03-30T07:25:13+09:00,added,nb0fb2b77b902,mc86c779585e3
2026-03-30T07:25:13+09:00,added,nb0fb2b77b902,m9536cd0407b0
2026-03-30T07:25:13+09:00,added,nb0fb2b77b902,mc3b092076119
2026-03-30T07:25:13+09:00,added,nb0fb2b77b902,m78e1caab29a1
2026-03-30T07:25:13+09:00,added,nb0fb2b77b902,m7325f611df66
2026-03-30T07:25:13+09:00,added,nb0fb2b77b902,mad8d2935fc54
2026-03-30T07:25:13+09:00,added,nb0fb2b77b902,md1d64f3e53b1
2026-03-29T08:02:43+09:00,added,n154dec0771c3,m74eb98a21f7d
2026-03-29T08:02:43+09:00,added,n154dec0771c3,mc39b34305389
2026-03-29T08:02:43+09:00,added,n154dec0771c3,mc3b092076119
2026-03-29T08:02:43+09:00,added,n154dec0771c3,m163dc37f6ff3
2026-03-29T08:02:43+09:00,added,n154dec0771c3,md1d64f3e53b1
2026-03-29T08:02:43+09:00,added,n154dec0771c3,me99a204a388f
2026-03-29T08:02:43+09:00,added,n154dec0771c3,mad8d2935fc54
2026-03-29T08:02:43+09:00,added,n154dec0771c3,mc86c779585e3
2026-03-29T08:02:43+09:00,added,n154dec0771c3,m8b207cd2e53a
2026-03-29T08:02:43+09:00,added,n154dec0771c3,me50627303786
2026-03-29T08:02:43+09:00,added,n154dec0771c3,m6d3400fb7014
2026-03-29T08:02:43+09:00,added,n154dec0771c3,md87870710d29
2026-03-29T08:02:43+09:00,added,n154dec0771c3,m46619b37427d
2026-03-29T08:02:43+09:00,added,n154dec0771c3,md929b2a701ae
2026-03-29T08:02:43+09:00,added,n154dec0771c3,m5072685e9cf7
2026-03-29T08:02:43+09:00,added,n154dec0771c3,md940ab980c8a
2026-03-28T07:34:28+09:00,added,n773376d8a66f,mc39b34305389
2026-03-28T07:34:28+09:00,added,n773376d8a66f,m83de25512497
2026-03-28T07:34:28+09:00,added,n773376d8a66f,mc34938ae6ca6
2026-03-28T07:34:28+09:00,added,n773376d8a66f,m54b2ccd56b12
2026-03-28T07:34:28+09:00,added,n773376d8a66f,mf66916a43a3f
2026-03-28T07:34:28+09:00,added,n773376d8a66f,m7ae6f1512188
2026-03-28T07:34:28+09:00,added,n773376d8a66f,mc3b092076119
2026-03-28T07:34:28+09:00,added,n773376d8a66f,mc86c779585e3
2026-03-28T07:34:28+09:00,added,n773376d8a66f,m0a66c288c5f8
2026-03-28T07:34:28+09:00,added,n773376d8a66f,m7325f611df66
2026-03-28T07:34:28+09:00,added,n773376d8a66f,mad8d2935fc54
2026-03-28T07:34:28+09:00,added,n773376d8a66f,md1d64f3e53b1
2026-03-28T07:34:28+09:00,added,n773376d8a66f,me50627303786
2026-03-27T07:00:13+09:00,added,n86cc3774c7e2,mc39b34305389
2026-03-27T07:00:13+09:00,added,n86cc3774c7e2,m83de25512497
2026-03-27T07:00:13+09:00,added,n86cc3774c7e2,mc34938ae6ca6
2026-03-27T07:00:13+09:00,added,n86cc3774c7e2,m7ae6f1512188
2026-03-27T07:00:13+09:00,added,n86cc3774c7e2,md1868a762043
2026-03-27T07:00:13+09:00,added,n86cc3774c7e2,mad8d2935fc54
2026-03-27T07:00:13+09:00,added,n86cc3774c7e2,md929b2a701ae
2026-03-27T07:00:13+09:00,added,n86cc3774c7e2,md1d64f3e53b1
2026-03-27T07:00:13+09:00,added,n86cc3774c7e2,mc3b092076119
2026-03-27T07:00:13+09:00,added,n86cc3774c7e2,mc86c779585e3
2026-03-27T07:00:13+09:00,added,n86cc3774c7e2,m9536cd0407b0
2026-03-27T07:00:13+09:00,added,n86cc3774c7e2,m1ba63b664dd7
2026-03-27T07:00:13+09:00,added,n86cc3774c7e2,m7325f611df66
2026-03-26T06:40:03+09:00,added,nd146c5dda861,m74eb98a21f7d
2026-03-26T06:40:03+09:00,added,nd146c5dda861,mc39b34305389
2026-03-26T06:40:03+09:00,added,nd146c5dda861,m7ade94ab4e06
2026-03-26T06:40:03+09:00,added,nd146c5dda861,mc34938ae6ca6
2026-03-26T06:40:03+09:00,added,nd146c5dda861,m54b2ccd56b12
2026-03-26T06:40:03+09:00,added,nd146c5dda861,m7ae6f1512188
2026-03-26T06:40:03+09:00,added,nd146c5dda861,mad8d2935fc54
2026-03-26T06:40:03+09:00,added,nd146c5dda861,md1d64f3e53b1
2026-03-26T06:40:03+09:00,added,nd146c5dda861,mc86c779585e3
2026-03-26T06:40:03+09:00,added,nd146c5dda861,md929b2a701ae
2026-03-26T06:40:03+09:00,added,nd146c5dda861,m0a66c288c5f8
2026-03-26T06:40:03+09:00,added,nd146c5dda861,m6d3400fb7014
2026-03-26T06:40:03+09:00,added,nd146c5dda861,m46619b37427d
2026-03-26T06:40:03+09:00,added,nd146c5dda861,m7325f611df66
2026-03-26T06:40:03+09:00,added,nd146c5dda861,m5c9c88eb4983
2026-03-26T06:40:03+09:00,added,nd146c5dda861,mc3b092076119
2026-03-26T06:40:03+09:00,added,nd146c5dda861,mf66916a43a3f
2026-03-25T07:21:53+09:00,added,na0a9d9a822c1,m7ae6f1512188
2026-03-25T07:21:53+09:00,added,na0a9d9a822c1,md929b2a701ae
2026-03-25T07:21:53+09:00,added,na0a9d9a822c1,m9536cd0407b0
2026-03-25T07:21:53+09:00,added,na0a9d9a822c1,m54b2ccd56b12
2026-03-25T07:21:53+09:00,added,na0a9d9a822c1,mad8d2935fc54
2026-03-25T07:21:53+09:00,added,na0a9d9a822c1,m7325f611df66
2026-03-25T07:21:53+09:00,added,na0a9d9a822c1,md1d64f3e53b1
2026-03-25T07:21:53+09:00,added,na0a9d9a822c1,m3e02f69f0d66
2026-03-25T07:21:53+09:00,added,na0a9d9a822c1,me99a204a388f
2026-03-25T07:21:53+09:00,added,na0a9d9a822c1,mc3b092076119
2026-03-24T07:00:29+09:00,added,n0611bbba73ff,mc39b34305389
2026-03-24T07:00:29+09:00,added,n0611bbba73ff,m83de25512497
2026-03-24T07:00:29+09:00,added,n0611bbba73ff,m54b2ccd56b12
2026-03-24T07:00:29+09:00,added,n0611bbba73ff,me99a204a388f
2026-03-24T07:00:29+09:00,added,n0611bbba73ff,m5165ac46c7d8
2026-03-24T07:00:29+09:00,added,n0611bbba73ff,mc86c779585e3
2026-03-24T07:00:29+09:00,added,n0611bbba73ff,md1d64f3e53b1
2026-03-24T07:00:29+09:00,added,n0611bbba73ff,m7ae6f1512188
2026-03-24T07:00:29+09:00,added,n0611bbba73ff,m0a66c288c5f8
2026-03-24T07:00:29+09:00,added,n0611bbba73ff,m46619b37427d
2026-03-24T07:00:29+09:00,added,n0611bbba73ff,md929b2a701ae
2026-03-24T07:00:29+09:00,added,n0611bbba73ff,m7325f611df66
2026-03-24T07:00:29+09:00,added,n0611bbba73ff,mad8d2935fc54
2026-03-24T07:00:29+09:00,added,n0611bbba73ff,mc3b092076119
2026-03-24T07:00:29+09:00,added,n0611bbba73ff,m1e40e630e38a
2026-03-23T07:00:37+09:00,added,n835b3acce241,m74eb98a21f7d
2026-03-23T07:00:37+09:00,added,n835b3acce241,mc39b34305389
2026-03-23T07:00:37+09:00,added,n835b3acce241,mc34938ae6ca6
2026-03-23T07:00:37+09:00,added,n835b3acce241,m1fb06cd6a61d
2026-03-23T07:00:37+09:00,added,n835b3acce241,m54b2ccd56b12
2026-03-23T07:00:37+09:00,added,n835b3acce241,m2dc0108f262e
2026-03-23T07:00:37+09:00,added,n835b3acce241,md1d64f3e53b1
2026-03-23T07:00:37+09:00,added,n835b3acce241,mc86c779585e3
2026-03-23T07:00:37+09:00,added,n835b3acce241,m9536cd0407b0
2026-03-23T07:00:37+09:00,added,n835b3acce241,m7ae6f1512188
2026-03-23T07:00:37+09:00,added,n835b3acce241,m46619b37427d
2026-03-23T07:00:37+09:00,added,n835b3acce241,m7325f611df66
2026-03-23T07:00:37+09:00,added,n835b3acce241,mae9cb14095a9
2026-03-23T07:00:37+09:00,added,n835b3acce241,mad8d2935fc54
2026-03-23T07:00:37+09:00,added,n835b3acce241,md929b2a701ae
2026-03-23T07:00:37+09:00,added,n835b3acce241,m7afa428d1412
2026-03-23T07:00:37+09:00,added,n835b3acce241,mc3b092076119
2026-03-23T07:00:37+09:00,added,n835b3acce241,m7e72b0b37154
2026-03-23T07:00:37+09:00,added,n835b3acce241,m48eb9e18dfde
2026-03-22T07:22:23+09:00,added,n9973fe32a80f,m74eb98a21f7d
2026-03-22T07:22:23+09:00,added,n9973fe32a80f,mc39b34305389
2026-03-22T07:22:23+09:00,added,n9973fe32a80f,m83de25512497
2026-03-22T07:22:23+09:00,added,n9973fe32a80f,mc34938ae6ca6
2026-03-22T07:22:23+09:00,added,n9973fe32a80f,m7ae6f1512188
2026-03-22T07:22:23+09:00,added,n9973fe32a80f,m54b2ccd56b12
2026-03-22T07:22:23+09:00,added,n9973fe32a80f,mad8d2935fc54
2026-03-22T07:22:23+09:00,added,n9973fe32a80f,mc3b092076119
2026-03-22T07:22:23+09:00,added,n9973fe32a80f,md929b2a701ae
2026-03-22T07:22:23+09:00,added,n9973fe32a80f,me3590cc8b7e1
2026-03-22T07:22:23+09:00,added,n9973fe32a80f,m9536cd0407b0
2026-03-22T07:22:23+09:00,added,n9973fe32a80f,mc86c779585e3
2026-03-22T07:22:23+09:00,added,n9973fe32a80f,m7f8a9604aa1a
2026-03-22T07:22:23+09:00,added,n9973fe32a80f,m7325f611df66
2026-03-22T07:22:23+09:00,added,n9973fe32a80f,m2b240c49b8fa
2026-03-22T07:22:23+09:00,added,n9973fe32a80f,m46619b37427d
2026-03-22T07:22:23+09:00,added,n9973fe32a80f,m0a66c288c5f8
2026-03-22T07:22:23+09:00,added,n9973fe32a80f,md1d64f3e53b1
2026-03-22T07:22:23+09:00,added,n9973fe32a80f,mcf500208b8d9
2026-03-21T07:04:22+09:00,added,n82acdc734454,mc39b34305389
2026-03-21T07:04:22+09:00,added,n82acdc734454,m83de25512497
2026-03-21T07:04:22+09:00,added,n82acdc734454,m54b2ccd56b12
2026-03-21T07:04:22+09:00,added,n82acdc734454,md1d64f3e53b1
2026-03-21T07:04:22+09:00,added,n82acdc734454,mc86c779585e3
2026-03-21T07:04:22+09:00,added,n82acdc734454,mc3b092076119
2026-03-21T07:04:22+09:00,added,n82acdc734454,mad8d2935fc54
2026-03-21T07:04:22+09:00,added,n82acdc734454,m6d3400fb7014
2026-03-21T07:04:22+09:00,added,n82acdc734454,m18485b3d7e40
2026-03-21T07:04:22+09:00,added,n82acdc734454,m7ae6f1512188
2026-03-21T07:04:22+09:00,added,n82acdc734454,md87870710d29
2026-03-21T07:04:22+09:00,added,n82acdc734454,md929b2a701ae
2026-03-21T07:04:22+09:00,added,n82acdc734454,m46619b37427d
2026-03-21T07:04:22+09:00,added,n82acdc734454,m0a66c288c5f8
2026-03-21T07:04:22+09:00,added,n82acdc734454,md940ab980c8a
2026-03-20T07:10:09+09:00,added,n87150be68392,mc39b34305389
2026-03-20T07:10:09+09:00,added,n87150be68392,m83de25512497
2026-03-20T07:10:09+09:00,added,n87150be68392,m54b2ccd56b12
2026-03-20T07:10:09+09:00,added,n87150be68392,md1d64f3e53b1
2026-03-20T07:10:09+09:00,added,n87150be68392,mc86c779585e3
2026-03-20T07:10:09+09:00,added,n87150be68392,m9536cd0407b0
2026-03-20T07:10:09+09:00,added,n87150be68392,mc3b092076119
2026-03-20T07:10:09+09:00,added,n87150be68392,mad8d2935fc54
2026-03-20T07:10:09+09:00,added,n87150be68392,m7ae6f1512188
2026-03-20T07:10:09+09:00,added,n87150be68392,m7325f611df66
2026-03-20T07:10:09+09:00,added,n87150be68392,m0a66c288c5f8
2026-03-20T07:10:09+09:00,added,n87150be68392,m76e76573644d
2026-03-20T07:10:09+09:00,added,n87150be68392,md929b2a701ae
2026-03-20T07:10:09+09:00,added,n87150be68392,m3e02f69f0d66
2026-03-19T07:00:06+09:00,added,n58534114f8be,mc39b34305389
2026-03-19T07:00:06+09:00,added,n58534114f8be,m83de25512497
2026-03-19T07:00:06+09:00,added,n58534114f8be,mc34938ae6ca6
2026-03-19T07:00:06+09:00,added,n58534114f8be,m54b2ccd56b12
2026-03-19T07:00:06+09:00,added,n58534114f8be,m7ae6f1512188
2026-03-19T07:00:06+09:00,added,n58534114f8be,m8b207cd2e53a
2026-03-19T07:00:06+09:00,added,n58534114f8be,mc3b092076119
2026-03-19T07:00:06+09:00,added,n58534114f8be,md929b2a701ae
2026-03-19T07:00:06+09:00,added,n58534114f8be,mc86c779585e3
2026-03-19T07:00:06+09:00,added,n58534114f8be,m7afa428d1412
2026-03-19T07:00:06+09:00,added,n58534114f8be,m7325f611df66
2026-03-19T07:00:06+09:00,added,n58534114f8be,m46619b37427d
2026-03-19T07:00:06+09:00,added,n58534114f8be,m82eea56eee81
2026-03-19T07:00:06+09:00,added,n58534114f8be,md1d64f3e53b1
2026-03-19T07:00:06+09:00,added,n58534114f8be,mad8d2935fc54
2026-03-18T06:41:28+09:00,added,ne8fa2107d321,mc39b34305389
2026-03-18T06:41:28+09:00,added,ne8fa2107d321,m83de25512497
2026-03-18T06:41:28+09:00,added,ne8fa2107d321,m7ae6f1512188
2026-03-18T06:41:28+09:00,added,ne8fa2107d321,m54b2ccd56b12
2026-03-18T06:41:28+09:00,added,ne8fa2107d321,mc3b092076119
2026-03-18T06:41:28+09:00,added,ne8fa2107d321,m46619b37427d
2026-03-18T06:41:28+09:00,added,ne8fa2107d321,m7325f611df66
2026-03-18T06:41:28+09:00,added,ne8fa2107d321,md1d64f3e53b1
2026-03-18T06:41:28+09:00,added,ne8fa2107d321,mc86c779585e3
2026-03-18T06:41:28+09:00,added,ne8fa2107d321,m0a66c288c5f8
2026-03-17T07:09:59+09:00,added,n6f199c157dec,mc39b34305389
2026-03-17T07:09:59+09:00,added,n6f199c157dec,m83de25512497
2026-03-17T07:09:59+09:00,added,n6f199c157dec,m54b2ccd56b12
2026-03-17T07:09:59+09:00,added,n6f199c157dec,m7ae6f1512188
2026-03-17T07:09:59+09:00,added,n6f199c157dec,md1d64f3e53b1
2026-03-17T07:09:59+09:00,added,n6f199c157dec,mc3b092076119
2026-03-17T07:09:59+09:00,added,n6f199c157dec,m6d3400fb7014
2026-03-17T07:09:59+09:00,added,n6f199c157dec,md929b2a701ae
2026-03-17T07:09:59+09:00,added,n6f199c157dec,m7325f611df66
2026-03-17T07:09:59+09:00,added,n6f199c157dec,mad8d2935fc54
2026-03-17T07:09:59+09:00,added,n6f199c157dec,mc86c779585e3
2026-03-16T07:01:26+09:00,added,n558757a1e3e1,mc39b34305389
2026-03-16T07:01:26+09:00,added,n558757a1e3e1,m83de25512497
2026-03-16T07:01:26+09:00,added,n558757a1e3e1,m54b2ccd56b12
2026-03-16T07:01:26+09:00,added,n558757a1e3e1,mc3b092076119
2026-03-16T07:01:26+09:00,added,n558757a1e3e1,md1d64f3e53b1
2026-03-16T07:01:26+09:00,added,n558757a1e3e1,mad8d2935fc54
2026-03-16T07:01:26+09:00,added,n558757a1e3e1,md929b2a701ae
2026-03-16T07:01:26+09:00,added,n558757a1e3e1,m9536cd0407b0
2026-03-16T07:01:26+09:00,added,n558757a1e3e1,m46619b37427d
2026-03-16T07:01:26+09:00,added,n558757a1e3e1,m7ae6f1512188
2026-03-16T07:01:26+09:00,added,n558757a1e3e1,m6d3400fb7014
2026-03-16T07:01:26+09:00,added,n558757a1e3e1,m7325f611df66
2026-03-16T07:01:26+09:00,added,n558757a1e3e1,m0a66c288c5f8
2026-03-15T07:13:19+09:00,added,ne86ecfd8aec5,m74eb98a21f7d
2026-03-15T07:13:19+09:00,added,ne86ecfd8aec5,mc39b34305389
2026-03-15T07:13:19+09:00,added,ne86ecfd8aec5,mc34938ae6ca6
2026-03-15T07:13:19+09:00,added,ne86ecfd8aec5,mc3b092076119
2026-03-15T07:13:19+09:00,added,ne86ecfd8aec5,me99a204a388f
2026-03-15T07:13:19+09:00,added,ne86ecfd8aec5,mad8d2935fc54
2026-03-15T07:13:19+09:00,added,ne86ecfd8aec5,m95ceb1ee8b5d
2026-03-15T07:13:19+09:00,added,ne86ecfd8aec5,m15e323ef48ea
2026-03-15T07:13:19+09:00,added,ne86ecfd8aec5,m7ae6f1512188
2026-03-15T07:13:19+09:00,added,ne86ecfd8aec5,m9536cd0407b0
2026-03-15T07:13:19+09:00,added,ne86ecfd8aec5,m7325f611df66
2026-03-15T07:13:19+09:00,added,ne86ecfd8aec5,m5c9c88eb4983
2026-03-15T07:13:19+09:00,added,ne86ecfd8aec5,m1e40e630e38a
2026-03-15T07:13:19+09:00,added,ne86ecfd8aec5,md1d64f3e53b1
2026-03-15T07:13:19+09:00,added,ne86ecfd8aec5,md929b2a701ae
2026-03-15T07:13:19+09:00,added,ne86ecfd8aec5,m779b42e18707
2026-03-15T07:13:19+09:00,added,ne86ecfd8aec5,m0a66c288c5f8
2026-03-15T07:13:19+09:00,added,ne86ecfd8aec5,m731502c13283
2026-03-15T07:13:19+09:00,added,ne86ecfd8aec5,m7e72b0b37154
2026-03-14T07:10:45+09:00,added,ndc582efed241,m74eb98a21f7d
2026-03-14T07:10:45+09:00,added,ndc582efed241,mc39b34305389
2026-03-14T07:10:45+09:00,added,ndc582efed241,m7ae6f1512188
2026-03-14T07:10:45+09:00,added,ndc582efed241,md929b2a701ae
2026-03-14T07:10:45+09:00,added,ndc582efed241,mad8d2935fc54
2026-03-14T07:10:45+09:00,added,ndc582efed241,me99a204a388f
2026-03-14T07:10:45+09:00,added,ndc582efed241,m54b2ccd56b12
2026-03-14T07:10:45+09:00,added,ndc582efed241,md1d64f3e53b1
2026-03-14T07:10:45+09:00,added,ndc582efed241,mc3b092076119
2026-03-14T07:10:45+09:00,added,ndc582efed241,m7325f611df66
2026-03-14T07:10:45+09:00,added,ndc582efed241,md1868a762043
2026-03-13T07:00:20+09:00,added,na0c108d1dd40,mc39b34305389
2026-03-13T07:00:20+09:00,added,na0c108d1dd40,m83de25512497
2026-03-13T07:00:20+09:00,added,na0c108d1dd40,m54b2ccd56b12
2026-03-13T07:00:20+09:00,added,na0c108d1dd40,md1d64f3e53b1
2026-03-13T07:00:20+09:00,added,na0c108d1dd40,md929b2a701ae
2026-03-13T07:00:20+09:00,added,na0c108d1dd40,m6d3400fb7014
2026-03-13T07:00:20+09:00,added,na0c108d1dd40,m7ae6f1512188
2026-03-13T07:00:20+09:00,added,na0c108d1dd40,mc3b092076119
2026-03-13T07:00:20+09:00,added,na0c108d1dd40,m7325f611df66
2026-03-13T07:00:20+09:00,added,na0c108d1dd40,m5c9c88eb4983
2026-03-13T07:00:20+09:00,added,na0c108d1dd40,mad8d2935fc54
2026-03-13T07:00:20+09:00,added,na0c108d1dd40,m0a66c288c5f8
2026-03-12T06:45:08+09:00,added,nc265f1777aac,mc39b34305389
2026-03-12T06:45:08+09:00,added,nc265f1777aac,m83de25512497
2026-03-12T06:45:08+09:00,added,nc265f1777aac,m54b2ccd56b12
2026-03-12T06:45:08+09:00,added,nc265f1777aac,m7ae6f1512188
2026-03-12T06:45:08+09:00,added,nc265f1777aac,md929b2a701ae
2026-03-12T06:45:08+09:00,added,nc265f1777aac,m46619b37427d
2026-03-12T06:45:08+09:00,added,nc265f1777aac,m7325f611df66
2026-03-12T06:45:08+09:00,added,nc265f1777aac,mad8d2935fc54
2026-03-12T06:45:08+09:00,added,nc265f1777aac,md1d64f3e53b1
2026-03-12T06:45:08+09:00,added,nc265f1777aac,m0a66c288c5f8
2026-03-12T06:45:08+09:00,added,nc265f1777aac,mc3b092076119
2026-03-11T06:33:31+09:00,added,n5c81d756cf7c,m74eb98a21f7d
2026-03-11T06:33:31+09:00,added,n5c81d756cf7c,m7ae6f1512188
2026-03-11T06:33:31+09:00,added,n5c81d756cf7c,m54b2ccd56b12
2026-03-11T06:33:31+09:00,added,n5c81d756cf7c,md929b2a701ae
2026-03-11T06:33:31+09:00,added,n5c81d756cf7c,mc3b092076119
2026-03-11T06:33:31+09:00,added,n5c81d756cf7c,m1e40e630e38a
2026-03-11T06:33:31+09:00,added,n5c81d756cf7c,m5c9c88eb4983
2026-03-11T06:33:31+09:00,added,n5c81d756cf7c,m7325f611df66
2026-03-11T06:33:31+09:00,added,n5c81d756cf7c,me99a204a388f
2026-03-11T06:33:31+09:00,added,n5c81d756cf7c,md1d64f3e53b1
2026-03-10T07:10:41+09:00,added,n4de56c886902,mc39b34305389
2026-03-10T07:10:41+09:00,added,n4de56c886902,m83de25512497
2026-03-10T07:10:41+09:00,added,n4de56c886902,m54b2ccd56b12
2026-03-10T07:10:41+09:00,added,n4de56c886902,md929b2a701ae
2026-03-10T07:10:41+09:00,added,n4de56c886902,m7ae6f1512188
2026-03-10T07:10:41+09:00,added,n4de56c886902,m6d3400fb7014
2026-03-10T07:10:41+09:00,added,n4de56c886902,m7325f611df66
2026-03-10T07:10:41+09:00,added,n4de56c886902,mad8d2935fc54
2026-03-10T07:10:41+09:00,added,n4de56c886902,me99a204a388f
2026-03-10T07:10:41+09:00,added,n4de56c886902,mc3b092076119
2026-03-10T07:10:41+09:00,added,n4de56c886902,md1d64f3e53b1
2026-03-10T07:10:41+09:00,added,n4de56c886902,m0a66c288c5f8
2026-03-09T06:41:16+09:00,added,nb2251def2ce0,mc39b34305389
2026-03-09T06:41:16+09:00,added,nb2251def2ce0,m83de25512497
2026-03-09T06:41:16+09:00,added,nb2251def2ce0,m7ae6f1512188
2026-03-09T06:41:16+09:00,added,nb2251def2ce0,m54b2ccd56b12
2026-03-09T06:41:16+09:00,added,nb2251def2ce0,mad8d2935fc54
2026-03-09T06:41:16+09:00,added,nb2251def2ce0,mc3b092076119
2026-03-09T06:41:16+09:00,added,nb2251def2ce0,m7325f611df66
2026-03-09T06:41:16+09:00,added,nb2251def2ce0,md929b2a701ae
2026-03-09T06:41:16+09:00,added,nb2251def2ce0,m1e40e630e38a
2026-03-09T06:41:16+09:00,added,nb2251def2ce0,md1d64f3e53b1
2026-03-08T07:30:16+09:00,added,n8f3afa966e73,m8cfcfaa374e8
2026-03-08T07:30:16+09:00,added,n8f3afa966e73,m74eb98a21f7d
2026-03-08T07:30:16+09:00,added,n8f3afa966e73,mc39b34305389
2026-03-08T07:30:16+09:00,added,n8f3afa966e73,mc34938ae6ca6
2026-03-08T07:30:16+09:00,added,n8f3afa966e73,md1d64f3e53b1
2026-03-08T07:30:16+09:00,added,n8f3afa966e73,m7ae6f1512188
2026-03-08T07:30:16+09:00,added,n8f3afa966e73,m54b2ccd56b12
2026-03-08T07:30:16+09:00,added,n8f3afa966e73,md929b2a701ae
2026-03-08T07:30:16+09:00,added,n8f3afa966e73,mad8d2935fc54
2026-03-08T07:30:16+09:00,added,n8f3afa966e73,m7325f611df66
2026-03-08T07:30:16+09:00,added,n8f3afa966e73,mc3b092076119
2026-03-07T07:00:06+09:00,added,nf0df44b5858a,m74eb98a21f7d
2026-03-07T07:00:06+09:00,added,nf0df44b5858a,m96728bd6b208
2026-03-07T07:00:06+09:00,added,nf0df44b5858a,mc39b34305389
2026-03-07T07:00:06+09:00,added,nf0df44b5858a,mc3b092076119
2026-03-07T07:00:06+09:00,added,nf0df44b5858a,md929b2a701ae
2026-03-07T07:00:06+09:00,added,nf0df44b5858a,m7ae6f1512188
2026-03-07T07:00:06+09:00,added,nf0df44b5858a,m5c9c88eb4983
2026-03-07T07:00:06+09:00,added,nf0df44b5858a,ma9afd86410ee
2026-03-07T07:00:06+09:00,added,nf0df44b5858a,md87870710d29
2026-03-07T07:00:06+09:00,added,nf0df44b5858a,mad8d2935fc54
2026-03-07T07:00:06+09:00,added,nf0df44b5858a,md1d64f3e53b1
2026-03-06T07:01:09+09:00,added,na7d3b09a80bf,mc39b34305389
2026-03-06T07:01:09+09:00,added,na7d3b09a80bf,m83de25512497
2026-03-06T07:01:09+09:00,added,na7d3b09a80bf,m7ade94ab4e06
2026-03-06T07:01:09+09:00,added,na7d3b09a80bf,m54b2ccd56b12
2026-03-06T07:01:09+09:00,added,na7d3b09a80bf,m7ae6f1512188
2026-03-06T07:01:09+09:00,added,na7d3b09a80bf,mc3b092076119
2026-03-06T07:01:09+09:00,added,na7d3b09a80bf,mad8d2935fc54
2026-03-06T07:01:09+09:00,added,na7d3b09a80bf,m7325f611df66
2026-03-06T07:01:09+09:00,added,na7d3b09a80bf,m1e40e630e38a
2026-03-06T07:01:09+09:00,added,na7d3b09a80bf,md1d64f3e53b1
2026-03-05T06:35:08+09:00,added,n3af520411bd5,mc39b34305389
2026-03-05T06:35:08+09:00,added,n3af520411bd5,m83de25512497
2026-03-05T06:35:08+09:00,added,n3af520411bd5,m7ade94ab4e06
2026-03-05T06:35:08+09:00,added,n3af520411bd5,m54b2ccd56b12
2026-03-05T06:35:08+09:00,added,n3af520411bd5,md1d64f3e53b1
2026-03-05T06:35:08+09:00,added,n3af520411bd5,md929b2a701ae
2026-03-05T06:35:08+09:00,added,n3af520411bd5,m7ae6f1512188
2026-03-05T06:35:08+09:00,added,n3af520411bd5,mc3b092076119
2026-03-05T06:35:08+09:00,added,n3af520411bd5,m195b0feb3a9a
2026-03-05T06:35:08+09:00,added,n3af520411bd5,mad8d2935fc54
2026-03-05T06:35:08+09:00,added,n3af520411bd5,m7325f611df66
2026-03-04T06:33:25+09:00,added,naadd62cbd3bd,mc39b34305389
2026-03-04T06:33:25+09:00,added,naadd62cbd3bd,m83de25512497
2026-03-04T06:33:25+09:00,added,naadd62cbd3bd,m7ade94ab4e06
2026-03-04T06:33:25+09:00,added,naadd62cbd3bd,mc34938ae6ca6
2026-03-04T06:33:25+09:00,added,naadd62cbd3bd,md1d64f3e53b1
2026-03-04T06:33:25+09:00,added,naadd62cbd3bd,m54b2ccd56b12
2026-03-04T06:33:25+09:00,added,naadd62cbd3bd,md929b2a701ae
2026-03-04T06:33:25+09:00,added,naadd62cbd3bd,mad8d2935fc54
2026-03-04T06:33:25+09:00,added,naadd62cbd3bd,m46619b37427d
2026-03-04T06:33:25+09:00,added,naadd62cbd3bd,m7325f611df66
2026-03-04T06:33:25+09:00,added,naadd62cbd3bd,m7ae6f1512188
2026-03-04T06:33:25+09:00,added,naadd62cbd3bd,mc3b092076119
2026-03-03T07:00:04+09:00,added,n79ea031eefa2,m8cfcfaa374e8
2026-03-03T07:00:04+09:00,added,n79ea031eefa2,mc39b34305389
2026-03-03T07:00:04+09:00,added,n79ea031eefa2,m54b2ccd56b12
2026-03-03T07:00:04+09:00,added,n79ea031eefa2,m7ae6f1512188
2026-03-03T07:00:04+09:00,added,n79ea031eefa2,md929b2a701ae
2026-03-03T07:00:04+09:00,added,n79ea031eefa2,m46619b37427d
2026-03-03T07:00:04+09:00,added,n79ea031eefa2,mc3b092076119
2026-03-03T07:00:04+09:00,added,n79ea031eefa2,m7325f611df66
2026-03-03T07:00:04+09:00,added,n79ea031eefa2,md1d64f3e53b1
2026-03-02T06:17:27+09:00,added,ncea2e66de4cd,mc39b34305389
2026-03-02T06:17:27+09:00,added,ncea2e66de4cd,m83de25512497
2026-03-02T06:17:27+09:00,added,ncea2e66de4cd,m7ade94ab4e06
2026-03-02T06:17:27+09:00,added,ncea2e66de4cd,m54b2ccd56b12
2026-03-02T06:17:27+09:00,added,ncea2e66de4cd,m7ae6f1512188
2026-03-02T06:17:27+09:00,added,ncea2e66de4cd,md1d64f3e53b1
2026-03-02T06:17:27+09:00,added,ncea2e66de4cd,m46619b37427d
2026-03-02T06:17:27+09:00,added,ncea2e66de4cd,m7325f611df66
2026-03-02T06:17:27+09:00,added,ncea2e66de4cd,mc3b092076119
2026-03-02T06:17:27+09:00,added,ncea2e66de4cd,mad8d2935fc54
2026-03-02T06:17:27+09:00,added,ncea2e66de4cd,m6b6661aa1545
2026-03-01T09:02:39+09:00,added,n002a7deab61c,m74eb98a21f7d
2026-03-01T09:02:39+09:00,added,n002a7deab61c,mc39b34305389
2026-03-01T09:02:39+09:00,added,n002a7deab61c,m7ade94ab4e06
2026-03-01T09:02:39+09:00,added,n002a7deab61c,mc34938ae6ca6
2026-03-01T09:02:39+09:00,added,n002a7deab61c,me99a204a388f
2026-03-01T09:02:39+09:00,added,n002a7deab61c,mad8d2935fc54
2026-03-01T09:02:39+09:00,added,n002a7deab61c,m54b2ccd56b12
2026-03-01T09:02:39+09:00,added,n002a7deab61c,md929b2a701ae
2026-03-01T09:02:39+09:00,added,n002a7deab61c,m7ae6f1512188
2026-03-01T09:02:39+09:00,added,n002a7deab61c,mc3b092076119
2026-03-01T09:02:39+09:00,added,n002a7deab61c,m46619b37427d
2026-03-01T09:02:39+09:00,added,n002a7deab61c,md87870710d29
2026-03-01T09:02:39+09:00,added,n002a7deab61c,md1d64f3e53b1
2026-02-28T00:00:24+09:00,added,n760a729130c4,mc39b34305389
2026-02-28T00:00:24+09:00,added,n760a729130c4,m83de25512497
2026-02-28T00:00:24+09:00,added,n760a729130c4,m7ade94ab4e06
2026-02-28T00:00:24+09:00,added,n760a729130c4,md1d64f3e53b1
2026-02-28T00:00:24+09:00,added,n760a729130c4,m7ae6f1512188
2026-02-28T00:00:24+09:00,added,n760a729130c4,md929b2a701ae
2026-02-28T00:00:24+09:00,added,n760a729130c4,mad8d2935fc54
2026-02-28T00:00:24+09:00,added,n760a729130c4,me99a204a388f
2026-02-28T00:00:24+09:00,added,n760a729130c4,m54b2ccd56b12
2026-02-28T00:00:24+09:00,added,n760a729130c4,m7325f611df66
2026-02-28T00:00:24+09:00,added,n760a729130c4,m46619b37427d
2026-02-28T00:00:24+09:00,added,n760a729130c4,mc3b092076119
2026-02-27T00:00:26+09:00,added,ne4b2902dcffd,mc39b34305389
2026-02-27T00:00:26+09:00,added,ne4b2902dcffd,m83de25512497
2026-02-27T00:00:26+09:00,added,ne4b2902dcffd,m7ade94ab4e06
2026-02-27T00:00:26+09:00,added,ne4b2902dcffd,m7ae6f1512188
2026-02-27T00:00:26+09:00,added,ne4b2902dcffd,md1d64f3e53b1
2026-02-27T00:00:26+09:00,added,ne4b2902dcffd,md929b2a701ae
2026-02-27T00:00:26+09:00,added,ne4b2902dcffd,mad8d2935fc54
2026-02-27T00:00:26+09:00,added,ne4b2902dcffd,mc3b092076119
2026-02-27T00:00:26+09:00,added,ne4b2902dcffd,m7325f611df66
2026-02-27T00:00:26+09:00,added,ne4b2902dcffd,m54b2ccd56b12
2026-02-26T00:00:25+09:00,added,nbfe167c695fd,mc39b34305389
2026-02-26T00:00:25+09:00,added,nbfe167c695fd,m83de25512497
2026-02-26T00:00:25+09:00,added,nbfe167c695fd,m7ade94ab4e06
2026-02-26T00:00:25+09:00,added,nbfe167c695fd,m7ae6f1512188
2026-02-26T00:00:25+09:00,added,nbfe167c695fd,md1d64f3e53b1
2026-02-26T00:00:25+09:00,added,nbfe167c695fd,m54b2ccd56b12
2026-02-26T00:00:25+09:00,added,nbfe167c695fd,mad8d2935fc54
2026-02-26T00:00:25+09:00,added,nbfe167c695fd,md929b2a701ae
2026-02-26T00:00:25+09:00,added,nbfe167c695fd,mc3b092076119
2026-02-26T00:00:25+09:00,added,nbfe167c695fd,m7325f611df66
2026-02-26T00:00:25+09:00,added,nbfe167c695fd,m46619b37427d
2026-02-25T00:00:23+09:00,added,n70beb06c75bb,mc39b34305389
2026-02-25T00:00:23+09:00,added,n70beb06c75bb,m83de25512497
2026-02-25T00:00:23+09:00,added,n70beb06c75bb,m7ade94ab4e06
2026-02-25T00:00:23+09:00,added,n70beb06c75bb,md1d64f3e53b1
2026-02-25T00:00:23+09:00,added,n70beb06c75bb,m46619b37427d
2026-02-25T00:00:23+09:00,added,n70beb06c75bb,mc3b092076119
2026-02-25T00:00:23+09:00,added,n70beb06c75bb,md929b2a701ae
2026-02-25T00:00:23+09:00,added,n70beb06c75bb,m54b2ccd56b12
2026-02-25T00:00:23+09:00,added,n70beb06c75bb,m7ae6f1512188
2026-02-25T00:00:23+09:00,added,n70beb06c75bb,m7325f611df66
2026-02-25T00:00:23+09:00,added,n70beb06c75bb,mad8d2935fc54
2026-02-24T00:00:20+09:00,added,n1d1eaa5dfb2e,mc39b34305389
2026-02-24T00:00:20+09:00,added,n1d1eaa5dfb2e,m83de25512497
2026-02-24T00:00:20+09:00,added,n1d1eaa5dfb2e,m7ade94ab4e06
2026-02-24T00:00:20+09:00,added,n1d1eaa5dfb2e,m46619b37427d
2026-02-24T00:00:20+09:00,added,n1d1eaa5dfb2e,m7ae6f1512188
2026-02-24T00:00:20+09:00,added,n1d1eaa5dfb2e,md1d64f3e53b1
2026-02-24T00:00:20+09:00,added,n1d1eaa5dfb2e,mc3b092076119
2026-02-24T00:00:20+09:00,added,n1d1eaa5dfb2e,m7325f611df66
2026-02-24T00:00:20+09:00,added,n1d1eaa5dfb2e,m5072685e9cf7
2026-02-23T00:00:15+09:00,added,n3461a039110f,mc39b34305389
2026-02-23T00:00:15+09:00,added,n3461a039110f,m83de25512497
2026-02-23T00:00:15+09:00,added,n3461a039110f,m7ade94ab4e06
2026-02-23T00:00:15+09:00,added,n3461a039110f,m54b2ccd56b12
2026-02-23T00:00:15+09:00,added,n3461a039110f,m7ae6f1512188
2026-02-23T00:00:15+09:00,added,n3461a039110f,mad8d2935fc54
2026-02-23T00:00:15+09:00,added,n3461a039110f,md1d64f3e53b1
2026-02-23T00:00:15+09:00,added,n3461a039110f,mc3b092076119
2026-02-23T00:00:15+09:00,added,n3461a039110f,md929b2a701ae
2026-02-23T00:00:15+09:00,added,n3461a039110f,m7325f611df66
2026-02-22T00:00:28+09:00,added,n9828d37c79cb,m8cfcfaa374e8
2026-02-22T00:00:28+09:00,added,n9828d37c79cb,mc39b34305389
2026-02-22T00:00:28+09:00,added,n9828d37c79cb,mc3b092076119
2026-02-22T00:00:28+09:00,added,n9828d37c79cb,md1d64f3e53b1
2026-02-22T00:00:28+09:00,added,n9828d37c79cb,md929b2a701ae
2026-02-22T00:00:28+09:00,added,n9828d37c79cb,m7ae6f1512188
2026-02-22T00:00:28+09:00,added,n9828d37c79cb,md87870710d29
2026-02-21T00:00:08+09:00,added,n37b4ac8acf24,mc39b34305389
2026-02-21T00:00:08+09:00,added,n37b4ac8acf24,m83de25512497
2026-02-21T00:00:08+09:00,added,n37b4ac8acf24,m7ade94ab4e06
2026-02-21T00:00:08+09:00,added,n37b4ac8acf24,md929b2a701ae
2026-02-21T00:00:08+09:00,added,n37b4ac8acf24,md1d64f3e53b1
2026-02-21T00:00:08+09:00,added,n37b4ac8acf24,m7ae6f1512188
2026-02-21T00:00:08+09:00,added,n37b4ac8acf24,mad8d2935fc54
2026-02-21T00:00:08+09:00,added,n37b4ac8acf24,mc3b092076119
2026-02-21T00:00:08+09:00,added,n37b4ac8acf24,m54b2ccd56b12
2026-02-21T00:00:08+09:00,added,n37b4ac8acf24,m7325f611df66
2026-02-20T05:27:14+09:00,added,nd3fb6f3f2bd2,mc39b34305389
2026-02-20T05:27:14+09:00,added,nd3fb6f3f2bd2,m83de25512497
2026-02-20T05:27:14+09:00,added,nd3fb6f3f2bd2,m7ade94ab4e06
2026-02-20T05:27:14+09:00,added,nd3fb6f3f2bd2,m54b2ccd56b12
2026-02-20T05:27:14+09:00,added,nd3fb6f3f2bd2,m7ae6f1512188
2026-02-20T05:27:14+09:00,added,nd3fb6f3f2bd2,md929b2a701ae
2026-02-20T05:27:14+09:00,added,nd3fb6f3f2bd2,mc3b092076119
2026-02-20T05:27:14+09:00,added,nd3fb6f3f2bd2,mad8d2935fc54
2026-02-20T05:27:14+09:00,added,nd3fb6f3f2bd2,m7325f611df66
2026-02-20T05:27:14+09:00,added,nd3fb6f3f2bd2,m3e05f2591292
2026-02-20T05:27:14+09:00,added,nd3fb6f3f2bd2,md1d64f3e53b1
2026-02-19T00:00:21+09:00,added,n7a32369d8fd8,mc39b34305389
2026-02-19T00:00:21+09:00,added,n7a32369d8fd8,m83de25512497
2026-02-19T00:00:21+09:00,added,n7a32369d8fd8,m7ade94ab4e06
2026-02-19T00:00:21+09:00,added,n7a32369d8fd8,m54b2ccd56b12
2026-02-19T00:00:21+09:00,added,n7a32369d8fd8,m7ae6f1512188
2026-02-19T00:00:21+09:00,added,n7a32369d8fd8,md1d64f3e53b1
2026-02-19T00:00:21+09:00,added,n7a32369d8fd8,mc3b092076119
2026-02-19T00:00:21+09:00,added,n7a32369d8fd8,md929b2a701ae
2026-02-19T00:00:21+09:00,added,n7a32369d8fd8,mad8d2935fc54
2026-02-19T00:00:21+09:00,added,n7a32369d8fd8,m7325f611df66
2026-02-18T00:00:14+09:00,added,n3a999edcc779,mc39b34305389
2026-02-18T00:00:14+09:00,added,n3a999edcc779,m83de25512497
2026-02-18T00:00:14+09:00,added,n3a999edcc779,m7ade94ab4e06
2026-02-18T00:00:14+09:00,added,n3a999edcc779,m7ae6f1512188
2026-02-18T00:00:14+09:00,added,n3a999edcc779,mc3b092076119
2026-02-18T00:00:14+09:00,added,n3a999edcc779,md929b2a701ae
2026-02-18T00:00:14+09:00,added,n3a999edcc779,m54b2ccd56b12
2026-02-18T00:00:14+09:00,added,n3a999edcc779,m7325f611df66
2026-02-18T00:00:14+09:00,added,n3a999edcc779,md1d64f3e53b1
2026-02-17T00:00:15+09:00,added,n6139b1ce2c7d,mc39b34305389
2026-02-17T00:00:15+09:00,added,n6139b1ce2c7d,m83de25512497
2026-02-17T00:00:15+09:00,added,n6139b1ce2c7d,m7ade94ab4e06
2026-02-17T00:00:15+09:00,added,n6139b1ce2c7d,m7ae6f1512188
2026-02-17T00:00:15+09:00,added,n6139b1ce2c7d,md1d64f3e53b1
2026-02-17T00:00:15+09:00,added,n6139b1ce2c7d,mc3b092076119
2026-02-17T00:00:15+09:00,added,n6139b1ce2c7d,m7325f611df66
2026-02-16T00:00:21+09:00,added,n37deab1fbf98,mc39b34305389
2026-02-16T00:00:21+09:00,added,n37deab1fbf98,m83de25512497
2026-02-16T00:00:21+09:00,added,n37deab1fbf98,m7ade94ab4e06
2026-02-16T00:00:21+09:00,added,n37deab1fbf98,m7ae6f1512188
2026-02-16T00:00:21+09:00,added,n37deab1fbf98,mc3b092076119
2026-02-16T00:00:21+09:00,added,n37deab1fbf98,md1d64f3e53b1
2026-02-16T00:00:21+09:00,added,n37deab1fbf98,m7325f611df66
2026-02-16T00:00:21+09:00,added,n37deab1fbf98,m862869c2ff9e
2026-02-16T00:00:21+09:00,added,n37deab1fbf98,m8f01f205d92d
2026-02-16T00:00:21+09:00,added,n37deab1fbf98,md3a54e5874c6
2026-02-16T00:00:21+09:00,added,n37deab1fbf98,me60c5ffc62a7
2026-02-16T00:00:21+09:00,added,n37deab1fbf98,m53a3c3b5d431
2026-02-15T00:00:11+09:00,added,n4ebe3783cbf5,m83de25512497
2026-02-15T00:00:11+09:00,added,n4ebe3783cbf5,mc3b092076119
2026-02-15T00:00:11+09:00,added,n4ebe3783cbf5,md1d64f3e53b1
2026-02-15T00:00:11+09:00,added,n4ebe3783cbf5,m5072685e9cf7
2026-02-15T00:00:11+09:00,added,n4ebe3783cbf5,m7ae6f1512188
2026-02-15T00:00:11+09:00,added,n4ebe3783cbf5,m54b2ccd56b12
2026-02-15T00:00:11+09:00,added,n4ebe3783cbf5,mc39b34305389
2026-02-14T00:00:10+09:00,added,n109380dad04c,m7ade94ab4e06
2026-02-14T00:00:10+09:00,added,n109380dad04c,m8cfcfaa374e8
2026-02-14T00:00:10+09:00,added,n109380dad04c,mc3b092076119
2026-02-14T00:00:10+09:00,added,n109380dad04c,md1d64f3e53b1
2026-02-14T00:00:10+09:00,added,n109380dad04c,m7ae6f1512188
2026-02-14T00:00:10+09:00,added,n109380dad04c,m54b2ccd56b12
2026-02-14T00:00:10+09:00,added,n109380dad04c,mc39b34305389
2026-02-14T00:00:10+09:00,added,n109380dad04c,md87870710d29
2026-02-13T00:00:12+09:00,added,n2c6fcf4a9b76,m83de25512497
2026-02-13T00:00:12+09:00,added,n2c6fcf4a9b76,m7ade94ab4e06
2026-02-13T00:00:12+09:00,added,n2c6fcf4a9b76,m7ae6f1512188
2026-02-13T00:00:12+09:00,added,n2c6fcf4a9b76,md1d64f3e53b1
2026-02-13T00:00:12+09:00,added,n2c6fcf4a9b76,m54b2ccd56b12
2026-02-13T00:00:12+09:00,added,n2c6fcf4a9b76,mc39b34305389
2026-02-13T00:00:12+09:00,added,n2c6fcf4a9b76,mc3b092076119
2026-02-13T00:00:12+09:00,added,n2c6fcf4a9b76,m7325f611df66
2026-02-12T00:00:21+09:00,added,nbc6c5279e383,m74eb98a21f7d
2026-02-12T00:00:21+09:00,added,nbc6c5279e383,m7ae6f1512188
2026-02-12T00:00:21+09:00,added,nbc6c5279e383,mc39b34305389
2026-02-12T00:00:21+09:00,added,nbc6c5279e383,md1d64f3e53b1
2026-02-12T00:00:21+09:00,added,nbc6c5279e383,m54b2ccd56b12
2026-02-12T00:00:21+09:00,added,nbc6c5279e383,mc3b092076119
2026-02-12T00:00:21+09:00,added,nbc6c5279e383,m5c9c88eb4983
2026-02-12T00:00:21+09:00,added,nbc6c5279e383,mfc9d03c23504
2026-02-11T00:00:04+09:00,added,ndff4f0e099cf,m83de25512497
2026-02-11T00:00:04+09:00,added,ndff4f0e099cf,m7ae6f1512188
2026-02-11T00:00:04+09:00,added,ndff4f0e099cf,m7ade94ab4e06
2026-02-11T00:00:04+09:00,added,ndff4f0e099cf,mc39b34305389
2026-02-11T00:00:04+09:00,added,ndff4f0e099cf,m54b2ccd56b12
2026-02-11T00:00:04+09:00,added,ndff4f0e099cf,md1d64f3e53b1
2026-02-11T00:00:04+09:00,added,ndff4f0e099cf,mcc68afc05425
2026-02-11T00:00:04+09:00,added,ndff4f0e099cf,m7325f611df66
2026-02-11T00:00:04+09:00,added,ndff4f0e099cf,mc3b092076119
2026-02-10T00:00:09+09:00,added,n1cdec30e6d0a,m83de25512497
2026-02-10T00:00:09+09:00,added,n1cdec30e6d0a,m7ade94ab4e06
2026-02-10T00:00:09+09:00,added,n1cdec30e6d0a,md1d64f3e53b1
2026-02-10T00:00:09+09:00,added,n1cdec30e6d0a,m7ae6f1512188
2026-02-10T00:00:09+09:00,added,n1cdec30e6d0a,mc39b34305389
2026-02-10T00:00:09+09:00,added,n1cdec30e6d0a,me22006eb4593
2026-02-10T00:00:09+09:00,added,n1cdec30e6d0a,m7325f611df66
2026-02-10T00:00:09+09:00,added,n1cdec30e6d0a,mc3b092076119
2026-02-09T00:00:13+09:00,added,n68e71d574fb9,m7ade94ab4e06
2026-02-09T00:00:13+09:00,added,n68e71d574fb9,mc39b34305389
2026-02-09T00:00:13+09:00,added,n68e71d574fb9,m83de25512497
2026-02-09T00:00:13+09:00,added,n68e71d574fb9,md1d64f3e53b1
2026-02-09T00:00:13+09:00,added,n68e71d574fb9,m7ae6f1512188
2026-02-09T00:00:13+09:00,added,n68e71d574fb9,m54b2ccd56b12
2026-02-09T00:00:13+09:00,added,n68e71d574fb9,m7325f611df66
2026-02-09T00:00:13+09:00,added,n68e71d574fb9,mc3b092076119
2026-02-09T00:00:13+09:00,added,n68e71d574fb9,md929b2a701ae
2026-02-08T00:00:10+09:00,added,nf6ad985c89ac,m8cfcfaa374e8
2026-02-08T00:00:10+09:00,added,nf6ad985c89ac,mc3b092076119
2026-02-08T00:00:10+09:00,added,nf6ad985c89ac,md1d64f3e53b1
2026-02-08T00:00:10+09:00,added,nf6ad985c89ac,mc39b34305389
2026-02-08T00:00:10+09:00,added,nf6ad985c89ac,m54b2ccd56b12
2026-02-08T00:00:10+09:00,added,nf6ad985c89ac,m7ae6f1512188
2026-02-08T00:00:10+09:00,added,nf6ad985c89ac,md87870710d29
2026-02-08T00:00:10+09:00,added,nf6ad985c89ac,m2aedf61ec5aa
2026-02-07T00:00:07+09:00,added,n3278d5bb31a0,mc39b34305389
2026-02-07T00:00:07+09:00,added,n3278d5bb31a0,m83de25512497
2026-02-07T00:00:07+09:00,added,n3278d5bb31a0,m7ade94ab4e06
2026-02-07T00:00:07+09:00,added,n3278d5bb31a0,md1d64f3e53b1
2026-02-07T00:00:07+09:00,added,n3278d5bb31a0,m7ae6f1512188
2026-02-07T00:00:07+09:00,added,n3278d5bb31a0,mc3b092076119
2026-02-07T00:00:07+09:00,added,n3278d5bb31a0,m7325f611df66
2026-02-07T00:00:07+09:00,added,n3278d5bb31a0,m5072685e9cf7
2026-02-06T00:00:20+09:00,added,n09ceb7114eea,m7ade94ab4e06
2026-02-06T00:00:20+09:00,added,n09ceb7114eea,mc39b34305389
2026-02-06T00:00:20+09:00,added,n09ceb7114eea,m83de25512497
2026-02-06T00:00:20+09:00,added,n09ceb7114eea,m7ae6f1512188
2026-02-06T00:00:20+09:00,added,n09ceb7114eea,md1d64f3e53b1
2026-02-06T00:00:20+09:00,added,n09ceb7114eea,m54b2ccd56b12
2026-02-06T00:00:20+09:00,added,n09ceb7114eea,m5072685e9cf7
2026-02-06T00:00:20+09:00,added,n09ceb7114eea,mc3b092076119
2026-02-05T00:00:12+09:00,added,n7b32fc765ea6,m7ade94ab4e06
2026-02-05T00:00:12+09:00,added,n7b32fc765ea6,mc39b34305389
2026-02-05T00:00:12+09:00,added,n7b32fc765ea6,m83de25512497
2026-02-05T00:00:12+09:00,added,n7b32fc765ea6,md1d64f3e53b1
2026-02-05T00:00:12+09:00,added,n7b32fc765ea6,m54b2ccd56b12
2026-02-05T00:00:12+09:00,added,n7b32fc765ea6,md929b2a701ae
2026-02-05T00:00:12+09:00,added,n7b32fc765ea6,m7ae6f1512188
2026-02-05T00:00:12+09:00,added,n7b32fc765ea6,m2aedf61ec5aa
2026-02-05T00:00:12+09:00,added,n7b32fc765ea6,mc3b092076119
2026-02-04T00:01:30+09:00,added,n9e4d694b9421,m7ade94ab4e06
2026-02-04T00:01:30+09:00,added,n9e4d694b9421,m83de25512497
2026-02-04T00:01:30+09:00,added,n9e4d694b9421,mc39b34305389
2026-02-04T00:01:30+09:00,added,n9e4d694b9421,m7ae6f1512188
2026-02-04T00:01:30+09:00,added,n9e4d694b9421,md1d64f3e53b1
2026-02-04T00:01:30+09:00,added,n9e4d694b9421,m54b2ccd56b12
2026-02-04T00:01:30+09:00,added,n9e4d694b9421,m7325f611df66
2026-02-04T00:01:30+09:00,added,n9e4d694b9421,mc3b092076119
2026-02-03T12:41:59+09:00,added,n8aac00bafc6d,mc39b34305389
2026-02-03T12:41:59+09:00,added,n8aac00bafc6d,m83de25512497
2026-02-03T12:41:59+09:00,added,n8aac00bafc6d,m7ae6f1512188
2026-02-03T12:41:59+09:00,added,n8aac00bafc6d,md1d64f3e53b1
2026-02-03T12:41:59+09:00,added,n8aac00bafc6d,m54b2ccd56b12
2026-02-03T12:41:59+09:00,added,n8aac00bafc6d,md87870710d29
2026-02-03T12:41:59+09:00,added,n8aac00bafc6d,m986fd4cd0bca
2026-02-03T12:41:59+09:00,added,n8aac00bafc6d,mc3b092076119
2026-02-03T00:01:51+09:00,added,nd9ed66739678,m8cfcfaa374e8
2026-02-03T00:01:51+09:00,added,nd9ed66739678,m54b2ccd56b12
2026-02-03T00:01:51+09:00,added,nd9ed66739678,md1d64f3e53b1
2026-02-03T00:01:51+09:00,added,nd9ed66739678,m7ae6f1512188
2026-02-03T00:01:51+09:00,added,nd9ed66739678,mc3b092076119
2026-02-02T00:00:05+09:00,added,n39cd653c38f1,m74eb98a21f7d
2026-02-02T00:00:05+09:00,added,n39cd653c38f1,m7ae6f1512188
2026-02-02T00:00:05+09:00,added,n39cd653c38f1,m54b2ccd56b12
2026-02-02T00:00:05+09:00,added,n39cd653c38f1,md87870710d29
2026-02-01T00:00:22+09:00,added,n380405d9039c,m83de25512497
2026-02-01T00:00:22+09:00,added,n380405d9039c,m7ae6f1512188
2026-02-01T00:00:22+09:00,added,n380405d9039c,m54b2ccd56b12
2026-02-01T00:00:22+09:00,added,n380405d9039c,mc39b34305389
2026-02-01T00:00:22+09:00,added,n380405d9039c,m7ade94ab4e06
2026-01-31T00:00:32+09:00,added,n405d85b4a9d7,m83de25512497
2026-01-31T00:00:32+09:00,added,n405d85b4a9d7,md1d64f3e53b1
2026-01-31T00:00:32+09:00,added,n405d85b4a9d7,m7ae6f1512188
2026-01-30T12:45:12+09:00,added,nc58471057946,m83de25512497
2026-01-30T12:45:12+09:00,added,nc58471057946,m7ae6f1512188
2026-01-30T12:45:12+09:00,added,nc58471057946,mc39b34305389
2026-01-30T00:00:17+09:00,added,n1714867c1b98,m8cfcfaa374e8
2026-01-30T00:00:17+09:00,added,n1714867c1b98,md1d64f3e53b1
2026-01-30T00:00:17+09:00,added,n1714867c1b98,m54b2ccd56b12
2026-01-30T00:00:17+09:00,added,n1714867c1b98,m7ae6f1512188
2026-01-30T00:00:17+09:00,added,n1714867c1b98,me39940554e5a
2026-01-29T00:00:52+09:00,added,nad77262275ea,m83de25512497
2026-01-29T00:00:52+09:00,added,nad77262275ea,m7ae6f1512188
2026-01-29T00:00:52+09:00,added,nad77262275ea,m54b2ccd56b12
2026-01-28T00:00:48+09:00,added,n85b5e2cc2ded,m83de25512497
2026-01-28T00:00:48+09:00,added,n85b5e2cc2ded,m7ae6f1512188
2026-01-28T00:00:48+09:00,added,n85b5e2cc2ded,m54b2ccd56b12
2026-01-27T12:10:38+09:00,added,nbbf4d1f6d200,m83de25512497
2026-01-27T12:10:38+09:00,added,nbbf4d1f6d200,m7ae6f1512188
2026-01-27T00:00:58+09:00,added,n16fd9f419905,m54b2ccd56b12
2026-01-27T00:00:58+09:00,added,n16fd9f419905,m7ae6f1512188
2026-01-26T12:23:21+09:00,added,n813e38fc779b,m83de25512497
2026-01-26T12:23:21+09:00,added,n813e38fc779b,m54b2ccd56b12
2026-01-26T12:23:21+09:00,added,n813e38fc779b,m7ae6f1512188
2026-01-26T12:23:21+09:00,added,n813e38fc779b,m26631bce74dd
2026-01-26T12:23:21+09:00,added,n813e38fc779b,m2aedf61ec5aa
2026-01-26T12:23:21+09:00,added,n813e38fc779b,m9d62c4a809ea
2026-01-26T00:00:57+09:00,added,nb7e357e58722,m54b2ccd56b12
2026-01-26T00:00:57+09:00,added,nb7e357e58722,m74eb98a21f7d
2026-01-26T00:00:57+09:00,added,nb7e357e58722,m7ae6f1512188
2026-01-25T13:30:04+09:00,added,nfac8d5ec5bff,m83de25512497
2026-01-25T13:30:04+09:00,added,nfac8d5ec5bff,m54b2ccd56b12
2026-01-25T13:30:04+09:00,added,nfac8d5ec5bff,m7ae6f1512188
2026-01-25T00:01:38+09:00,added,ne41d6e8ba08d,m8cfcfaa374e8
2026-01-25T00:01:38+09:00,added,ne41d6e8ba08d,me191a5794637
2026-01-25T00:01:38+09:00,added,ne41d6e8ba08d,m54b2ccd56b12
2026-01-25T00:01:38+09:00,added,ne41d6e8ba08d,md1d64f3e53b1
2026-01-25T00:01:38+09:00,added,ne41d6e8ba08d,m7ae6f1512188
2026-01-24T15:43:07+09:00,added,nd6d2ac54c9b6,m83de25512497
2026-01-24T00:01:05+09:00,added,n15cc3b5cf265,m8cfcfaa374e8
2026-01-24T00:01:05+09:00,added,n15cc3b5cf265,m54b2ccd56b12
2026-01-24T00:01:05+09:00,added,n15cc3b5cf265,m2aedf61ec5aa
2026-01-23T12:34:47+09:00,added,ne936e6d45528,m83de25512497
2026-01-23T12:34:47+09:00,added,ne936e6d45528,me191a5794637
2026-01-23T00:00:53+09:00,added,ndd8059a5c7d8,m8cfcfaa374e8
2026-01-23T00:00:53+09:00,added,ndd8059a5c7d8,md1d64f3e53b1
2026-01-23T00:00:53+09:00,added,ndd8059a5c7d8,m54b2ccd56b12
2026-01-22T06:25:40+09:00,added,naa8ab5cee450,m8cfcfaa374e8
2026-01-22T06:25:40+09:00,added,naa8ab5cee450,m54b2ccd56b12
2026-01-22T06:25:40+09:00,added,naa8ab5cee450,me191a5794637
2026-01-22T06:25:40+09:00,added,naa8ab5cee450,md1d64f3e53b1
2026-01-21T22:00:29+09:00,added,n1c604d592242,m83de25512497
2026-01-21T22:00:29+09:00,added,n1c604d592242,me191a5794637
2026-01-21T22:00:29+09:00,added,n1c604d592242,m54b2ccd56b12
2026-01-21T00:04:17+09:00,added,n878b92eec73a,m54b2ccd56b12
2026-01-21T00:04:17+09:00,added,n878b92eec73a,m74eb98a21f7d
2026-01-20T12:19:56+09:00,added,na639f4882013,m83de25512497
2026-01-20T00:01:45+09:00,added,n90ab32607cf7,m8cfcfaa374e8
2026-01-20T00:01:45+09:00,added,n90ab32607cf7,m54b2ccd56b12
2026-01-19T12:21:14+09:00,added,n2220b83d3afd,m83de25512497
2026-01-19T00:01:29+09:00,added,n32667eafe6c6,m8cfcfaa374e8
2026-01-19T00:01:29+09:00,added,n32667eafe6c6,m54b2ccd56b12
2026-01-19T00:01:29+09:00,added,n32667eafe6c6,me191a5794637
2026-01-18T14:22:08+09:00,added,n5c04c3c1d8e6,m74eb98a21f7d
2026-01-18T14:22:08+09:00,added,n5c04c3c1d8e6,m54b2ccd56b12
2026-01-18T14:22:08+09:00,added,n5c04c3c1d8e6,me191a5794637
2026-01-18T00:01:17+09:00,added,n129f0b4a04d8,m83de25512497
2026-01-18T00:01:17+09:00,added,n129f0b4a04d8,m54b2ccd56b12
2026-01-18T00:01:17+09:00,added,n129f0b4a04d8,m008354138513
2026-01-17T15:04:10+09:00,added,n3f87d65de7d7,m83de25512497
2026-01-17T00:07:01+09:00,added,n30741f676cac,m8cfcfaa374e8
2026-01-17T00:07:01+09:00,added,n30741f676cac,m54b2ccd56b12
2026-01-16T12:03:56+09:00,added,na3eebb954af5,m54b2ccd56b12
2026-01-16T12:03:56+09:00,added,na3eebb954af5,m83de25512497
2026-01-16T00:09:16+09:00,added,n0c92d7071d24,m8cfcfaa374e8
2026-01-16T00:09:16+09:00,added,n0c92d7071d24,m54b2ccd56b12
2026-01-15T12:10:46+09:00,added,n2bdebc993db8,m54b2ccd56b12
2026-01-15T12:10:46+09:00,added,n2bdebc993db8,m83de25512497
2026-01-15T00:11:58+09:00,added,nd59743555794,m8cfcfaa374e8
2026-01-15T00:11:58+09:00,added,nd59743555794,m54b2ccd56b12
2026-01-14T15:04:49+09:00,added,n0c5d408b0402,m54b2ccd56b12
2026-01-14T15:04:49+09:00,added,n0c5d408b0402,m83de25512497
2026-01-14T15:04:49+09:00,added,n0c5d408b0402,mc3b092076119
2026-01-14T00:04:38+09:00,added,ndf2b1dd694e2,m8cfcfaa374e8
2026-01-14T00:04:38+09:00,added,ndf2b1dd694e2,m54b2ccd56b12
2026-01-14T00:04:38+09:00,added,ndf2b1dd694e2,mbde0784d94b2
2026-01-13T06:52:26+09:00,added,n41b4566c292a,m8cfcfaa374e8
2026-01-13T06:52:26+09:00,added,n41b4566c292a,m54b2ccd56b12
2026-01-12T00:02:51+09:00,added,n09fc7f88d282,m8cfcfaa374e8
2026-01-12T00:02:51+09:00,added,n09fc7f88d282,m54b2ccd56b12
2026-01-11T09:10:21+09:00,added,n3a9dc8e8f81c,m8cfcfaa374e8
2026-01-11T09:10:21+09:00,added,n3a9dc8e8f81c,m862869c2ff9e
2026-01-11T09:10:21+09:00,added,n3a9dc8e8f81c,m53a3c3b5d431
2026-01-11T09:10:21+09:00,added,n3a9dc8e8f81c,m54b2ccd56b12
2026-01-10T00:03:52+09:00,added,n4e9b268223bf,m8cfcfaa374e8
2026-01-10T00:03:52+09:00,added,n4e9b268223bf,m54b2ccd56b12
2026-01-09T00:04:59+09:00,added,nb5abfd5e54d3,m8cfcfaa374e8
2026-01-09T00:04:59+09:00,added,nb5abfd5e54d3,m54b2ccd56b12
2026-01-09T00:04:59+09:00,added,nb5abfd5e54d3,m6d3400fb7014
2026-01-08T07:21:13+09:00,added,n1373a1dfa83c,m8cfcfaa374e8
2026-01-08T07:21:13+09:00,added,n1373a1dfa83c,m54b2ccd56b12
2026-01-07T06:03:07+09:00,added,n1b0b640f79e0,m8cfcfaa374e8
2026-01-07T06:03:07+09:00,added,n1b0b640f79e0,m54b2ccd56b12
2026-01-07T06:03:07+09:00,added,n1b0b640f79e0,me191a5794637
2026-01-06T00:15:16+09:00,added,n6e2eeffc0df5,m8cfcfaa374e8
2026-01-06T00:15:16+09:00,added,n6e2eeffc0df5,m54b2ccd56b12
2026-01-04T18:30:07+09:00,added,nf622e824c2fe,m8cfcfaa374e8
2026-01-04T18:30:07+09:00,added,nf622e824c2fe,m54b2ccd56b12
2026-01-03T15:10:27+09:00,added,ne25288c9c4f5,m54b2ccd56b12
2026-01-03T15:10:27+09:00,added,ne25288c9c4f5,m74eb98a21f7d
2026-01-03T00:00:53+09:00,added,n2e3527def5f0,m8cfcfaa374e8
2026-01-03T00:00:53+09:00,added,n2e3527def5f0,m54b2ccd56b12
2026-01-02T00:00:06+09:00,added,n528f229f2f14,m8cfcfaa374e8
2026-01-02T00:00:06+09:00,added,n528f229f2f14,m54b2ccd56b12
2026-01-01T00:00:41+09:00,added,n30a6a9ff9499,m54b2ccd56b12
2026-01-01T00:00:41+09:00,added,n30a6a9ff9499,mc556789ecbaa
2026-01-01T00:00:41+09:00,added,n30a6a9ff9499,m74eb98a21f7d
2025-12-31T19:20:09+09:00,added,n3aacd156e00d,m8cfcfaa374e8
2025-12-31T19:20:09+09:00,added,n3aacd156e00d,m54b2ccd56b12
2025-12-31T06:38:30+09:00,added,nd0aea0bfcabf,m8cfcfaa374e8
2025-12-31T06:38:30+09:00,added,nd0aea0bfcabf,m54b2ccd56b12
2025-12-31T06:38:30+09:00,added,nd0aea0bfcabf,mc3b092076119
2025-12-30T00:06:40+09:00,added,nd2d1c9361c69,m54b2ccd56b12
2025-12-30T00:06:40+09:00,added,nd2d1c9361c69,m74eb98a21f7d
2025-12-29T07:04:11+09:00,added,n5d6289544c76,m8cfcfaa374e8
2025-12-29T07:04:11+09:00,added,n5d6289544c76,m54b2ccd56b12
2025-12-29T07:04:11+09:00,added,n5d6289544c76,mc3b092076119
2025-12-28T18:00:18+09:00,added,nc9e7fe2bc06b,m7ae6f1512188
2025-12-28T18:00:18+09:00,added,nc9e7fe2bc06b,m74eb98a21f7d
2025-12-27T07:10:52+09:00,added,n5fb6a58657e6,m8cfcfaa374e8
2025-12-27T07:10:52+09:00,added,n5fb6a58657e6,m54b2ccd56b12
2025-12-27T07:10:52+09:00,added,n5fb6a58657e6,m57bdb13cb044
2025-12-26T06:29:09+09:00,added,ncaa1b834f6d9,m54b2ccd56b12
2025-12-26T06:29:09+09:00,added,ncaa1b834f6d9,m8cfcfaa374e8
2025-12-26T06:29:09+09:00,added,ncaa1b834f6d9,mbde0784d94b2
2025-12-25T07:23:04+09:00,added,n34f47655a70c,m8cfcfaa374e8
2025-12-25T07:23:04+09:00,added,n34f47655a70c,mc3b092076119
2025-12-25T07:23:04+09:00,added,n34f47655a70c,m54b2ccd56b12
2025-12-24T06:10:56+09:00,added,n7ebdbd9410a2,m8cfcfaa374e8
2025-12-24T06:10:56+09:00,added,n7ebdbd9410a2,m54b2ccd56b12
2025-12-23T07:01:06+09:00,added,nb2f3af633466,m8cfcfaa374e8
2025-12-23T07:01:06+09:00,added,nb2f3af633466,m54b2ccd56b12
2025-12-22T00:00:11+09:00,added,n5a58546111a5,mc3b092076119
2025-12-22T00:00:11+09:00,added,n5a58546111a5,m74eb98a21f7d
2025-12-21T10:58:30+09:00,added,nc9e145585098,m74eb98a21f7d
2025-12-20T23:18:21+09:00,added,n4fba5fbf09c7,m8cfcfaa374e8
2025-12-19T22:50:46+09:00,added,n8f8bc18666c3,m8cfcfaa374e8
2025-12-18T20:49:23+09:00,added,n8c84e5f61525,m74eb98a21f7d
2025-12-17T19:20:22+09:00,added,nb723119212a1,m74eb98a21f7d
2025-12-17T07:06:33+09:00,added,ned65f41814da,m8cfcfaa374e8
2025-12-16T19:45:55+09:00,added,n82a13ddde444,m8cfcfaa374e8
2025-12-15T21:20:39+09:00,added,nae5ce3d572a1,m74eb98a21f7d
2025-12-15T01:05:04+09:00,added,na3fd45ede6c0,m74eb98a21f7d
2025-12-14T09:15:49+09:00,added,na02ec95078df,m8cfcfaa374e8
2025-12-14T09:13:04+09:00,added,n7a2650b2dfb2,m8cfcfaa374e8
2025-12-14T00:00:41+09:00,added,nc944609c977e,m8cfcfaa374e8
2025-12-14T00:00:41+09:00,added,nc944609c977e,m5c9c88eb4983
2025-12-14T00:00:41+09:00,added,nc944609c977e,m2aedf61ec5aa
2025-12-14T00:00:41+09:00,added,nc944609c977e,mc3b092076119
2025-12-14T00:00:41+09:00,added,nc944609c977e,mf67a0e2be6bc
2025-12-14T00:00:41+09:00,added,nc944609c977e,m6295830f903e
2025-12-13T10:43:26+09:00,added,n671f39eac803,m8cfcfaa374e8
2025-12-11T20:50:25+09:00,added,n3e8a6f98c686,m74eb98a21f7d
2025-12-08T22:34:55+09:00,added,n47ba3b855f6d,m74eb98a21f7d
2025-12-07T13:37:17+09:00,added,n63b3af56eea7,m74eb98a21f7d
2025-12-06T03:09:14+09:00,added,n63a57594229d,m74eb98a21f7d
2025-12-03T20:01:50+09:00,added,n37d04368cca9,m76e76573644d
2025-12-03T20:01:50+09:00,added,n37d04368cca9,m74eb98a21f7d
2025-12-01T22:23:13+09:00,added,nd8cdd1cf218b,m74eb98a21f7d
2025-11-29T07:47:12+09:00,added,n5bc3b08cc337,m74eb98a21f7d
2025-11-29T07:47:12+09:00,added,n5bc3b08cc337,mc3b092076119
2025-11-27T22:05:37+09:00,added,n2e62683ab19a,m016668fc27da
2025-11-27T22:05:37+09:00,added,n2e62683ab19a,mcdf9b3f4b5be
2025-11-27T22:05:37+09:00,added,n2e62683ab19a,mef6743757053
2025-11-27T22:05:37+09:00,added,n2e62683ab19a,m74eb98a21f7d
2025-11-27T22:05:37+09:00,added,n2e62683ab19a,mc3b092076119
2025-11-17T08:27:48+09:00,added,n6a4e1c8c8461,mc3b092076119
2025-11-17T08:27:48+09:00,added,n6a4e1c8c8461,m779b42e18707
2025-11-17T08:27:48+09:00,added,n6a4e1c8c8461,m743c88e4a3b2
2026-04-18T18:07:04+09:00,added,n2aacbf43f3c7,mad8d2935fc54
2026-04-18T21:42:19+09:00,added,n2aacbf43f3c7,m6d3400fb7014
2026-04-18T21:42:19+09:00,added,n2aacbf43f3c7,m7325f611df66
2026-04-18T21:42:19+09:00,added,n2aacbf43f3c7,mc86c779585e3
2026-04-19T01:52:55+09:00,added,n2aacbf43f3c7,m0921d4d120a8
2026-04-19T01:52:55+09:00,added,n2aacbf43f3c7,m78e1caab29a1
2026-04-19T01:52:55+09:00,added,ncc83531e51ad,mb58a18ddc736
2026-04-19T01:52:55+09:00,added,nb0fb2b77b902,m82991598c83f
2026-04-19T05:38:52+09:00,added,n57f3f152ab3f,m334fb05a2022
2026-04-19T05:38:52+09:00,added,n2aacbf43f3c7,m743c88e4a3b2
2026-04-19T10:34:25+09:00,added,n56bc213a5210,m74eb98a21f7d
2026-04-19T10:34:25+09:00,added,n56bc213a5210,mc39b34305389
2026-04-19T10:34:25+09:00,added,n56bc213a5210,m7ae6f1512188
2026-04-19T10:34:25+09:00,added,n56bc213a5210,mb80e8e661ebe
2026-04-19T10:34:25+09:00,added,n56bc213a5210,m0921d4d120a8
2026-04-19T10:34:25+09:00,added,n56bc213a5210,m54b2ccd56b12
2026-04-19T10:34:25+09:00,added,n56bc213a5210,md1d64f3e53b1
2026-04-19T10:34:25+09:00,added,n56bc213a5210,mdf64cd8c3686
2026-04-19T15:02:45+09:00,added,n56bc213a5210,md929b2a701ae
2026-04-19T15:02:45+09:00,added,n56bc213a5210,m18bbc62ac6eb
2026-04-19T15:02:45+09:00,added,n56bc213a5210,mc86c779585e3
2026-04-19T15:02:45+09:00,added,n56bc213a5210,mc3b092076119
2026-04-19T15:02:45+09:00,added,n56bc213a5210,m5d42ba107f94
2026-04-19T15:02:45+09:00,added,n56bc213a5210,mfc9d03c23504
2026-04-19T18:07:10+09:00,added,n56bc213a5210,mad8d2935fc54
2026-04-19T21:41:49+09:00,added,n56bc213a5210,m743c88e4a3b2
2026-04-19T21:41:49+09:00,added,n56bc213a5210,md87870710d29
2026-04-19T21:41:49+09:00,added,n56bc213a5210,m78e1caab29a1
2026-04-19T21:41:49+09:00,added,n2aacbf43f3c7,m9017cd42bead
2026-04-20T01:52:57+09:00,added,necb6159421c1,m651aaa4e52a9
2026-04-20T01:52:57+09:00,added,necb6159421c1,ma5bd9f7c40cf
2026-04-20T01:52:57+09:00,removed,n65e8e6ee429a,m601e06815689
2026-04-20T10:34:05+09:00,added,n57f3f152ab3f,mcf500208b8d9
2026-04-20T10:34:05+09:00,added,n52258f83acf2,m74eb98a21f7d
2026-04-20T10:34:05+09:00,added,n52258f83acf2,mc39b34305389
2026-04-20T10:34:05+09:00,added,n52258f83acf2,m1fb06cd6a61d
2026-04-20T10:34:05+09:00,added,n52258f83acf2,m54b2ccd56b12
2026-04-20T10:34:05+09:00,added,n52258f83acf2,m743c88e4a3b2
2026-04-20T10:34:05+09:00,added,n52258f83acf2,mb80e8e661ebe
2026-04-20T10:34:05+09:00,added,n52258f83acf2,m7ae6f1512188
2026-04-20T10:34:05+09:00,added,n52258f83acf2,m500f8b17af7f
2026-04-20T10:34:05+09:00,added,n52258f83acf2,m18bbc62ac6eb
2026-04-20T10:34:05+09:00,added,n52258f83acf2,m731502c13283
2026-04-20T10:34:05+09:00,added,n52258f83acf2,md929b2a701ae
2026-04-20T10:34:05+09:00,added,nfdb707217480,m731502c13283
2026-04-20T10:34:05+09:00,added,n09ceb7114eea,m9fadad39602c
2026-04-20T15:19:01+09:00,added,n52258f83acf2,m46619b37427d
2026-04-20T15:19:01+09:00,added,n52258f83acf2,mc86c779585e3
2026-04-20T15:19:01+09:00,added,n52258f83acf2,mc3b092076119
2026-04-20T15:19:01+09:00,added,na0a9d9a822c1,mc86c779585e3
2026-04-20T19:12:32+09:00,added,n52258f83acf2,mad8d2935fc54
2026-04-20T19:12:32+09:00,added,n52258f83acf2,mcf500208b8d9
2026-04-20T19:12:32+09:00,added,n52258f83acf2,m18524d327943
2026-04-20T22:08:20+09:00,added,n52258f83acf2,md1868a762043
2026-04-20T22:08:20+09:00,added,n52258f83acf2,m7325f611df66
2026-04-20T22:08:20+09:00,added,n52258f83acf2,m78e1caab29a1
2026-04-21T05:48:40+09:00,removed,n3cf40d59cc0f,md940ab980c8a
2026-04-21T05:48:40+09:00,removed,ncc83531e51ad,md940ab980c8a
2026-04-21T05:48:40+09:00,removed,n65e8e6ee429a,md940ab980c8a
2026-04-21T05:48:40+09:00,removed,n154dec0771c3,md940ab980c8a
2026-04-21T05:48:40+09:00,removed,n82acdc734454,md940ab980c8a
2026-04-21T10:30:54+09:00,added,n320fe2da6e78,mc39b34305389
2026-04-21T10:30:54+09:00,added,n320fe2da6e78,m83de25512497
2026-04-21T10:30:54+09:00,added,n320fe2da6e78,mb80e8e661ebe
2026-04-21T10:30:54+09:00,added,n320fe2da6e78,m7ae6f1512188
2026-04-21T10:30:54+09:00,added,n320fe2da6e78,m743c88e4a3b2
2026-04-21T10:30:54+09:00,added,n320fe2da6e78,m5165ac46c7d8
2026-04-21T10:30:54+09:00,added,n320fe2da6e78,md1d64f3e53b1
2026-04-21T10:30:54+09:00,added,n320fe2da6e78,m0a66c288c5f8
2026-04-21T15:07:11+09:00,added,n320fe2da6e78,m9fadad39602c
2026-04-21T15:07:11+09:00,added,n320fe2da6e78,mc86c779585e3
2026-04-21T15:07:11+09:00,added,n320fe2da6e78,m46619b37427d
2026-04-21T15:07:11+09:00,added,n320fe2da6e78,mc3b092076119
2026-04-21T15:07:11+09:00,added,n320fe2da6e78,mcf500208b8d9
2026-04-21T18:53:19+09:00,added,n320fe2da6e78,md1868a762043
2026-04-21T22:03:33+09:00,added,n320fe2da6e78,m78e1caab29a1
2026-04-21T22:03:33+09:00,added,n320fe2da6e78,m7325f611df66
2026-04-21T22:03:33+09:00,added,n320fe2da6e78,mad8d2935fc54
2026-04-22T02:14:02+09:00,added,n52258f83acf2,md1d64f3e53b1
2026-04-22T10:30:36+09:00,added,n0ed93029c231,mc39b34305389
2026-04-22T10:30:36+09:00,added,n0ed93029c231,m83de25512497
2026-04-22T10:30:36+09:00,added,n0ed93029c231,m743c88e4a3b2
2026-04-22T10:30:36+09:00,added,n0ed93029c231,m54b2ccd56b12
2026-04-22T10:30:36+09:00,added,n0ed93029c231,md1868a762043
2026-04-22T10:30:36+09:00,added,n0ed93029c231,mad8d2935fc54
2026-04-22T10:30:36+09:00,added,n0ed93029c231,mcf500208b8d9
2026-04-22T10:30:36+09:00,added,n320fe2da6e78,ma6bc5b6e39d6
2026-04-22T10:30:36+09:00,added,n320fe2da6e78,mc4444ea0545d
2026-04-22T15:05:47+09:00,added,n0ed93029c231,mf66916a43a3f
2026-04-22T15:05:47+09:00,added,n0ed93029c231,mc3b092076119
2026-04-22T15:05:47+09:00,added,n0ed93029c231,m5d57859ab2e6
2026-04-22T15:05:47+09:00,added,n0ed93029c231,mc86c779585e3
2026-04-22T15:05:47+09:00,added,n0ed93029c231,m18bbc62ac6eb
