comment_id,note_key,user_key,user_name,user_urlname,user_icon,commented_at,body
nc47efdcba627e,na83909144099,895bb95d4e6570844987b3f973b2decf,Jade.T,rashin_style,https://assets.st-note.com/production/uploads/images/248292820/profile_84c801945d81ae8f6bdd13e8f4c5e3b0.png?fit=bounds&format=jpeg&quality=85&width=330,2026-05-07T07:22:32.139+09:00,"おはようございます😀
私もSunoを利用して音楽作りを楽しんでいます♫
様々なシチュエーションやシナリオ、歌唱のバックグラウンドなどなど、、妄想から具現化していく過程が楽しいですよね✨

今後の記事も楽しみにしています😁✨"
nce6aa6390c01f,na83909144099,6b44bc1730f4ed7ad127968e08eb088a,カケルン@HSP フォロバ100,yamaxkake,https://assets.st-note.com/production/uploads/images/272298552/profile_d42fe3f9b5794ccd32d4db77db4c15dc.png?fit=bounds&format=jpeg&quality=85&width=330,2026-05-07T00:06:06.807+09:00,"みきさん、こんばんは🌙* :ﾟ
素敵な記事、読ませていただきました😊

物語を作ったら主題歌も作りたくなる、という流れがとても共感できました✨

Sunoで曲を作り、さらに映像まで形にしようとする過程から、作品世界を大切に広げていきたい気持ちが伝わってきました。

「1人じゃない」という言葉が、物語のテーマとも重なっていて印象に残りました。

AIを使いながら、物語の光を別の形で届けようとしている、とても前向きな記事ですね✨"
nc9f95d07b5a29,na83909144099,13ffcb0b8cde83ea982b26cc3bc6eaaa,masaya｜テンカラフル,10colorful,https://assets.st-note.com/production/uploads/images/232446768/profile_a8685ea0ec297ae217ee56f303474bff.jpg?fit=bounds&format=jpeg&quality=85&width=330,2026-05-06T21:22:01.579+09:00,"こんばんは。

堂々とした力強い曲ですね。
物語りの主題歌にふさわしいと思います。
Sunoの魅力を感じられて、
創作意欲がわいてきたんじゃないですか！

ぼくの曲まで紹介していただき有り難うございます。
これからもよろしくお願いいたします。"
nc76f8b6199b73,na05a954f97a6,1ae9a4e9be8ac7dcf135f4e6cf5c6f55,こころのかあちゃん l ゆんママ☀（旧：幸せなしろくまさん）,yun_mama2025,https://assets.st-note.com/production/uploads/images/239060583/profile_01f62fbc849f4a7e08c0a19c85df3c4b.png?fit=bounds&format=jpeg&quality=85&width=330,2026-05-07T09:38:05.428+09:00,"みきさん、マガジン追加ありがとうございます！

AIで作られたんですね！カードとイメージの内容がマッチしてていいなぁと思いました✨☀️

これからもよろしくお願いします☺️"
nc7ff049617ecb,na05a954f97a6,4192103d183ed121ae476f26f5beeacd,ｓｅｏｒｉ🧚‍♂,alert_flea4300,https://assets.st-note.com/production/uploads/images/251233872/profile_a236648303f13b0eeefec428f70a3f42.jpg?fit=bounds&format=jpeg&quality=85&width=330,2026-05-06T02:31:20.973+09:00,"コンパスみきさん🧚‍♂

いつも　マガジン🌱載せて下さって

感謝💕しています　見るたび嬉しく

なります😊

今回も　ありがとう　ございました💜🙏

"
nc329517605ed2,na05a954f97a6,e13491f64c027507eb598bd192562484,🚨🌏️地球侵略阻止ミッション👽️⚡️,teabreak_invader,https://assets.st-note.com/production/uploads/images/256830690/profile_908f78a19229ffc424b715689e05c7db.png?fit=bounds&format=jpeg&quality=85&width=330,2026-05-05T23:26:36.247+09:00,"お話を拝読し、胸が熱くなりましタ🥲🌌

素敵なお話に触れ、ワタシもまた日々のミッションに励めそうデス🚀💫

ありがとうございマス💐✨"
nc8958187ba990,nf7767db8555d,f2a55d2f97f079ab0df510a2c19397fa,ぷっぷる,rich_moose3756,https://assets.st-note.com/production/uploads/images/247930453/profile_056c49f5bf7f07cdcc784fbf2ff720c7.png?fit=bounds&format=jpeg&quality=85&width=330,2026-05-04T22:56:18.726+09:00,"コンパス みきさま

こんばんは
記事、私も読みました☺️
遊び心一杯で宇宙服、
カッコいい✨

マガジンに掲載して頂き
ありがとうございます☺️

残りのゴールデンウィーク
気をつけてお過ごしください🍀

お礼まで😊
失礼しました🍀"
nc68e90d5f3d12,nf7767db8555d,e13491f64c027507eb598bd192562484,🚨🌏️地球侵略阻止ミッション👽️⚡️,teabreak_invader,https://assets.st-note.com/production/uploads/images/256830690/profile_908f78a19229ffc424b715689e05c7db.png?fit=bounds&format=jpeg&quality=85&width=330,2026-05-04T21:37:51.134+09:00,"こ、これハ――

ウレシイ💥💥💥💥

そして宇宙人、ちょっと照れてマス⚠️🚨笑


とってもハートフルなメッセージ、ありがとうございマス😭✨

ワタシの発信を通じて、コンパスみきサンの魅力がまだ見ぬ誰かに伝わればいいなと、ただそれだけだったのですガ――

まさかこんなに素敵な交信でお返しいただくとは、感激デス🥲🌌

ワタシの世界観への共感と、出力された画像の数々にも、心が震えましタ🔮✨


今後とも末永い交信を、よろしくお願いいたしマス――🛸🪐"
ncaa878421b2f2,n840c1b5a3ead,905ada9b98fd6f2c4082244e852f6167,さくら,major_yeti3601,https://assets.st-note.com/production/uploads/images/271098193/profile_8898d730a7ae0aaa7d2812b7452ca371.jpg?fit=bounds&format=jpeg&quality=85&width=330,2026-05-04T16:36:38.629+09:00,第 3 集もとても感動的なストーリーでした✨エステルとルーカスの約束、希望のコンパスの設定がすごく素敵です。四人の守護者が揃った展開、次の第 4 話も楽し ly みに待ってます！
nc3b08b33d5566,n840c1b5a3ead,84c09a5d0de4713a8e626faf681d294f,ゆう | ほどく会話のことば　　　　　　　　,open_auklet771,https://assets.st-note.com/production/uploads/images/271907225/profile_58c0bb9f741f2f29e2c7eff5879e574a.png?fit=bounds&format=jpeg&quality=85&width=330,2026-05-04T08:25:16.813+09:00,"コンパスみきさん、おはようございます😊

とてもやさしくて、あたたかいお話でした。

出会いと別れの中でも、希望をつないでいく気持ちが静かに伝わってきて、心が落ち着きました。

素敵な物語をありがとうございます🥰"
nca7f42a18dc31,n2106093e3b3b,1ac8364ccd1a6099d10bbb89e5257e18,涼子,komami117,https://assets.st-note.com/production/uploads/images/252622515/profile_ab129223fdf6ce600d4180a645a20bfc.png?fit=bounds&format=jpeg&quality=85&width=330,2026-05-04T09:34:33.193+09:00,"コンパスみきさん、マガジン追加ありがとうございます💛
嬉しいです。
コングラもおめでとうございます🎊"
nc750de11d3716,n2106093e3b3b,84c09a5d0de4713a8e626faf681d294f,ゆう | ほどく会話のことば　　　　　　　　,open_auklet771,https://assets.st-note.com/production/uploads/images/271907225/profile_58c0bb9f741f2f29e2c7eff5879e574a.png?fit=bounds&format=jpeg&quality=85&width=330,2026-05-03T15:01:20.889+09:00,"コンパスみきさん、こんにちは☺️
マガジンのご紹介ありがとうございます。嬉しかったです💕
コングラおめでとうございます🎉

今後ともよろしくお願いします☺️"
nca44429940ae3,n2106093e3b3b,e13491f64c027507eb598bd192562484,🚨🌏️地球侵略阻止ミッション👽️⚡️,teabreak_invader,https://assets.st-note.com/production/uploads/images/256830690/profile_908f78a19229ffc424b715689e05c7db.png?fit=bounds&format=jpeg&quality=85&width=330,2026-05-03T14:14:16.063+09:00,"コンパスみきサン

記事とマガジンのご紹介、ありがとうございマス👽️⚡️

今後とも末永い交信をお願いしいたしマス🛸🌌

ヒマジン"
ncbc02a600bf9e,n2106093e3b3b,203e07a0e6f70c2195cee5d166f8478b,さら｜自己否定ループから抜け出す自分軸の作り方,charm_lynx2960,https://assets.st-note.com/production/uploads/images/252040983/profile_9dcc416cf2d5f9cf1692d1d098eda609.png?fit=bounds&format=jpeg&quality=85&width=330,2026-05-03T10:57:39.122+09:00,"コンパス みきさん
こんにちは😃コングラボードおめでとう御座います🎊✨そしてマガジンをご紹介いただきありがとうございます😊
これからもよろしくお願いします☺️"
nc4931702da791,n2106093e3b3b,ca17527cfe63f65cebf3883988786b79,donchan1962,donchan_13,https://assets.st-note.com/production/uploads/images/183217910/profile_a33ecb57f18c7bbea28e041c386d47a2.jpeg?fit=bounds&format=jpeg&quality=85&width=330,2026-05-03T07:24:20.134+09:00,"おはようございます。
恐縮です。この場をお借りして、コメント失礼します
記事、マガジンへの追加ありがとうございます
感謝の意を申し上げます"
nc4766769dafba,n2106093e3b3b,7ae61cdc36195b1d35747a2b6c31e755,MOMO,nice_falcon1638,https://assets.st-note.com/production/uploads/images/255901015/profile_6525db155d39a72703a0bea6883ea75b.jpg?fit=bounds&format=jpeg&quality=85&width=330,2026-05-03T05:04:41.063+09:00,"コンパスみきさん、こんにちは！

コングラボードおめでとうございます♡
記事紹介とても嬉しいです✨

スキ制限、お気持ち分かります。
押したいのに押せない
ジレンマですよね。"
nc2675d0a52449,n2106093e3b3b,c2ec43b18447ef56d3def92e0343079c,プチクラゲ,like_rose7933,https://assets.st-note.com/production/uploads/images/268614169/profile_a50cb882b719cea4c1e37c1e4ab5ed30.jpg?fit=bounds&format=jpeg&quality=85&width=330,2026-05-03T00:40:34.212+09:00,"コンパス みきさん🎶
✨コングラボード✨おめでとうございます♪(๑ᴖ◡ᴖ๑)♪

それから、マガジン追加ありがとうございます(*≧∀≦*)💖
これからも宜しくお願いします✨"
nc647d0f43cb22,n2106093e3b3b,13f03d3a1ec4a172a7084a791c8c4703,"あいさん💗Iカウンセリングルーム セラピスト／ 臨床心理士×公認心理師｜支援歴16年・2,000名超",joyful_zebra1701,https://assets.st-note.com/production/uploads/images/194103346/profile_5b2ee16c8d8db97758503974e4e6f9da.png?fit=bounds&format=jpeg&quality=85&width=330,2026-05-02T23:15:10.488+09:00,"コングラボードおめでとうございます🎊✨
日々の積み重ねがこうして形になるの、素敵ですね😌✨

そして、いつもスキやコメント、本当にありがとうございます💗
あたたかいやりとりに、いつも励まされています✨

たくさんのご縁を大切にされているみきさんらしいマガジンだなと感じました😊💞

GWもゆったり、素敵な時間をお過ごしくださいね🌸🌿"
nce7f8efbdd4db,n2106093e3b3b,79e0c2dfe4307f5b45d905e5ff3616ea,King | 天は自らを助くる者を助けるらしい,kinguncle45,https://assets.st-note.com/production/uploads/images/243237206/profile_4d42c81f09e9a50f6883d0731bbd3d0d.png?fit=bounds&format=jpeg&quality=85&width=330,2026-05-02T23:08:10.162+09:00,"コンパスみきさん、こんばんは。
コングラおめでとうございます。

いつも＆マガジンのご紹介ありがとうございます:)

今後ともよろしくお願いいたします。"
nc0a4d7f71b5b4,nfcf65917c59c,78376ee2a13f87a68be09b41f4fcf1be,津田祐希（ゆきてぃ）,love_peace_2023,https://assets.st-note.com/poc-image/manual/preset_user_image/production/i1bbf72cee783.jpg,2026-05-06T19:10:59.560+09:00,"コンパスみきさん
楽しい様子が想像できました🌷
幸せが伝わってきました。

そしてマガジンにも入れて頂きありがとうございました。"
ncfb68f7f8b89c,nfcf65917c59c,aa396818ce9b68951cae09c5b738014e,Torori（とろり）🌱 毒親育ちへ「心穏やかな恋」を届ける人【フォロバ100】,torori_20260101,https://assets.st-note.com/production/uploads/images/242495675/profile_d6bfee66de6dbec64ca70c2649f987aa.png?fit=bounds&format=jpeg&quality=85&width=330,2026-05-04T22:50:36.934+09:00,"こんばんは🌱

読んでいて、わかるわ～って声が出るような記事でした(*^^*)

美味しいパンをゲットして、朝食で悩むなんて最高✨️

私も明日の朝はパンにしようかな～

日常の些細な幸せに目を向けるって幸せですね🌱"
ncb1cfddb0699b,nfcf65917c59c,60fad1e212ab4472a9aa7d9e85a8f7d6,てぼっこ,tebocco_bocchi,https://assets.st-note.com/production/uploads/images/222432021/profile_773eb10e13182a94af795657be010cc5.png?fit=bounds&format=jpeg&quality=85&width=330,2026-05-04T20:36:38.578+09:00,"コンパスみきさん、こんばんは。
私の記事をマガジンに追加していただき、ありがとうございます😊

小さな幸せって、日常の中にたくさんあるんですね。
記事を読ませていただいて、私も小さなハッピーを感じました🍀
ありがとうございます🌈"
nc5cb8f9372f20,nfcf65917c59c,c0ed9eaa86e907feaa1c4b6dfe48c4b3,Micchi,real_iris7290,https://assets.st-note.com/production/uploads/images/209562465/profile_442a9aacc1463b5d33a77640ba7ab143.jpeg?fit=bounds&format=jpeg&quality=85&width=330,2026-05-04T18:20:02.253+09:00,"コンパスみきさん　こんばんは😊
マガジンのお仲間に入れていただき、ありがとうございます❣️

『毎日が幸せで出来ている🍀』
素敵なメッセージを読ませていただいて、とても幸せな気持ちに
なりました💞

たくさんの幸せに目を向けていくと、心が満たされてくる感じが
しますね♪(๑ᴖ◡ᴖ๑)♪
そして今、ここで生きていることが、もうすでに幸せなんだなぁ💖
って思っちゃいましたヾ(๑╹◡╹)ﾉ""

ありがとうございました🤗"
nc85def94cb883,nfcf65917c59c,8e258293307b763f1d14fa44811e4914,Kreoo,kreoo,https://assets.st-note.com/production/uploads/images/250847434/profile_f31b67501edd5ac5a9a71b57331acd69.png?fit=bounds&format=jpeg&quality=85&width=330,2026-05-04T09:54:19.745+09:00,コンパスみきさん、幸せを見つけるのが上手ですねぇ、見習いたいです。マガジンへの登録も本当にありがとうございます!
nc54a3cb439979,nfcf65917c59c,cb7244ef0e195b0ec7357cc9eec1ceac,案内人,serene_hebe1710,https://assets.st-note.com/production/uploads/images/200291978/profile_baf008f7d8a9a7d9a2aa1559d06d4935.png?fit=bounds&format=jpeg&quality=85&width=330,2026-05-02T14:23:25.885+09:00,"コンパス みきさん、こんにちは😊
いつも魅力的な記事を楽しく読ませていただいています。

今回もマガジンに掲載していただき、本当にありがとうございました。
選んでいただけて感激しており、今後の執筆への大きな励みになっています。
また機会がありましたら、ぜひよろしくお願いいたします😌
これからも更新を楽しみにしています✨

"
nc92a153a58def,nfcf65917c59c,4e2f57a044e3fa0ebabadcc4b2de8376,kakokikiy,keen_yak3235,https://assets.st-note.com/production/uploads/images/207317271/profile_64d80738352449278700572f1ce76d70.jpg?fit=bounds&format=jpeg&quality=85&width=330,2026-05-02T09:59:34.067+09:00,"みきさん、はじめまして。
顔を上げたからこそ素敵な夕日に出会えたんですね！！
夕日の色が入り混じった空、わたしもだいすきです。
フォローありがとうございます。これからよろしくお願いいたします。"
nc57544ba13605,nfcf65917c59c,1ac8364ccd1a6099d10bbb89e5257e18,涼子,komami117,https://assets.st-note.com/production/uploads/images/252622515/profile_ab129223fdf6ce600d4180a645a20bfc.png?fit=bounds&format=jpeg&quality=85&width=330,2026-05-02T06:49:16.433+09:00,"クリームパン、ゲットできて良かったです😊
幸せはそこにあるのに受けとる準備できてないのかも、にドキっとしました。
今日もお互いすぐ側にある幸せ🍀受け取って過ごしましょーね🎵
"
nc1fa8d0dd9553,nfcf65917c59c,52eeb6a1db5928743422156ea653f1f7,はぴ♡ゆか,charm_violet3252,https://assets.st-note.com/production/uploads/images/251142040/profile_ca00dae3955378a5a1efd07fad083edd.png?fit=bounds&format=jpeg&quality=85&width=330,2026-05-01T22:28:51.977+09:00,"みきさん✨️
夕日、綺麗ですよね✨️私も大好きです✨️クリームパン😍💕久しぶりに（一応、ダイエット風をしているので🤣）食べたくなってきました〜♪小さな幸せのお裾分け、ありがとうございます✨️"
nc870cf9c15b39,n6ff8a26bc297,031a96c67c576e3bfc12a86d2606bd97,ココミチ＠ゆきの,hot_mink9599,https://assets.st-note.com/production/uploads/images/212559417/profile_9dbf6c222d0c87810aeff185afbd7f95.jpg?fit=bounds&format=jpeg&quality=85&width=330,2026-05-04T10:12:02.178+09:00,"コンパス みきさん、おはようございます

「渡りきれない夜は、橋の途中でいい」も「🧚‍♀️✨みんなのワクワクキャビネット」に
加えてくださりありがとうございます

800フォロワーおめでとうございます
「まだはっきり言葉にできなくても大丈夫」という言葉が、静かに心に残りました
忙しい日々の中で見失いやすいものを、思い出す場所としてこのnoteを大切に育てておられる想いが伝わってきました

みきさんのキャビネットの中に重ねて記事を並ばせていただけたことに感謝しています

ゆきの"
nc42b8ad72d888,n6ff8a26bc297,39a8447172b870676bb7b8ce5cebd141,持たざる者の再起録,ya1huwahuwa,https://assets.st-note.com/production/uploads/images/256022750/profile_9bbd6c1baaf11ecb978687248758b24e.png?fit=bounds&format=jpeg&quality=85&width=330,2026-05-03T20:38:09.516+09:00,"800フォロワーおめでとうございます🎉

いつもマガジンに追加していただきありがとうございます。

こうして発信を続けてくださっているおかげで、毎回楽しみに読めています。

「忙しい毎日にワクワクを補給する場所」というコンセプト、読んでいてすごく腑に落ちました。

頑張っているはずなのに、ふとした瞬間に「このままでいいのかな」ってなる感覚、わかるわぁ〜と思いながら読んでいました。

これからのみきさんの発信、楽しみにしています🌸"
nc14702e6dd275,n6ff8a26bc297,c7268896d6f79f0c578fb488191702c7,potechiのほっとノート,safe_chimp8631,https://assets.st-note.com/production/uploads/images/213480386/profile_7c5d7459e8549d46cf9a8ddbcebbbc1a.jpeg?fit=bounds&format=jpeg&quality=85&width=330,2026-05-03T17:49:22.268+09:00,"コンパスみきさん
800フォロワー、おめでとうございます🎉✨
「自分の中の“好き”や“ときめき”を思い出せる場所にしたい」という言葉も素敵だと感じました😊
また、私の記事をマガジンに追加していただき、本当にありがとうございます🌷✨すごく励みになります🍀
温かい気持ちをありがとうございます💐💫

"
ncf1b575309c2f,n6ff8a26bc297,0af9b366e7056bb35316462e699e0daa,じゅんのすけ,juicy_lynx3773,https://assets.st-note.com/production/uploads/images/264606998/profile_3edebb8ec7da186bb321afc081d561b0.png?fit=bounds&format=jpeg&quality=85&width=330,2026-05-02T10:18:04.374+09:00,"みきさん、800フォロワー達成おめでとうございます👏✨

ワクワク・楽しさ・美しさ・自分らしさ、その4つを大切にする発信、これからも応援しています✨
マガジン追加もありがとうございました！！"
nc2261b0e73c68,n6ff8a26bc297,1ac8364ccd1a6099d10bbb89e5257e18,涼子,komami117,https://assets.st-note.com/production/uploads/images/252622515/profile_ab129223fdf6ce600d4180a645a20bfc.png?fit=bounds&format=jpeg&quality=85&width=330,2026-05-02T06:52:10.598+09:00,"800フォロワーすごいですね😃おめでとうございます！
ワクワクですね～⤴️"
nc1230c5061d50,n6ff8a26bc297,a308833b060a3c104f0115421d8d05fc,みやび,_oto_kotoba,https://assets.st-note.com/production/uploads/images/262367515/profile_d7914074ebb47e9f08eccbb0c11318bb.png?fit=bounds&format=jpeg&quality=85&width=330,2026-05-02T04:49:36.050+09:00,"コメント失礼します。
『800フォロワー』到達🎊🎉おめでとうございます。
地道な努力が、目に見えるカタチとなりました。

どうぞこれからも無理のない範囲で、笑顔でお続けくださいませ。🕊️
重ねて🍀お祝い申し上げます。
ありがとうございます。
(🎹MIYABI)"
ncea76953cd5fe,n6ff8a26bc297,d29c2432624c1087ec7f89cc2f079dbe,美咲サヤ,crisp_gecko6337,https://assets.st-note.com/production/uploads/images/267718350/profile_d73fda1af8e66cc2c55152264f38ff50.png?fit=bounds&format=jpeg&quality=85&width=330,2026-05-01T23:12:43.671+09:00,"コンパス みきさん、
初めまして。

先程はフォローいただきましてありがとうございます😂

ご縁に感謝いたします。
よろしくお願いします🙇‍♀️"
ncb6c62ee25728,n6ff8a26bc297,79e0c2dfe4307f5b45d905e5ff3616ea,King | 天は自らを助くる者を助けるらしい,kinguncle45,https://assets.st-note.com/production/uploads/images/243237206/profile_4d42c81f09e9a50f6883d0731bbd3d0d.png?fit=bounds&format=jpeg&quality=85&width=330,2026-05-01T22:08:56.791+09:00,"コンパスみきさん、こんばんは。
800フォロワーおめでとうございます！

丁寧な方なので、慕われているのだと思います。

いつもありがとうございます:)
今後ともよろしくお願いいたします。"
ncc191af9b0c7a,n6ff8a26bc297,aa396818ce9b68951cae09c5b738014e,Torori（とろり）🌱 毒親育ちへ「心穏やかな恋」を届ける人【フォロバ100】,torori_20260101,https://assets.st-note.com/production/uploads/images/242495675/profile_d6bfee66de6dbec64ca70c2649f987aa.png?fit=bounds&format=jpeg&quality=85&width=330,2026-05-01T16:40:09.745+09:00,"コンパスみきさん

800フォロワーおめでとうございます！
４桁も間近ですね＾＾

発信したい軸がステキすぎる✨️
これからも、自分のペースでの発信、楽しみにしております＾＾

追伸：
いつもマガジンに追加くださりありがとうございます！"
nc4be6f87c1107,n6ff8a26bc297,3cae71eef77c5b2c11074aea6cef9a0e,はしわか,hashiwaka_cue,https://assets.st-note.com/production/uploads/images/179924212/profile_a0773f8c977820f2f6b4dfc1064670d0.png?fit=bounds&format=jpeg&quality=85&width=330,2026-05-01T12:42:41.662+09:00,"コンパスみきさん、フォロワーさん800名達成おめでとうございます✨

そして、私の記事をマガジンに追加していただいて、
ありがとうございます☺️
とてもうれしいです♪

これからもどうぞよろしくお願いいたします🍀"
nc6c3205c0a5f3,n6ff8a26bc297,7ae61cdc36195b1d35747a2b6c31e755,MOMO,nice_falcon1638,https://assets.st-note.com/production/uploads/images/255901015/profile_6525db155d39a72703a0bea6883ea75b.jpg?fit=bounds&format=jpeg&quality=85&width=330,2026-05-01T07:10:25.334+09:00,"コンパスみきさん
800名達成、おめでとうございます！

noteで発信したい事
とても素敵です♡

コンパスみきさんの
人柄が伝わります😀"
ncb0c464349551,n6ff8a26bc297,2fb331464a5f3090a37254ee513a2411,ヒデさん 40〜50代の心に“再起の火”を灯す人,fancy_carp3885,https://assets.st-note.com/production/uploads/images/232754026/profile_409537aa3473575699fb92d918a0e38a.png?fit=bounds&format=jpeg&quality=85&width=330,2026-05-01T05:57:04.431+09:00,"コンパスみきさん😊
フォロワー800名達成、おめでとうございます✨
そして、私の記事にもスキしてくださりありがとうございます。
やさしい発信の積み重ねが、こうして形になっているんだなと感じました🍀
これからのご活躍も楽しみにしています。
今後ともよろしくお願いします。"
ncc7f8a5d7a43f,n6ff8a26bc297,3231ba6a233fca8cedf00d4808f16e05,ひふみ,huge_canna4026,https://assets.st-note.com/production/uploads/images/269730711/profile_7d2ed7293c6c99a40fe190de6ce55f79.png?fit=bounds&format=jpeg&quality=85&width=330,2026-05-01T05:18:39.985+09:00,"800人おめでとうございます！💐✨✨
*:.｡.(＊๓´╰╯`๓＊).｡.:*
今は "" 思考が現実化する "" を極めてみたくてワクワクしてます🤭🤭笑笑"
nce2de703b9d06,n6ff8a26bc297,6b12f44546adc5f397049f6a6b046780,Naiʻa,lovely_eagle5226,https://assets.st-note.com/production/uploads/images/206475926/profile_226ed5555ba70032ac0f0f7db4c7e7c6.jpeg?fit=bounds&format=jpeg&quality=85&width=330,2026-04-30T23:58:29.558+09:00,"みきさん☺️
note800人達成おめでとうございます🎊"
nccc62cc25aef1,n6ff8a26bc297,ceb9f20beef56f72c10ed1c4bc125c74,ゆらり🌹🫧　🫶💕,huge_coot6820,https://assets.st-note.com/production/uploads/images/239767432/profile_47e4f415224790b9faa65da8165fa21d.jpeg?fit=bounds&format=jpeg&quality=85&width=330,2026-04-30T23:48:28.988+09:00,おめでとう🎉🎈
nc27f8ba87d0e8,n6ff8a26bc297,80447875a249d513cf254dc06caad464,free-styIe🍀,ideal_mango9742,https://assets.st-note.com/production/uploads/images/252823958/profile_fe6cb595400896d3872a7934a6420529.png?fit=bounds&format=jpeg&quality=85&width=330,2026-04-30T23:41:25.867+09:00,"㊗️８００🎊

おめでとう🎉

"
ncd67026a06d01,nceee772cd4fe,f054011d9ab7f039b5a5797ce62b2339,るぴなす(Lupinus),lupinasu_san,https://assets.st-note.com/production/uploads/images/198580494/profile_6984197174a780f5b2a07959782443f7.png?fit=bounds&format=jpeg&quality=85&width=330,2026-05-05T18:09:57.456+09:00,モネ展、堪能させていただきました！お写真と解説、ありがとうございます😊
nc5314beb96fef,nceee772cd4fe,21ee3a5887a7048f168e6e7b645dec46,ゆら,calm_lily7169,https://assets.st-note.com/production/uploads/images/253515245/profile_99c5a4b66ac3ea9f95e8b0794ef21057.png?fit=bounds&format=jpeg&quality=85&width=330,2026-05-01T22:24:32.179+09:00,"みきさん、こんばんは。
モネ展いらしたのですね✨️
私も行きたいって思っているのですが、まだ電車に乗る自信がなくて。こちらで鑑賞できて嬉しいです😊
絵画好きの父から教えてもらった最初の画家さんがモネでした。お気に入りの絵画の絵はがきを買って帰るのがお決まりなんですが、グッズショップも楽しいですよね💐"
nc52986f7d7351,nceee772cd4fe,5c63ab66ee28b0c2195e252fb28e973a,空月,crisp_plover9758,https://assets.st-note.com/production/uploads/images/262844305/profile_2e49a3a360da06c4b38bd93e3f1b093b.jpeg?fit=bounds&format=jpeg&quality=85&width=330,2026-05-01T14:28:53.808+09:00,"すてきな一日を過ごされたんですね。
モネの絵画と人生を重ねるみきさんの感性すてきです😊"
nc717eaafbee65,nceee772cd4fe,4192103d183ed121ae476f26f5beeacd,ｓｅｏｒｉ🧚‍♂,alert_flea4300,https://assets.st-note.com/production/uploads/images/251233872/profile_a236648303f13b0eeefec428f70a3f42.jpg?fit=bounds&format=jpeg&quality=85&width=330,2026-05-01T01:05:49.679+09:00,"コンパスみきさん🧚‍♂　初めまして🐦️

沢山の✨モネの作品　見せて下さり
有り難いです💕

マガジン🌱載せて下さって　感謝💕です

ありがとう💜　ございます🙏


これからも　宜しく　お願いします🍀
"
nc4c428f68a8ea,nceee772cd4fe,dad4ff2a35517300dd696a9635a5c3b3,ヒラリ,hirooo358,https://assets.st-note.com/production/uploads/images/218564200/profile_2eeb2d3b15cd325fd4ad3ad8191de4d3.png?fit=bounds&format=jpeg&quality=85&width=330,2026-04-30T22:08:04.491+09:00,ステキな記事をありがとうございます！私もアートが大好きです🌈また、マガジン追加もありがとうございます！励みになります💕
nc8c782ac8a92c,nceee772cd4fe,4d7884c1cad8153895dadb71ec1606cb,こーき｜心が少し軽くなる場所,i_am_151cm_boy,https://assets.st-note.com/production/uploads/images/236560109/profile_28f1fb163081001f12afa3f21b0dc40a.png?fit=bounds&format=jpeg&quality=85&width=330,2026-04-30T19:37:22.822+09:00,"絵画を感じる感性とても素敵で憧れます☺️✨
私もいつか行ってみたいと思いながらズルズルきてしまいました💦
また行ってみたい気持ちにさせていただきありがとうございます😊✨

またマガジンのご登録もいただき、本当にありがとうございます😊✨"
nc67f3dff0b12c,nceee772cd4fe,1ac8364ccd1a6099d10bbb89e5257e18,涼子,komami117,https://assets.st-note.com/production/uploads/images/252622515/profile_ab129223fdf6ce600d4180a645a20bfc.png?fit=bounds&format=jpeg&quality=85&width=330,2026-04-30T05:57:47.089+09:00,"モネ展素敵ですねー！
写真でわたしも展覧会に行った気持ちになりました。
それにしても、絵が初期の頃と違いますね～。
睡蓮の絵、20代のころ国立西洋美術館でみて、今でも心に残ってます✨"
nc0bdf4febf9a3,n36b317d5b28c,722beae144205cc7a2fc6cefc153571c,Ichi,ichi194,https://assets.st-note.com/production/uploads/images/246351595/profile_d193d303fdb13be286261b4376299bd5.png?fit=bounds&format=jpeg&quality=85&width=330,2026-04-29T22:07:17.456+09:00,"コンパスみきさん、初めまして！
Ichiといいます。
フォロー頂きありがとうございます！
絵がとても素敵ですね。
思わず見惚れてしまいました。
これからも沢山素晴らしい絵と物語を紡いでいって下さいね。
今後とも宜しくお願いいたします🙇"
ncfec0e0d73c21,n36b317d5b28c,4fcff0dd196c58985b48a8f8a9724554,Grace Light ─ 星に導かれて,clean_kalmia940,https://assets.st-note.com/production/uploads/images/207757596/profile_ac58b5c0e389afdf3e43314b719edc42.png?fit=bounds&format=jpeg&quality=85&width=330,2026-04-29T06:52:25.127+09:00,"コンパスみきさん🌿

ときめきを忘れないように
知識を届ける「希望の器」
って本質でありとても奥深く素敵なストーリですね✨
ありがとうございます🪄😊"
nc490b7d71733a,nd95f876b2221,dad4ff2a35517300dd696a9635a5c3b3,ヒラリ,hirooo358,https://assets.st-note.com/production/uploads/images/218564200/profile_2eeb2d3b15cd325fd4ad3ad8191de4d3.png?fit=bounds&format=jpeg&quality=85&width=330,2026-04-28T21:07:17.713+09:00,"こんばんは🌙

私の記事をマガジンに追加して下さいまして大変ありがとうございます💕とても励みになります!

御縁に感謝いたします🌈"
nc0c24856a5ff2,nd95f876b2221,0e44dcd2aa36c5fa41ef174ffb29ec95,ゐっさ,love_shin_earth,https://assets.st-note.com/production/uploads/images/261983120/profile_5fd75c9482b6ee87097ce33d5770c496.jpg?fit=bounds&format=jpeg&quality=85&width=330,2026-04-28T18:42:24.429+09:00,"こんばんは🌠
第一話公開のこのタイミングでよめるなんて😊
ルミナコア✨とっても気になります。
これからが楽しみです✨
応援しております🙇💕"
ncf4f72847fe79,nd95f876b2221,251b9e0b8a435e7cd094f9f502a6af44,Kotora_rei(凛強),rei_kotora,https://assets.st-note.com/production/uploads/images/265824980/profile_fd8ab602e17c598639c766945db1db1a.jpeg?fit=bounds&format=jpeg&quality=85&width=330,2026-04-28T15:49:39.600+09:00,"コンパス みきさん
はじめまして
KotoraReiです。
マガジン追加ありがとうございます。
これからも宜しくお願いします🤗💕
"
nc16a4bc2e289b,nd95f876b2221,cb7244ef0e195b0ec7357cc9eec1ceac,案内人,serene_hebe1710,https://assets.st-note.com/production/uploads/images/200291978/profile_baf008f7d8a9a7d9a2aa1559d06d4935.png?fit=bounds&format=jpeg&quality=85&width=330,2026-04-28T15:37:50.762+09:00,"コンパスみきさん、第1話の公開おめでとうございます㊗️

ルミナコアを巡る、温かくも少し切ないファンタジーの世界。

AIでの制作とのことですが、妖精リリアとエリーの絆、そして時を超えて受け継がれる光の約束にすっかり引き込まれました。

登場人物たちの想いが丁寧に描かれていて、次回の「図書館司書の記憶」が今からとても楽しみです。

ワクワクとときめきが詰まった素敵な物語ですね。

また、今回もマガジンに私の記事を掲載していただき、ありがとうございました。
とても嬉しく、いつも活動の励みになっています✨
また機会がありましたら、ぜひよろしくお願いいたします😌"
nc53287fecbb98,nd95f876b2221,c2ec43b18447ef56d3def92e0343079c,プチクラゲ,like_rose7933,https://assets.st-note.com/production/uploads/images/268614169/profile_a50cb882b719cea4c1e37c1e4ab5ed30.jpg?fit=bounds&format=jpeg&quality=85&width=330,2026-04-28T12:48:21.641+09:00,"コンパスみきさん
マガジン追加していただき、ありがとうございます。
これからもよろしくお願いします😄"
nccd4c24b71e49,nd95f876b2221,f2a55d2f97f079ab0df510a2c19397fa,ぷっぷる,rich_moose3756,https://assets.st-note.com/production/uploads/images/247930453/profile_056c49f5bf7f07cdcc784fbf2ff720c7.png?fit=bounds&format=jpeg&quality=85&width=330,2026-04-27T22:54:02.117+09:00,"コンパスみき さま

エリーとの約束をリリアが
守ってるんですね。
皆の「ワクワク」を守る。
なんだか、カッコいい☺️

次回も楽しみにしてます✨

失礼しました☺️


"
nc413218e27140,nb76250bb97e6,617d6d2dcb4435635d6a948287898ed1,五條シンジ｜『Snowdrop Surfer』著者,kitanoshinji,https://assets.st-note.com/production/uploads/images/263243256/profile_d0e5a60e70723ba546f0bf5528b96c24.png?fit=bounds&format=jpeg&quality=85&width=330,2026-04-27T23:03:31.062+09:00,"コンパスみきさん
また素敵なマガジンに追加いただきありがとうございます。
とても嬉しいです✨
これからもどうぞよろしくお願いいたします😊"
nc6df992bc1323,nb76250bb97e6,f2a55d2f97f079ab0df510a2c19397fa,ぷっぷる,rich_moose3756,https://assets.st-note.com/production/uploads/images/247930453/profile_056c49f5bf7f07cdcc784fbf2ff720c7.png?fit=bounds&format=jpeg&quality=85&width=330,2026-04-27T04:50:37.560+09:00,"コンパス みき さま

おはようございます

素敵な構想ですね✨
物語とキャラクターまで
いるマガジン✨
新しい✨
読ませて頂きます☺️

みきさま
連日、
過去作品までマガジン
掲載のご支援、

ありがとうございます✨

感謝✨しております

では、今日も良い１日を
お過ごし下さい☺️

お礼まで
失礼致しました




"
nc0c09030c6937,nb76250bb97e6,cb7244ef0e195b0ec7357cc9eec1ceac,案内人,serene_hebe1710,https://assets.st-note.com/production/uploads/images/200291978/profile_baf008f7d8a9a7d9a2aa1559d06d4935.png?fit=bounds&format=jpeg&quality=85&width=330,2026-04-27T04:11:43.452+09:00,"コンパス みきさん、おはようございます😊

本日もマガジンへ掲載いただき、誠にありがとうございました。
私の記事を選んでいただけたこと、大変光栄に思うとともに、これからの活動の大きな励みになります✨
また機会がありましたら、ぜひよろしくお願いいたします😌"
nc079684746e3a,nb76250bb97e6,c3ca7de3ac6af2bd211181eafd482553,DJAir/Noesis.Lab,djair_mo4ne,https://assets.st-note.com/production/uploads/images/224149282/profile_ce5187b365ee84e5cb44dc80914f5ac6.jpg?fit=bounds&format=jpeg&quality=85&width=330,2026-04-26T23:51:16.675+09:00,"マガジン追加ありがとうございます！
今後も取り上げてもらえるように頑張りますので、
これからもよろしくお願いします！"
nc34dc0eaa3f2b,n1d3911e7bb58,19fd66e538cf84e0c9591e59b878a795,紡ぎ屋 凪,unique_yucca2710,https://assets.st-note.com/production/uploads/images/167311580/profile_22074dd1e978b2fb878d1dbc397984c2.jpeg?fit=bounds&format=jpeg&quality=85&width=330,2026-04-29T19:35:46.000+09:00,コンパスみきさん、マガジンに追加して頂き、ありがとうございました✨😊励みになります！！
nc63892c389a5e,n1d3911e7bb58,a62ae1397ca5d15560cee3a132cc2df5,さいきた,noted_shark2398,https://assets.st-note.com/production/uploads/images/267739161/profile_d7875fee67b35110dadd68c08a8f5450.png?fit=bounds&format=jpeg&quality=85&width=330,2026-04-28T16:46:33.905+09:00,"コンパス みきさん
マガジンへの追加、めちゃくちゃ嬉しいです。ありがとうございます😀"
nccdea12636e72,n1d3911e7bb58,5c63ab66ee28b0c2195e252fb28e973a,空月,crisp_plover9758,https://assets.st-note.com/production/uploads/images/262844305/profile_2e49a3a360da06c4b38bd93e3f1b093b.jpeg?fit=bounds&format=jpeg&quality=85&width=330,2026-04-27T23:40:08.598+09:00,"コンパスみきさんはじめまして。
マガジンに追加いただきありがとうございます。
良いご縁をいただき嬉しいです。
これからもどうぞよろしくお願いいたします。"
ncbe0b32caff03,n1d3911e7bb58,10a8f83d27a91bcd4d15c9584a318036,ぶどうスパーク｜フォロバ100,budospark4,https://assets.st-note.com/production/uploads/images/259250523/profile_6009481aea979f1927c3517ddfafe95f.png?fit=bounds&format=jpeg&quality=85&width=330,2026-04-26T20:22:23.252+09:00,"コンパスみきさんこんにちは、マガジン紹介ありがとうございます！
そして、こちらこそいつも感謝しております！
引き続き、コンパスみきさんの言葉が多くの人に届くよう願っています。
今後ともよろしくお願いします。"
nca9cbbc1bff10,n1d3911e7bb58,2f2c89e1ff7ef94d94b7924cf7a3173f,みお｜揺れる母ノート,my_inner_note,https://assets.st-note.com/production/uploads/images/252974443/profile_33289b0b32454da0f3b0443e0faef3be.png?fit=bounds&format=jpeg&quality=85&width=330,2026-04-26T14:38:56.908+09:00,"コンパス みきさん

マガジンに掲載していただきありがとうございます😊
みきさんの記事、読んでいると本当にいろんな感情が動いて、心がじんわりあたたかくなります。
こうしてご縁をいただけていること、私もとても嬉しいです✨"
nc5322d1a18088,n1d3911e7bb58,79e0c2dfe4307f5b45d905e5ff3616ea,King | 天は自らを助くる者を助けるらしい,kinguncle45,https://assets.st-note.com/production/uploads/images/243237206/profile_4d42c81f09e9a50f6883d0731bbd3d0d.png?fit=bounds&format=jpeg&quality=85&width=330,2026-04-26T09:47:08.165+09:00,"コンパス みきさん
おはようございます。

マガジンご紹介ありがとうございます:)
こうやって広がっていくのも楽しいですよね！"
nc5dcf37d493c5,n1d3911e7bb58,785a188bfce11714cf9d90106cf46802,えん,clean_ixia7462,https://assets.st-note.com/production/uploads/images/253143198/profile_f1863c90e45c1f3ed78d50c5ba33e2b4.png?fit=bounds&format=jpeg&quality=85&width=330,2026-04-26T06:41:13.944+09:00,"コンパスみきさん🍀
おはようございます☀
マガジンへ追加して下さって、ありがとうございます🙂‍↕️
とても嬉しく、励みになります🌱
"
nca9154d79d105,n1d3911e7bb58,d86167262664803724170d32f230581f,sophie,scribble_1000,https://assets.st-note.com/production/uploads/images/257283673/profile_9adab6723d1030484b4fe45c2d530c1d.jpg?fit=bounds&format=jpeg&quality=85&width=330,2026-04-26T02:56:11.130+09:00,"コンパスみきさん

はじめまして。
マガジンへの登録、ありがとうございました！
追いつけてなくてすみませんー!"
nc9d60f5fe9d5a,n1d3911e7bb58,96cb5fc4d2ebf74854e4cef7f78f76b3,シロツメクサにワタシ🍀🕊️,sirotumekusa2ma3,https://assets.st-note.com/production/uploads/images/259714821/profile_d701725292cad470fbdfa3a1944a67cc.png?fit=bounds&format=jpeg&quality=85&width=330,2026-04-25T23:31:59.827+09:00,"コンパスみきさん✨❇️
素敵なマガジンへ
ご紹介いただき
ありがとうございます✨🍀

とても嬉しいです🌸✨
見出しも好きです🐦🌱✨

又立ち寄らせて頂きますね♬"
ncabec7270877f,ne8a241c24f10,3f71ff0553f971ad3fa834a861259b97,│読書ノート│つんドッグ,ochademodo_desu,https://assets.st-note.com/production/uploads/images/220080087/profile_c8ec9ccc01ddf76167b95dabd5bc3d06.png?fit=bounds&format=jpeg&quality=85&width=330,2026-04-28T21:42:24.511+09:00,"こんにちは。
マガジンに登録していただき、ありがとうございます。

多拠点での生活ってすてきですね。
旅をするように人生を生きるって感じがしてかろやかでかっこいいです。
"
nce01e8ef11528,ne8a241c24f10,aa396818ce9b68951cae09c5b738014e,Torori（とろり）🌱 毒親育ちへ「心穏やかな恋」を届ける人【フォロバ100】,torori_20260101,https://assets.st-note.com/production/uploads/images/242495675/profile_d6bfee66de6dbec64ca70c2649f987aa.png?fit=bounds&format=jpeg&quality=85&width=330,2026-04-27T15:07:49.970+09:00,"コンパス みきさん

こんにちは🌱

読んでいて、私までワクワクしてきました＾＾

世界中を飛び回って
創作活動をしているって最高ですね✨️

イメージ画像みて、テンションが上ります。

こんな素敵なお家が世界中にあったら、毎日幸せです(*^^*)"
nc82fcccc99820,ne8a241c24f10,1ac8364ccd1a6099d10bbb89e5257e18,涼子,komami117,https://assets.st-note.com/production/uploads/images/252622515/profile_ab129223fdf6ce600d4180a645a20bfc.png?fit=bounds&format=jpeg&quality=85&width=330,2026-04-26T11:56:18.507+09:00,"イメージ画像でしばらく妄想してしまいました　笑
素敵すぎます。
世界各地飛び回り創作活動、隣には素敵なパートナー
もう素敵すぎます💛"
nc5c523d201e5a,ne8a241c24f10,13ffcb0b8cde83ea982b26cc3bc6eaaa,masaya｜テンカラフル,10colorful,https://assets.st-note.com/production/uploads/images/232446768/profile_a8685ea0ec297ae217ee56f303474bff.jpg?fit=bounds&format=jpeg&quality=85&width=330,2026-04-25T17:09:59.046+09:00,"こんにちは。

海が見える高台に洋館の建物♪
イメージ画像に魅かれました。
やっぱり視覚化するって大事ですね。"
nc7633f8e2ddda,ne8a241c24f10,617d6d2dcb4435635d6a948287898ed1,五條シンジ｜『Snowdrop Surfer』著者,kitanoshinji,https://assets.st-note.com/production/uploads/images/263243256/profile_d0e5a60e70723ba546f0bf5528b96c24.png?fit=bounds&format=jpeg&quality=85&width=330,2026-04-25T13:22:55.822+09:00,"コンパスみきさん
またマガジンに迎えていただき、ありがとうございます。
ご厚意に感謝いたします。
またゆっくり伺わせていただきます✨"
ncf027a752dd53,ne19a46daa62d,84725422db8ddb286fb3a293c306aebf,開運シェルパ,hanamiti369,https://assets.st-note.com/production/uploads/images/255750674/profile_80ee0ac532bef7940f81afda8d8e8a77.png?fit=bounds&format=jpeg&quality=85&width=330,2026-04-27T07:30:52.955+09:00,"みきさん、素敵なマガジンの誕生、おめでとうございます🗝️✨

「スキが全然足りない！」って氣持ち、とても良くわかります😀
そのあふれる想いを、アンティークキャビネットの引き出しに見立てるなんて……センスが光りますね🧚‍♀️

「読んだ後に、明日がちょっと楽しみになるかどうか」
というキュレーションの基準は、一番大切なポイントを突いていると思います。

カリグラフィー・写本装飾・タロット・心理学・AIツール……
みきさんならではの多彩な視点で集められたコレクション、これからどんな引き出しが増えていくのか、楽しみです🌸

これからも応援しています🌈"
ncc18ad24ce5b8,ne19a46daa62d,2f2c89e1ff7ef94d94b7924cf7a3173f,みお｜揺れる母ノート,my_inner_note,https://assets.st-note.com/production/uploads/images/252974443/profile_33289b0b32454da0f3b0443e0faef3be.png?fit=bounds&format=jpeg&quality=85&width=330,2026-04-25T21:46:19.592+09:00,"コンパス みきさん

マガジンに載せていただきありがとうございます✨
「ワクワクを集める」という発想がとても素敵で、読んでいてあたたかい気持ちになりました✨
こうして誰かの大切な想いの中に自分の記事も入れていただけて、本当に嬉しいです☺️"
nc4aac700aba60,ne19a46daa62d,4fcff0dd196c58985b48a8f8a9724554,Grace Light ─ 星に導かれて,clean_kalmia940,https://assets.st-note.com/production/uploads/images/207757596/profile_ac58b5c0e389afdf3e43314b719edc42.png?fit=bounds&format=jpeg&quality=85&width=330,2026-04-25T21:30:35.736+09:00,"コンパスみきさん、
はじめまして🧚
素敵なマガジンへ追加していただきありがとうございます。
とても嬉しいですし、励みになります✨
天使さん、とてもかわいいですね😊
今後とも、よろしくお願いいたします🌿"
ncc0ae7bd34f43,ne19a46daa62d,52eeb6a1db5928743422156ea653f1f7,はぴ♡ゆか,charm_violet3252,https://assets.st-note.com/production/uploads/images/251142040/profile_ca00dae3955378a5a1efd07fad083edd.png?fit=bounds&format=jpeg&quality=85&width=330,2026-04-25T21:26:00.610+09:00,"みきさん✨️
素敵なキャビネットへ追加していただき、ありがとうございます😍✨️めちゃくちゃ嬉しいです✨️みきさんの記事も楽しみに読ませていただいています✨️"
ncae6140757ea1,ne19a46daa62d,4060d0165e80a00cb6121078c013141f,しげちーSS,shjgechy,https://assets.st-note.com/production/uploads/images/255981447/profile_6ace0f4ab559c8afbbab471abd036f4a.png?fit=bounds&format=jpeg&quality=85&width=330,2026-04-25T19:23:35.602+09:00,"こんばんは。
なんて奇遇なんでしょうw
私も同様のことを考えていて、マガジンの準備を進めていたところです。公開は一歩遅れてしまいましたが、負けないように頑張りますよ！
と言っても、別に勝ち負けではないので、コンパスみきさんの応援もします！！
"
nc8aefb84147e6,ne19a46daa62d,ca17527cfe63f65cebf3883988786b79,donchan1962,donchan_13,https://assets.st-note.com/production/uploads/images/183217910/profile_a33ecb57f18c7bbea28e041c386d47a2.jpeg?fit=bounds&format=jpeg&quality=85&width=330,2026-04-24T18:11:06.274+09:00,"恐縮です。この場をお借りして、コメント失礼します
記事、マガジンへの追加ありがとうございます
感謝の意を申し上げます
また、今後ともよろしくお願いします🙇"
nc03e117109c49,ne19a46daa62d,4192103d183ed121ae476f26f5beeacd,ｓｅｏｒｉ🧚‍♂,alert_flea4300,https://assets.st-note.com/production/uploads/images/251233872/profile_a236648303f13b0eeefec428f70a3f42.jpg?fit=bounds&format=jpeg&quality=85&width=330,2026-04-24T17:17:25.075+09:00,"コンパスみきさん🧚‍♂　初めまして🐦️


🧚‍♂妖精さん　めちゃめちゃ

　ｶﾜ(・∀・)ｲｲ!!💕

フル活動✨お仕事されてるんですね
素敵な✨記事🍀ばかりで　

私もワクワクします😊

スピ自己紹介✨　マガジン🌱載せて下さリ　とても嬉しい💕です

ありがとう💜　ございました🙏

これからも　宜しくお願いします🍀"
nc3daf9291ccd0,ne19a46daa62d,60fad1e212ab4472a9aa7d9e85a8f7d6,てぼっこ,tebocco_bocchi,https://assets.st-note.com/production/uploads/images/222432021/profile_773eb10e13182a94af795657be010cc5.png?fit=bounds&format=jpeg&quality=85&width=330,2026-04-24T16:54:46.533+09:00,"コンパスみきさん＆キュレーター妖精 ミキさん、こんにちは。
私の記事をマガジンに追加していただき、ありがとうございます😊

ワクワクがたくさん詰まったキャビネット、素敵ですね。
その仲間に入れていただいて、うれしいです🍀"
ncb9100e7ea403,ne19a46daa62d,bc5b8dde647c54abb61a3d588e245814,花日和と碧色,bach_flower_33,https://assets.st-note.com/poc-image/manual/preset_user_image/production/i31e351503487.jpg,2026-04-24T13:24:39.524+09:00,"コンパスみきさん✨
こんにちは。いつも温かなお繋がりをありがとうございます☺️💖
そして、「みんなのワクワクキャビネット」ご開設おめでとうございます👏💕
みきさんのキラキラした素敵な思いにワクワクしました🕊️✨

素敵なマガジンに私の記事もお迎えいただき幸せに思います。感謝申し上げます。

皆さまの記事を読ませていただくこともとても楽しみです😊
これからもどうぞよろしくお願いいたします☺️🌸
"
nce7dcd5cc7974,ne19a46daa62d,21ee3a5887a7048f168e6e7b645dec46,ゆら,calm_lily7169,https://assets.st-note.com/production/uploads/images/253515245/profile_99c5a4b66ac3ea9f95e8b0794ef21057.png?fit=bounds&format=jpeg&quality=85&width=330,2026-04-24T12:26:03.023+09:00,"こんにちは。
マガジン登録してくださってありがとうございます🤗
登録のお知らせもとっても綺麗でキラキラで、すごく素敵🌟
さっそく読ませていただきます💐"
ncc5a414a8c231,ne19a46daa62d,617d6d2dcb4435635d6a948287898ed1,五條シンジ｜『Snowdrop Surfer』著者,kitanoshinji,https://assets.st-note.com/production/uploads/images/263243256/profile_d0e5a60e70723ba546f0bf5528b96c24.png?fit=bounds&format=jpeg&quality=85&width=330,2026-04-24T07:15:06.151+09:00,"コンパスみきさん
宝物を集めたような「みんなのワクワクキャビネット」
そんな素敵なマガジンに『Snowdrop Surfer』を選んでいただけたこと、とても光栄です。
大変感謝申し上げます。
皆さんのワクワクするような記事を読ませていただくこともとても楽しみです。
これからもどうぞよろしくお願いいたします。"
nc5491ea0b99fd,ne19a46daa62d,f2a55d2f97f079ab0df510a2c19397fa,ぷっぷる,rich_moose3756,https://assets.st-note.com/production/uploads/images/247930453/profile_056c49f5bf7f07cdcc784fbf2ff720c7.png?fit=bounds&format=jpeg&quality=85&width=330,2026-04-24T03:04:45.674+09:00,"コンパスみき さま

夜分失礼します
マガジン開設、
おめでとうございます✨
コンセプトが素敵✨

そんな素敵なマガジンに
掲載して頂き、

ありがとうございます✨


そして、いつも読ませて
頂きありがとうございます☺️

お忙しいでしょうが、
作品楽しみにしてます

それではお礼まで🍀
失礼しました

"
nc89ced7b6b00d,ne19a46daa62d,627b88fefcc7e007c5c776272643ec8e,hiro,clean_kalmia420,https://assets.st-note.com/production/uploads/images/270843805/profile_314861a10417dbabd28ac0408e1c0f87.jpg?fit=bounds&format=jpeg&quality=85&width=330,2026-04-24T00:12:04.970+09:00,みきさん✨早速マガジンに追加いただきましてありがとうございます💓ワクワクが止まらない感じが伝わってきましたよ〜✨✨
nca57b3da73375,ne19a46daa62d,9ad2a96a4e817c0a1a65ae3e09182fe8,えみたむ｜音を奏でる詩人,mikael39emi1783,https://assets.st-note.com/production/uploads/images/222850908/profile_2ece2c7c509ba525cac79e2acbcf2686.jpeg?fit=bounds&format=jpeg&quality=85&width=330,2026-04-23T23:17:38.434+09:00,"コンパスみきさん

こんばんは〜⭐️

この度は、私の記事をマガジンに追加していただき、本当にありがとうございます😊✨

素敵な場所に出会えて、とてもワクワクしています🤗🎵
皆さんの素敵な記事を読みに、また遊びに来ます❣️"
nc9cc7e689beaf,n9771ade50c7b,77135cd9e3f344c812e32f69fcb62362,ふあふあころね,lively_ram351,https://assets.st-note.com/production/uploads/images/239951906/profile_7efdd81fb27c45ba02e154904afc9364.png?fit=bounds&format=jpeg&quality=85&width=330,2026-04-24T18:01:47.609+09:00,"コンパスみきさん、こんばんは🌷

コングラボードおめでとうございます✨🎉

私のマガジンを紹介して下さり、ありがとうございます✨😭
大変光栄ですし、大きな励みになります✨🙇‍♀️"
nc61faddbf378b,n9771ade50c7b,28897c897121b3c360d1b33915ef1bc0,Yuno.∞.Tukito（ツキト）,tukito55,https://assets.st-note.com/production/uploads/images/269664769/profile_94e75d7e009fd731fba19b4447a538c0.png?fit=bounds&format=jpeg&quality=85&width=330,2026-04-23T07:56:04.553+09:00,"コンパスみきさん✨️
コングラボード、おめでとうございます✨️"
nc4d952fc1f7e6,n9771ade50c7b,79e0c2dfe4307f5b45d905e5ff3616ea,King | 天は自らを助くる者を助けるらしい,kinguncle45,https://assets.st-note.com/production/uploads/images/243237206/profile_4d42c81f09e9a50f6883d0731bbd3d0d.png?fit=bounds&format=jpeg&quality=85&width=330,2026-04-22T22:35:25.759+09:00,"コンパス みきさん
コングラおめでとうございます！

マガジンのご紹介ありがとうございます:)
今後ともよろしくお願いいたします。"
nc6cf4e3639dc9,n8f6e8078e1e8,772789e1b0771ebfb7a79bb5863cf54c,小林光,sinka_mo_mo,https://d2l930y2yx77uc.cloudfront.net/assets/default/default_profile_5-043439195e40e86fd7641a3a1daf982637d77ec6f14b67d3fc98ab92374404ac.png,2026-05-04T17:08:07.739+09:00,"コンパスみきさん🍀
こんにちは！
マガジンでご紹介頂き
ありがとうございます🙏

この記事の詩のような
言葉感がいいですね〜☺️

「そこにはすでに思い出が
芽生えてる」
その写真に目をとめた途端、いろんな情景や想いやドラマが広がります。
写真にはそんな自分なりの楽しみやノスタルジーがありますね〜✨"
ncd1ff80482d0c,n8f6e8078e1e8,617d6d2dcb4435635d6a948287898ed1,五條シンジ｜『Snowdrop Surfer』著者,kitanoshinji,https://assets.st-note.com/production/uploads/images/263243256/profile_d0e5a60e70723ba546f0bf5528b96c24.png?fit=bounds&format=jpeg&quality=85&width=330,2026-04-25T15:55:38.925+09:00,"みきさん、こんにちは✨
機内の時間の使い方って大事ですね。
確かに自分も普段よりアイディアが浮かぶような気がします。

まだ仕事に追われ忙しなく通路側を取っていますが、窓側で外をゆっくり眺めてみようと思いました😊"
ncbd2c814ee93f,n8f6e8078e1e8,ba36c790ff78d821a2afb4921366f365,たっける,dandy_slug2243,https://assets.st-note.com/production/uploads/images/236083207/profile_1da128d75a8f6e5702692381929bd2c5.jpeg?fit=bounds&format=jpeg&quality=85&width=330,2026-04-24T02:23:01.026+09:00,"飛行機からの写真って地球の上🌏を飛んでるので不思議な感じですね😊
飛行機✈️は一回しか乗ったことがなかったので、興味が湧きました✨
そんな旅も出来たらなーって思いました！
ありがとうございます！"
nc02cf1f59ffcf,n8f6e8078e1e8,1ae9a4e9be8ac7dcf135f4e6cf5c6f55,こころのかあちゃん l ゆんママ☀（旧：幸せなしろくまさん）,yun_mama2025,https://assets.st-note.com/production/uploads/images/239060583/profile_01f62fbc849f4a7e08c0a19c85df3c4b.png?fit=bounds&format=jpeg&quality=85&width=330,2026-04-23T08:20:07.346+09:00,"みきさん、おはようございます！
私も飛行機から見るお空の景色が好きです✨
あの上空からしか見れない空ってありますよね💕
なんだかワクワクの気持ちを思い出せて嬉しかったです！ありがとうございます😊"
nc0b15464691ae,n8f6e8078e1e8,8e258293307b763f1d14fa44811e4914,Kreoo,kreoo,https://assets.st-note.com/production/uploads/images/250847434/profile_f31b67501edd5ac5a9a71b57331acd69.png?fit=bounds&format=jpeg&quality=85&width=330,2026-04-22T18:55:53.701+09:00,通路側に座ってすぐに降りられるようにしていた過去から、空の景色を眺めるようになった現在の変化がとても心に響きました。コンパス みきさん、素敵な作品をありがとうございました！
nc1c4ebb1f3dce,n72b860277a93,c2ec43b18447ef56d3def92e0343079c,プチクラゲ,like_rose7933,https://assets.st-note.com/production/uploads/images/268614169/profile_a50cb882b719cea4c1e37c1e4ab5ed30.jpg?fit=bounds&format=jpeg&quality=85&width=330,2026-04-27T21:28:31.989+09:00,"私も頭痛持ち。
目覚めた瞬間、すでに目の奥から痛い。だからすぐEVEをのんで30分。
その後は頭からあったかいシャワーの滝行したら、なんとなく良くなります。それでダメなら、諦めます(笑)"
nca449cf720ded,n72b860277a93,79e0c2dfe4307f5b45d905e5ff3616ea,King | 天は自らを助くる者を助けるらしい,kinguncle45,https://assets.st-note.com/production/uploads/images/243237206/profile_4d42c81f09e9a50f6883d0731bbd3d0d.png?fit=bounds&format=jpeg&quality=85&width=330,2026-04-24T16:39:57.067+09:00,"コンパス みきさん、こんにちは。
いつもありがとうございます:)

気圧の変化が激しい時によく頭痛が始まります。
対策としては処方されたカロナールを飲んで寝ます（笑）"
nc96d6f70184d1,n72b860277a93,4060d0165e80a00cb6121078c013141f,しげちーSS,shjgechy,https://assets.st-note.com/production/uploads/images/255981447/profile_6ace0f4ab559c8afbbab471abd036f4a.png?fit=bounds&format=jpeg&quality=85&width=330,2026-04-23T22:26:31.770+09:00,"こんばんは。
頭痛の種類が違う気がしますが、花粉症と黄砂のせいか、ここ数日は頭が重い・・・。目の痒みや痛みもあるので、目頭の辺りのツボを押さえて、ひたすら耐えます💦"
nc0c8f8cea1248,n72b860277a93,6e21651f8a7109b1ade2c04d6d626167,沙菜子 (36sanako),notek36,https://assets.st-note.com/production/uploads/images/7642596/profile_3e7da438adc39c242c42ace99f4dd513.jpg?fit=bounds&format=jpeg&quality=85&width=330,2026-04-23T08:55:39.895+09:00,亡母が言っていた話に、首のうしろの付け根のあたりに、「ぼんのくぼ」ってのがあって、そこを温めるか冷やすかするのはどうですか？あたしは頭痛はあまりないので知らんがね。風呂入って身体を温めるとか、汗をかいて新陳代謝を高めるとか、就寝の入眠時の状況ってのが、上がっていた体温が下がることで入眠すると医学書にあったので、わたしは身体を温めることはいつも心懸けていますけど！。
nc19997c9c0052,n72b860277a93,627b88fefcc7e007c5c776272643ec8e,hiro,clean_kalmia420,https://assets.st-note.com/production/uploads/images/270843805/profile_314861a10417dbabd28ac0408e1c0f87.jpg?fit=bounds&format=jpeg&quality=85&width=330,2026-04-22T21:00:52.809+09:00,"こんばんは〜
私も昔は偏頭痛持ちでした。
薬を使いたくないので、予兆が出たら部屋を暗くしてすぐ横になる。
外の空気を吸うと少し楽になる。
ふくらはぎをマッサージする。
だいたい、睡眠不足や飲みたくもないのにコーヒー飲んでいたりする日が続くと頭痛が出ていたように思います。
あとは目を動かして目が回りの筋肉をゆるめる。
首のストレッチ。

こんな感じでしょうか〜❤️"
ncb9d3a8fdd658,n72b860277a93,b124465007077687d7a1044219b7fcdc,みかん缶,vast_panda4301,https://assets.st-note.com/production/uploads/images/261820228/profile_ab2d6309532de3f51d647f384291dbba.jpg?fit=bounds&format=jpeg&quality=85&width=330,2026-04-20T22:17:45.026+09:00,"こんばんは。
頭痛、辛いですよね。
私も昔、頭痛持ちでした。私は、頭痛が酷くなると薬が効かないので早めに鎮痛剤を飲むか、頭痛になりそうだなって時にコーヒーを飲むと予兆だけで治っていました。但し、カフェインに弱いので夕方以降には飲めませんでしたけど😅"
nc81cc0586c9b5,n99d0a8523d8c,d3a836c00e4c6322ffa26565329f58f0,トゲル / Hiro Iwasawa,hiro_iwasawa,https://assets.st-note.com/production/uploads/images/100055981/profile_8b58a5a840d0400a59fe396f75564ee0.jpg?fit=bounds&format=jpeg&quality=85&width=330,2026-05-01T15:18:46.483+09:00,"コンパスみきさん、ブドウを育種する飯塚果樹園さんの記事にスキをいただき、ありがとうございました。私は、話し手からこれまでの歩みを聞いて、文章にする聞き書きボランティアです。
これまで、私の記事にスキをいただいた方には、その方の記事のコメント欄にお礼のコメントを書いてきましたが、全員に書くのが困難になってきたので、勝手ながらスキをもらった私の記事に皆さんへのコメントをまとめて記載することとしました。私宛にコメントをくれた方には、その方にコメントをお返しいたしますので、今後ともよろしくお願いいたします。



"
nc62e246b007d7,n99d0a8523d8c,edd42b9807b76c35cb04c7e678b2aa5b,ロク,clever_lemur64,https://assets.st-note.com/production/uploads/images/240456562/profile_7db4ab8a8e22caabb9991452e7ae5e79.png?fit=bounds&format=jpeg&quality=85&width=330,2026-04-19T23:04:01.672+09:00,"コンパス　みきさん、こんばんは！

本当に今日は暑かったですね♪
車でのお花探しドライブ、とても楽しそうで読んでいてこちらまでワクワクしました。
モッコウバラやハナミズキが咲く景色、春から初夏への移ろいを感じますね。京成バラ園、私も何度かGWに行ったことがありますが素敵な場所ですよね。
今日の私のワクワクは、久しぶりにギターを弾けたことでした🎸"
nc8412ca903acd,n99d0a8523d8c,6f58149fec947f30574e63c15894b4ab,SIRATAMA(PhysicalTherapist),siratama123,https://assets.st-note.com/production/uploads/images/237258522/profile_b1a360a27b5d675c30ffbcae9b2f64f4.png?fit=bounds&format=jpeg&quality=85&width=330,2026-04-19T21:47:19.781+09:00,"いろんな花が綺麗に咲く時期になりましたね♪
まさかのお花ツアーを２回（笑）"
nc869849b6f568,n9a4ace9d9267,6f99c57d9d90358b9c13ce851053fd17,蛍,nifty_tucan8721,https://assets.st-note.com/production/uploads/images/269548923/profile_56954e8acba9e0022f6f7c51f5cc2a5b.png?fit=bounds&format=jpeg&quality=85&width=330,2026-04-19T14:50:16.663+09:00,"こんにちは！
私　ホワイトセージ育てたことがあります。癒されますよね。　大好きです🌿"
nc49211dcc5d64,n9a4ace9d9267,9ad2a96a4e817c0a1a65ae3e09182fe8,えみたむ｜音を奏でる詩人,mikael39emi1783,https://assets.st-note.com/production/uploads/images/222850908/profile_2ece2c7c509ba525cac79e2acbcf2686.jpeg?fit=bounds&format=jpeg&quality=85&width=330,2026-04-18T22:49:14.323+09:00,"コンパスみきさん

ホワイトセージの記事を書いてくださり、本当にありがとうございます😊✨

無事にお手元に届いて良かったです🌿

ぜひ、ホワイト君で癒されてください✨"
nc6ca9b32f5b8a,n9a4ace9d9267,fd0ed04ebc4ebbea473574bf4df8d81d,ランディ|古民家暮らしのエッセイスト,randyfumio,https://assets.st-note.com/production/uploads/images/228813297/profile_5782dd39ce3cb55a95f4ba795731a7de.jpeg?fit=bounds&format=jpeg&quality=85&width=330,2026-04-18T21:50:58.944+09:00,"みきさん、さっそく記事にしていただき、ありがとうございます！
ランディ感激😭

こうしてご紹介いただけると凄く嬉しいですね😊
こちらの記事も、僕の方でご紹介させていただきます。重ねてお礼申し上げます。
ありがとうございました😊"
nc109865dea6b2,n1394cc7021b6,ceb9f20beef56f72c10ed1c4bc125c74,ゆらり🌹🫧　🫶💕,huge_coot6820,https://assets.st-note.com/production/uploads/images/239767432/profile_47e4f415224790b9faa65da8165fa21d.jpeg?fit=bounds&format=jpeg&quality=85&width=330,2026-05-06T13:44:28.233+09:00,"ご紹介有難う御座います🌸🫧
これからも
どうぞ宜しく
お願い致します🍀✨"
nc6bb7392f13e8,n1394cc7021b6,c2ec43b18447ef56d3def92e0343079c,プチクラゲ,like_rose7933,https://assets.st-note.com/production/uploads/images/268614169/profile_a50cb882b719cea4c1e37c1e4ab5ed30.jpg?fit=bounds&format=jpeg&quality=85&width=330,2026-05-05T17:54:20.452+09:00,"いつもありがとうございます😊
マガジン追加とっても嬉しいです💞"
nc681ec78f7ab4,n1394cc7021b6,984a76ce5c76a40762a6817b6b2b3bf2,彩乃｜私をあきらめないための四柱推命,ayano_happyluck,https://assets.st-note.com/production/uploads/images/266242039/profile_daafb393d9d1bd27b7424af7abbc3ae8.png?fit=bounds&format=jpeg&quality=85&width=330,2026-04-19T20:57:49.554+09:00,"こんにちは。彩乃です。
フォロー、そしてコメントありがとうございます。
まだまだＡＩ頼みの私ですが、みなさんの投稿を拝見して勉強させて頂いております。
宜しくお願いします。"
nc8b01af846815,n1394cc7021b6,13f03d3a1ec4a172a7084a791c8c4703,"あいさん💗Iカウンセリングルーム セラピスト／ 臨床心理士×公認心理師｜支援歴16年・2,000名超",joyful_zebra1701,https://assets.st-note.com/production/uploads/images/194103346/profile_5b2ee16c8d8db97758503974e4e6f9da.png?fit=bounds&format=jpeg&quality=85&width=330,2026-04-17T23:43:58.711+09:00,"みきさん😊
マガジンをご紹介いただき、ありがとうございます❤️
あたたかく受け取ってくださって、とても嬉しいです✨

みきさんのワクワクするお気持ちが伝わってきて、こちらまで明るい気持ちになりました🌸🌿
これからの記事も楽しみにしています🥰
また、お邪魔させて頂きますね～😌💞"
nc56c26ff72425,n1394cc7021b6,79e0c2dfe4307f5b45d905e5ff3616ea,King | 天は自らを助くる者を助けるらしい,kinguncle45,https://assets.st-note.com/production/uploads/images/243237206/profile_4d42c81f09e9a50f6883d0731bbd3d0d.png?fit=bounds&format=jpeg&quality=85&width=330,2026-04-17T23:38:51.286+09:00,"コンパス みきさん、こんばんは。
いつも&マガジンのご紹介ありがとうございます。

今後ともよろしくお願いいたします。"
ncc0d9e2687519,ndf79988d0b5d,772789e1b0771ebfb7a79bb5863cf54c,小林光,sinka_mo_mo,https://d2l930y2yx77uc.cloudfront.net/assets/default/default_profile_5-043439195e40e86fd7641a3a1daf982637d77ec6f14b67d3fc98ab92374404ac.png,2026-05-01T17:29:07.417+09:00,"コンパスみきさん🍀
はじめまして！
ご紹介頂き☺️スキも
ありがとうございます🙏
バラ科の花も多種多様にあるんですね
可憐です💖私も花や植物は大好きです！

きっと、コンパスみきさんに
見つけて貰ってお花も
喜んでます🩷
写真のお花の顔がそんな感じに
見えました〜笑
だから素敵な写真なのかな🌈
魅入ってしまいました〜"
nc1251a8bb6bf1,ndf79988d0b5d,80447875a249d513cf254dc06caad464,free-styIe🍀,ideal_mango9742,https://assets.st-note.com/production/uploads/images/252823958/profile_fe6cb595400896d3872a7934a6420529.png?fit=bounds&format=jpeg&quality=85&width=330,2026-04-18T20:20:11.642+09:00,"みきさん

はじめまして。

記事読んでいただきフォローありがとうございます！
嬉しいです😊

他の記事も読ませていただきますね😊

今後ともよろしくお願い致します🍀"
ncd1d64afd56d2,ndf79988d0b5d,c7537da954f69d6eb3620f01a8e05cee,ペコロス,hope_0803,https://assets.st-note.com/production/uploads/images/264760272/profile_a69e1621557f675eb4fa7d5b1b560b4f.jpeg?fit=bounds&format=jpeg&quality=85&width=330,2026-04-16T22:39:43.556+09:00,かわいい花ですね☺️素敵な写真ありがとうございます！　とっても癒されました
nc8d8048d666cb,n375a7f2a512f,80447875a249d513cf254dc06caad464,free-styIe🍀,ideal_mango9742,https://assets.st-note.com/production/uploads/images/252823958/profile_fe6cb595400896d3872a7934a6420529.png?fit=bounds&format=jpeg&quality=85&width=330,2026-04-25T08:49:06.935+09:00,"コンパスみきさん

おはようございます☺️

拝読してなかった記事からコメします！

マガジン立ち上げおめでとうおめでとう🎉
そして、追加ありがとうございます☺️

今後の発展、応援します✊"
ncd531032ee1f0,n375a7f2a512f,60fad1e212ab4472a9aa7d9e85a8f7d6,てぼっこ,tebocco_bocchi,https://assets.st-note.com/production/uploads/images/222432021/profile_773eb10e13182a94af795657be010cc5.png?fit=bounds&format=jpeg&quality=85&width=330,2026-04-20T19:55:32.978+09:00,"コンパスみきさん、こんばんは。

何気ない一言で見え方が変わるって、ありますよね。
みきさんは、そこから「私にもできるかもしない」と思ったのが素敵だと思いました✨
私も、そういう一言を探せる人になりたいです🌈"
nc5bdd5a014079,n375a7f2a512f,ad42d358150d8b3f1ccfca01252ab868,心音（ここね）,safe_chives2576,https://assets.st-note.com/production/uploads/images/239176494/profile_fa579f8eaf70e511a86918ddbf5fb6de.png?fit=bounds&format=jpeg&quality=85&width=330,2026-04-16T11:06:59.189+09:00,"コンパスみきさん
こんにちは😃
素敵な大阪出張になりましたね✨🌈
ワクワク発掘隊隊長
隊員になりたいです🤭🫶
毎日がワクワクですね🌸"
ncf27d6e078ed5,n375a7f2a512f,99cc8b20d87977e4a3641b3a6bf49d1f,[本当の自分を思い出す]童話作家からの贈り物,shinji238,https://assets.st-note.com/production/uploads/images/92723620/profile_d1fb5cef173f9cd1d454b4b32049d289.jpg?fit=bounds&format=jpeg&quality=85&width=330,2026-04-16T08:55:56.296+09:00,"コンパス みきさん、

""ワクワク発掘隊隊長""！素敵です！
ぼくも入隊させてください！"
ncfb9873cbfe67,n375a7f2a512f,627b88fefcc7e007c5c776272643ec8e,hiro,clean_kalmia420,https://assets.st-note.com/production/uploads/images/270843805/profile_314861a10417dbabd28ac0408e1c0f87.jpg?fit=bounds&format=jpeg&quality=85&width=330,2026-04-15T23:42:31.911+09:00,"素敵なお姉さんですね♪

私もワクワク隊に入隊させてください（笑）🤭"
ncca47ba6a8967,n944f7a4c1b1e,ba61c075852a71eb37a271a5d4518703,こどものことば,necocar_puma1985,https://assets.st-note.com/production/uploads/images/260039411/profile_7290d8aa625be03f9ab8eae334bc1281.png?fit=bounds&format=jpeg&quality=85&width=330,2026-04-15T18:16:42.896+09:00,「新緑の匂い」という一行が、静かに胸に残りました。いつもと同じ道なのに、30分という小さなずれが、季節の気配まで届けてくれる。「忙しい朝なのに、その一瞬だけ立ち止まるような気持ちになった」という言葉が、とても正直で、やわらかくて。大きく変えなくていい、という結論より、その一瞬の立ち止まりのほうが、ずっと長く心に残る気がします。
nc4045687f739f,n2797cf9874ab,e7ed30643ffee87801f8acbce69524c7,はっぴー@ことば細分化【ちりつも哲学】,happy_happy4834,https://assets.st-note.com/production/uploads/images/213417129/profile_5d371a6035d813fbed64db8c84a74af9.png?fit=bounds&format=jpeg&quality=85&width=330,2026-04-13T22:46:57.321+09:00,"みきさん、こんばんは🌙

私は寝れないとき時計を１回見て、早い時間ならまだこんな時間かと時計を置き、遅く時間で少ししか寝れないなと感じたら、「まあいいや」と諦めると寝れます😴
毎日夜が長くなればいいのにって思いながら寝てます(笑)"
ncd53c5cdb465d,n725acf24a97d,21ee3a5887a7048f168e6e7b645dec46,ゆら,calm_lily7169,https://assets.st-note.com/production/uploads/images/253515245/profile_99c5a4b66ac3ea9f95e8b0794ef21057.png?fit=bounds&format=jpeg&quality=85&width=330,2026-04-13T12:03:46.686+09:00,"みきさん、こんにちは。
こんな素敵な世界があるのですね✨️✨
ご紹介くださってありがとうございます😊
西洋絵画の背景にある色々な思想や暗喩?の解説に興味があるので、不思議な挿絵にどんな意味が隠されているのだろう🤔って考えたら楽しそうですね💐"
nc2475142b43dc,n725acf24a97d,62092942f42382f8df3d3ea0111fd605,Dorin,long_loris7814,https://assets.st-note.com/production/uploads/images/196186997/profile_3184128d4eba6e8ac448fc101befcc69.jpg?fit=bounds&format=jpeg&quality=85&width=330,2026-04-13T08:53:57.278+09:00,"写本教室なんてあるのですね👀
おもしろそうです✨️"
nc0714c43dd003,n725acf24a97d,c7268896d6f79f0c578fb488191702c7,potechiのほっとノート,safe_chimp8631,https://assets.st-note.com/production/uploads/images/213480386/profile_7c5d7459e8549d46cf9a8ddbcebbbc1a.jpeg?fit=bounds&format=jpeg&quality=85&width=330,2026-04-13T07:24:16.112+09:00,"コンパスみきさん
こんにちは✨
中世の彩飾写本は、きれいですね💫
挿し絵がこんなに描かれているとは、知りませんでした🌸
絵を見ているだけで、心が明るくなりました😊
ありがとうございました🍀✨"
nc512e867e32bf,n725acf24a97d,6af70fa9b5bcd3362fbfef373c45ccc5,無限納豆,vortex951,https://assets.st-note.com/production/uploads/images/267740858/profile_18c76c858e576dc2357e1ed52c244446.png?fit=bounds&format=jpeg&quality=85&width=330,2026-04-12T22:31:17.352+09:00,"版画みたいで、見てるだけでも楽しそうですねー
惹かれる絵です✨"
nc6bb2cc027dfa,n35c7d2df5d52,6706012177f9470bf0aa0a8f5be2718e,micci,gentle_dill2904,https://d2l930y2yx77uc.cloudfront.net/assets/default/default_profile_3-39088fff430aa9ec11d6e2a385dbcad45c8b79bde6c0c9ded10cd7abb960174f.png,2026-04-15T05:02:13.558+09:00,"コンパス みきさん、
おめでとうございます🎉
資料を準備して、知らない人の前で30分も話すドキドキしながら話をした気分がとっても良く伝わってきて本当にいい記事だなって思いました。😀
これからの記事も楽しみにしています！"
ncc93c1f15ea9c,n35c7d2df5d52,69cf6ffa21482517b87be88ae951a1d9,物書き　五郎八まなみ(Iroha Manami) のいろいろ日記,iroha_168_manami,https://assets.st-note.com/production/uploads/images/214060629/profile_3807db7966a3b78b3734821b3037e289.png?fit=bounds&format=jpeg&quality=85&width=330,2026-04-12T23:22:02.148+09:00,"おめでとうございます❤️
素直な気持ちが伝わってくる素敵な文章でした✨"
nc724debb17550,n35c7d2df5d52,1ac8364ccd1a6099d10bbb89e5257e18,涼子,komami117,https://assets.st-note.com/production/uploads/images/252622515/profile_ab129223fdf6ce600d4180a645a20bfc.png?fit=bounds&format=jpeg&quality=85&width=330,2026-04-12T09:09:40.074+09:00,"おめでとうございます😊
幸せのおすそわけ、いただきました！"
ncfc28dc33d2c6,n35c7d2df5d52,b500be4444166afed37fc897724048d4,さくら,yuka_sakurai0912,https://assets.st-note.com/production/uploads/images/234583234/profile_7ec9f6e8dac35d5d0e5a3fe9ed410a77.png?fit=bounds&format=jpeg&quality=85&width=330,2026-04-12T08:01:14.477+09:00,おめでとうございます💐素敵です☺
nc317fe7c0b78f,n35c7d2df5d52,52eeb6a1db5928743422156ea653f1f7,はぴ♡ゆか,charm_violet3252,https://assets.st-note.com/production/uploads/images/251142040/profile_ca00dae3955378a5a1efd07fad083edd.png?fit=bounds&format=jpeg&quality=85&width=330,2026-04-11T20:42:53.084+09:00,"みきさん✨️
健さんおすすめ、おめでとうございます😆💐✨️ハッピーが伝わったんだと😍✨️みきさんの記事、楽しみにしています✨️"
nc185883c36ccf,na164488abc51,4dba491b6b955898480a4076e64ad081,ねこだまりキリコ｜50代・おひとり様のリアルな日常,nekodamarikiriko,https://assets.st-note.com/production/uploads/images/218758555/profile_e0ac40d7a1563d43a6e57b4dd1e814af.png?fit=bounds&format=jpeg&quality=85&width=330,2026-04-11T10:18:20.841+09:00,"こんにちは☘️

分かります。金曜日の夜は何にも変えがたい喜びです😁正直土日の週末よりも、金曜夜の開放感たるや。

私は仕事帰りに1駅前で降りて、商店街をブラブラです。それだけですが、気分はスキップ、足取りも軽やかです🤭

呼吸法、意識してやってみます。共有ありがとうございました♪"
ncbcc91cf4207a,ne56d82bc25eb,79e0c2dfe4307f5b45d905e5ff3616ea,King | 天は自らを助くる者を助けるらしい,kinguncle45,https://assets.st-note.com/production/uploads/images/243237206/profile_4d42c81f09e9a50f6883d0731bbd3d0d.png?fit=bounds&format=jpeg&quality=85&width=330,2026-04-10T11:39:53.113+09:00,"コンパス みきさん、こんにちは！
マガジンのご紹介ありがとうございます。
今後ともよろしくお願いいたします。"
nca56d18a817b3,naccb46c1bcec,ad42d358150d8b3f1ccfca01252ab868,心音（ここね）,safe_chives2576,https://assets.st-note.com/production/uploads/images/239176494/profile_fa579f8eaf70e511a86918ddbf5fb6de.png?fit=bounds&format=jpeg&quality=85&width=330,2026-04-09T11:06:50.247+09:00,"コンパスみきさん✨

とても素敵な感覚ですね☺️🌿 
思わずうなずきながら読ませていただきました。

握りしめるのではなく、  
ワクワクとともに軽やかに循環させていく――

その在り方こそが、  
豊かさの流れを自然と広げてくれる気がします🌈✨

お金を「流れ」として捉える視点、  
とてもやさしくて心地いいですね。

大切な気づきをシェアしてくださって、  
ありがとうございます☺️"
nc2499c2c4f7a0,nb6b2da5ed57a,79e0c2dfe4307f5b45d905e5ff3616ea,King | 天は自らを助くる者を助けるらしい,kinguncle45,https://assets.st-note.com/production/uploads/images/243237206/profile_4d42c81f09e9a50f6883d0731bbd3d0d.png?fit=bounds&format=jpeg&quality=85&width=330,2026-04-08T21:53:35.350+09:00,"みきさん、こんばんは。
フォロワー400名達成おめでとうございます㊗️
スキありがとうございます😊
今後ともよろしくお願いします🙇"
ncfeece6792201,nb6b2da5ed57a,21ee3a5887a7048f168e6e7b645dec46,ゆら,calm_lily7169,https://assets.st-note.com/production/uploads/images/253515245/profile_99c5a4b66ac3ea9f95e8b0794ef21057.png?fit=bounds&format=jpeg&quality=85&width=330,2026-04-08T11:17:14.159+09:00,"おめでとうございます😊
いつもカラッとして優しくて元気が出る発信を楽しみにしています🤗
これからも楽しくワクワクを共有したいです🍀💐よろしくお願いいたします✨"
ncd47a69d14036,nb6b2da5ed57a,13f03d3a1ec4a172a7084a791c8c4703,"あいさん💗Iカウンセリングルーム セラピスト／ 臨床心理士×公認心理師｜支援歴16年・2,000名超",joyful_zebra1701,https://assets.st-note.com/production/uploads/images/194103346/profile_5b2ee16c8d8db97758503974e4e6f9da.png?fit=bounds&format=jpeg&quality=85&width=330,2026-04-08T00:11:39.020+09:00,"みきさん❤️
フォロワー400人達成、おめでとうございます🎊✨🎉✨

毎日投稿を続けてこられたことの積み重ねが、
こうして形になったのですね🌸
400の瞬間をぴったり残せたのも、なんだか嬉しいご褒美みたいですね✨

みきさんのあたたかさや、日々の発信を大切にされている姿が、
たくさんの方に届いているのだなあと感じました😊
これからのご投稿も楽しみにしています🌈"
ncbc7751cc59bc,n6e121020dd68,6706012177f9470bf0aa0a8f5be2718e,micci,gentle_dill2904,https://d2l930y2yx77uc.cloudfront.net/assets/default/default_profile_3-39088fff430aa9ec11d6e2a385dbcad45c8b79bde6c0c9ded10cd7abb960174f.png,2026-04-07T05:40:41.011+09:00,"コンパス みきさん、こんにちは。
お花をアレンジするみたいに。素敵ですね。私も美しい言葉を話せるよう心がけようと思います。とっても勉強になりました。ありがとうございます。😊"
nceb6e946f24e8,n78f27fb53375,ba448c6ebae3eb858daa6071776e06fb,ぺんぎん@生きづらさの正体を解決,pennotelog,https://assets.st-note.com/production/uploads/images/255862564/profile_ae67c3280f2f5473adb2aaae9a47302e.png?fit=bounds&format=jpeg&quality=85&width=330,2026-04-06T13:27:55.442+09:00,"こんにちは♪
日記の継続、素晴らしいですね✨
僕も二年前から全盛期の頃の肉体を取り戻すべく筋トレをしています。笑
毎日1時間、コツコツやってます！


お互い継続頑張りましょうね✨"
nc950c29aa2553,n78f27fb53375,617d6d2dcb4435635d6a948287898ed1,五條シンジ｜『Snowdrop Surfer』著者,kitanoshinji,https://assets.st-note.com/production/uploads/images/263243256/profile_d0e5a60e70723ba546f0bf5528b96c24.png?fit=bounds&format=jpeg&quality=85&width=330,2026-04-05T19:45:21.881+09:00,"みきさんすごいですね！
私も毎日iPhoneに日記を書いています。
振り返ると、こんなこと思ってたんだ
って思い出せて、楽しいですね😊"
ncc8aaa0a412c7,n78f27fb53375,b124465007077687d7a1044219b7fcdc,みかん缶,vast_panda4301,https://assets.st-note.com/production/uploads/images/261820228/profile_ab2d6309532de3f51d647f384291dbba.jpg?fit=bounds&format=jpeg&quality=85&width=330,2026-04-05T18:55:30.430+09:00,"こんばんは。
5年日記帳が2冊目に入ったのですね。貼ったりして使い込んでいる感があります。素晴らしいです。
私も5年日記帳を付けていますよ。
今、1冊目の3年目です。私も欄が小さいから、天気・気温・仕事の記録など簡単に書くだけなので続いています😊"
nc04fd0a5743f3,ncb4e0ae4381d,6706012177f9470bf0aa0a8f5be2718e,micci,gentle_dill2904,https://d2l930y2yx77uc.cloudfront.net/assets/default/default_profile_3-39088fff430aa9ec11d6e2a385dbcad45c8b79bde6c0c9ded10cd7abb960174f.png,2026-04-13T01:33:54.632+09:00,"コンパス　みきさん、
noteでこんな素敵な春を届けていただきました。
嬉しいプレゼントをありがとうございます。😀"
ncebdcfb44320d,ncb4e0ae4381d,52eeb6a1db5928743422156ea653f1f7,はぴ♡ゆか,charm_violet3252,https://assets.st-note.com/production/uploads/images/251142040/profile_ca00dae3955378a5a1efd07fad083edd.png?fit=bounds&format=jpeg&quality=85&width=330,2026-04-06T21:43:04.411+09:00,"みきさん✨️
わぁーめちゃくちゃ綺麗😍✨️
いつも素敵なお花をシェアしていただき、ありがとうございます✨️
お花は本当に良い周波数？波動？波長？がありますよね！

シャッターが閉まってるところが多い商店街でも、お花屋さんだけは繁盛していたり、人を癒したり、気持ちが華やいだり、良いものもあるからだろうなと感じたりしています✨️"
nc17304c5ecabb,ncb4e0ae4381d,327c139972165271a4559fe50b621f56,のほほん,miryokukaika888,https://assets.st-note.com/production/uploads/images/172018525/profile_d219214d0bc3ebbdf90f195afbd4ff65.jpeg?fit=bounds&format=jpeg&quality=85&width=330,2026-04-06T20:07:23.151+09:00,"初めまして。
ブーケ見ているだけで、癒されていきますね💕"
nc5b4cea5a3a7b,ncb4e0ae4381d,21ee3a5887a7048f168e6e7b645dec46,ゆら,calm_lily7169,https://assets.st-note.com/production/uploads/images/253515245/profile_99c5a4b66ac3ea9f95e8b0794ef21057.png?fit=bounds&format=jpeg&quality=85&width=330,2026-04-06T08:38:43.931+09:00,"おはようございます☺️いつも清々しく心が澄んでいく記事をありがとうございます。
「お楽しみ様」とっても素敵な言葉ですね～✨
今日から私も使わせていただいてもいいでしょうか?
ワクワクがどんどんやってきそうです🎶"
nc0831045f4791,ncb4e0ae4381d,f6b290c7e82f8549bab63aaf2822cdec,安希子(あきこ)｜AI * スピリチュアル * 天然石,relien_akiko,https://assets.st-note.com/production/uploads/images/222862518/profile_a4b6b40f199c61cb98933650bd47dd1a.png?fit=bounds&format=jpeg&quality=85&width=330,2026-04-05T12:30:30.134+09:00,"はじめまして😌
みきさんの言葉は、なんだかワクワク🤩心が軽やかになる感じで、良いですね〜☺️
わたしも千葉に住んでいます。
そしてフラワーアレンジメントも習っていました(ちょっとお休み中)。
共通点があって嬉しいのでフォローさせてもらいますね💗
よろしくお願いします🤗"
nc17c76a2f5b1e,ncb4e0ae4381d,b6faab5387436ffb13facb5ee0e9c73a,superNOVA,zzzz_life,https://assets.st-note.com/production/uploads/images/255550116/profile_1f1b8e1bbddf34bfcf20ff2c358604dd.png?fit=bounds&format=jpeg&quality=85&width=330,2026-04-04T23:33:25.439+09:00,"千葉は桜が満開なのですね、北海道はまだ桜は先の様です。
ブーケとっても綺麗ですね！みきさんが作られたのですか？
全体的に淡い色合いで、柔らかいイメージで朗らかな春を思わせて素敵です！
緑の色も新緑を思わせてくれて、元気になれるきがしてきます！"
nc557e270e7d27,ncb4e0ae4381d,627b88fefcc7e007c5c776272643ec8e,hiro,clean_kalmia420,https://assets.st-note.com/production/uploads/images/270843805/profile_314861a10417dbabd28ac0408e1c0f87.jpg?fit=bounds&format=jpeg&quality=85&width=330,2026-04-04T22:07:06.830+09:00,"癒されました🌸色💓
ありがとうございます💕"
nc73bf6e9b716c,n62b2f047f782,533aae2ade10f9d4d7198bc7b4a385ed,仲村梢,treetop1973,https://assets.st-note.com/production/uploads/images/262307301/profile_cf1f2ae65ce46c8f38c89786c74cecba.png?fit=bounds&format=jpeg&quality=85&width=330,2026-04-12T07:08:16.289+09:00,"本田健さんの

この方達も素晴らしいです！　という方も挙げてみました。

に選ばれましたね‼️

おめでとうございます🎊"
nc815c33ba0885,n62b2f047f782,f3870604aea54af805d0c87df2586614,karin,hedwig,https://assets.st-note.com/production/uploads/images/86465026/profile_0bffb429e1f518f0ace67a329e4e9eaa.jpg?fit=bounds&format=jpeg&quality=85&width=330,2026-04-02T20:27:12.842+09:00,"登壇して30分も話すなんて凄いですね✨
とってもとっても大きな幅の第一歩だと思います✨
よくやった自分をナデナデしてお休みくださいませ🩷"
nc40186a70d40c,n9421f69f316d,cb09c3ec86e493e1543b7763ea166d8a,萬利文舎 🦊💛🧸Luma,lun_lun3,https://assets.st-note.com/production/uploads/images/265504191/profile_0701272c80bd3798dd5b4b444435527e.png?fit=bounds&format=jpeg&quality=85&width=330,2026-04-05T13:41:20.393+09:00,"はじめまして☺️
美しい作品にドキッ💓
レカンフラワーを初めて知りました。
💐お花の世界の時間⏳が止まってしまう、マジカルなアートを堪能しました。
素晴らしいです。
ありがとうございました。"
nca8bc8eeb22fb,n9421f69f316d,f6b290c7e82f8549bab63aaf2822cdec,安希子(あきこ)｜AI * スピリチュアル * 天然石,relien_akiko,https://assets.st-note.com/production/uploads/images/222862518/profile_a4b6b40f199c61cb98933650bd47dd1a.png?fit=bounds&format=jpeg&quality=85&width=330,2026-04-05T12:35:30.447+09:00,"素敵ですね〜👏☺️
フラワーアレンジメントを2年くらい習ったのですが、レカンフラワーというのは初めて知りました😳✨
これはプリザーブドとはまた違うものなのですか？
色褪せずに乾燥できるんですね〜😳
また見に来ますね〜☺️"
ncd592e87a40b1,n9421f69f316d,2102c816c06f0488a03d761de5b5fb15,竹内はるみ｜セカンドライフコンシェルジュ,wishandlife,https://assets.st-note.com/production/uploads/images/260737030/profile_e3a9d8141cd2dd1a2cb02f4ac247181c.jpeg?fit=bounds&format=jpeg&quality=85&width=330,2026-04-01T22:48:25.081+09:00,"コンパス　みきさん　初めまして。

素敵な作品を共有してくださってありがとうございます。
美しくて、可愛かったりゴージャスだったり、見ていて本当に癒されました💐

フランス語で「宝石箱」L'ecrin　
レカンフラワーというのも初めて知りました。キレイな響きですね✨"
nc31fb3ae3b36c,n9421f69f316d,8e258293307b763f1d14fa44811e4914,Kreoo,kreoo,https://assets.st-note.com/production/uploads/images/250847434/profile_f31b67501edd5ac5a9a71b57331acd69.png?fit=bounds&format=jpeg&quality=85&width=330,2026-04-01T22:03:22.236+09:00,レカンフラワーの写真を拝見し、しばし癒されました、ありがとうございました！
ncbc8ec88fcdc8,n9421f69f316d,edd42b9807b76c35cb04c7e678b2aa5b,ロク,clever_lemur64,https://assets.st-note.com/production/uploads/images/240456562/profile_7db4ab8a8e22caabb9991452e7ae5e79.png?fit=bounds&format=jpeg&quality=85&width=330,2026-04-01T19:17:50.766+09:00,"コンパスみきさん、こんばんは！

どの作品もとても繊細で美しく、見ているだけでうっとりしました♪
花の色や世界観がやさしく伝わってきて素敵ですね。
レカンフラワーの魅力、もっと広がっていくといいなと思いました！"
ncfa556d9b00fd,n9421f69f316d,6af70fa9b5bcd3362fbfef373c45ccc5,無限納豆,vortex951,https://assets.st-note.com/production/uploads/images/267740858/profile_18c76c858e576dc2357e1ed52c244446.png?fit=bounds&format=jpeg&quality=85&width=330,2026-04-01T18:47:51.020+09:00,これは素敵ですね🌸
nc93e170987a2d,nb1821f28e6e0,b4efdaf12854acda77bf0ab77e0d4fd1,矢田　和也　(フォロバ100),joyous_shrew9162,https://assets.st-note.com/production/uploads/images/224583151/profile_21f4bb4d5bd1ab568db87605e544dd46.jpg?fit=bounds&format=jpeg&quality=85&width=330,2026-03-27T09:19:04.668+09:00,とても参考になりました。✨ありがとうございます。
nc97da0ff5cdb8,nb1821f28e6e0,2a0569fdba03eac350917741138c6de4,雲出　静夏（くもづしずか）,wafuu_affogard,https://assets.st-note.com/production/uploads/images/263038791/profile_555b197f432910bce0680bab02ee62e9.jpeg?fit=bounds&format=jpeg&quality=85&width=330,2026-03-26T22:02:31.526+09:00,"みきさん、初めまして。そしてお疲れ様です。
いつも好きをつけてくださって、感謝の気持ちでいっぱいです。
大阪は美味しいものがたくさんありますから、またいらして下さいね。"
ncb24064e4ce9f,nb1821f28e6e0,d935afcef3d45372668600a97b8eea46,天野 雫 ✿ 占い日記,proper_bonobo536,https://assets.st-note.com/production/uploads/images/252856370/profile_866f40df26780c146ef9459cf81a675c.png?fit=bounds&format=jpeg&quality=85&width=330,2026-03-26T19:38:05.143+09:00,"みきさん、お疲れさまで〜す🏠✨

まだ明るいうちに帰れてラッキーですね🌞
堂島ロールで夜のお楽しみ、最高😋💕
限定に弱い気持ち、めっちゃわかります😂"
nc509ea75c656a,nad08b305d53b,e0f75dea5e005795c33b30132d5f6393,おけ@生活ととのえ人,dandy_hornet2353,https://assets.st-note.com/production/uploads/images/239228288/profile_e71281243a689d639d96ee8066d960ba.png?fit=bounds&format=jpeg&quality=85&width=330,2026-03-26T18:47:31.890+09:00,"たこ焼き絵画🖼️
素敵です😄✨"
ncf0642e6a45ad,nad08b305d53b,21ee3a5887a7048f168e6e7b645dec46,ゆら,calm_lily7169,https://assets.st-note.com/production/uploads/images/253515245/profile_99c5a4b66ac3ea9f95e8b0794ef21057.png?fit=bounds&format=jpeg&quality=85&width=330,2026-03-26T17:49:42.664+09:00,"こんばんは　ゆらです😊
たこ焼きが芸術になる日に立ち会えて光栄です✨
いつも元気が出る記事をありがとうございます💐
私は明石焼きもスキです😊"
nca836b991e028,nc386e0fbefbe,c6798bc2141fc13717d55a98fdb40aeb,ちえぞう@図書館に住んでいます/今日も色々思うこと,frebull117,https://assets.st-note.com/production/uploads/images/269400865/profile_1e6d0c077ebdec33d19eecf0a462053b.jpeg?fit=bounds&format=jpeg&quality=85&width=330,2026-03-28T05:22:26.863+09:00,"コンパスみきさん、新幹線や飛行機はちょっとワクワクしますよね！
周りの人を眺めて、ついついドラマを想像してしまいます。
移動中までお仕事しなくて良い余裕✨むしろお仕事できる感満載です。"
nc89179f2de52e,nc386e0fbefbe,bc8bc6e9926152b573bf2a7169972c80,澪(みお)｜修羅場を静けさに整える人,gentle_dill8625,https://assets.st-note.com/production/uploads/images/248552109/profile_245670d0e9f26d6db598d85422b33db7.png?fit=bounds&format=jpeg&quality=85&width=330,2026-03-26T14:00:42.460+09:00,"コンパス みきさん、こんにちは。
気持ちの軽い出張。いいですね。
周りの風景や流れる人を見る余裕。
とても大切なことと思いました。"
nc06c65cb2ca7f,nc386e0fbefbe,aa396818ce9b68951cae09c5b738014e,Torori（とろり）🌱 毒親育ちへ「心穏やかな恋」を届ける人【フォロバ100】,torori_20260101,https://assets.st-note.com/production/uploads/images/242495675/profile_d6bfee66de6dbec64ca70c2649f987aa.png?fit=bounds&format=jpeg&quality=85&width=330,2026-03-25T07:44:03.388+09:00,"コンパス みきさん

こんにちは🌱
出張の過ごし方、凄く素敵です・・✨️

わたしもかつて、ず～っとPCをだしてセカセカしてました。
でも移動中くらい、のんびり楽しんだほうが人生幸せですね＾＾

心の余裕って大事だなぁ・・と最近良く思います🌱"
nc1de3bf8c7859,nc58b4ccee84f,772789e1b0771ebfb7a79bb5863cf54c,小林光,sinka_mo_mo,https://d2l930y2yx77uc.cloudfront.net/assets/default/default_profile_5-043439195e40e86fd7641a3a1daf982637d77ec6f14b67d3fc98ab92374404ac.png,2026-05-06T20:35:38.967+09:00,"コンパスみきさん🍀
いつもありがとうございます🙏

「雨」私は好きなので…
タイトルに惹かれて
拝見しました。

気持がほんの少し変わる
きっかけって
あるもんなんですね〜
探せば何処かにあるんでしょうね💖
"
nca7de51c54387,na35c89b47597,52eeb6a1db5928743422156ea653f1f7,はぴ♡ゆか,charm_violet3252,https://assets.st-note.com/production/uploads/images/251142040/profile_ca00dae3955378a5a1efd07fad083edd.png?fit=bounds&format=jpeg&quality=85&width=330,2026-03-26T19:54:55.681+09:00,わあーすごい👏🏻✨️綺麗です✨️素敵✨️この時期、クリスマスローズが綺麗に咲いていますね😍✨️花が下を向きているのがすごく不思議だなと思います✨️お花の記事も楽しみにしています❤ありがとうございます✨️
ncc9c17a760c11,na35c89b47597,2fc7b754c051d7de2881db2355abb129,モモ,happy_love168,https://assets.st-note.com/production/uploads/images/260460561/profile_f5f340acf1c2593e73064340010ebf0d.jpeg?fit=bounds&format=jpeg&quality=85&width=330,2026-03-22T15:49:12.983+09:00,素敵な作品ですね！こんなに手間が掛かるんですね…。凄いです👏
nc4675e4c22b45,n0290ff85f044,7b2950dc4ba436f74da76f5d4bf926ef,くさぶえ 舞子,kusabue015,https://assets.st-note.com/production/uploads/images/200544125/profile_8089367590476392fe331f558cec50ea.jpg?fit=bounds&format=jpeg&quality=85&width=330,2026-03-31T10:23:23.163+09:00,みきさん、フォローありがとうございます。4/19zineフェス初参加するので波に乗れればいいなと思います！いいこと教えてくれてありがとうございます😊
nc97ef4c3d24d7,n0290ff85f044,37b421472265c4e90859a9a5d9ed4b9d,くりすたるる,crystalulu,https://assets.st-note.com/production/uploads/images/123793292/profile_459c6389638a8e066661c8cde8fc7906.jpeg?fit=bounds&format=jpeg&quality=85&width=330,2026-03-21T22:55:21.836+09:00,"みきさん、こんばんは！

いいことをおききしました。
今朝起きたら、めちゃめちゃ体が軽かったんですよね。
星の動きがサポートしてくれているのかもしれませんね。

この期間、いつも以上に心の向くまま……毎日を楽しんでみますね！"
nc4e84cfc34a2e,n0290ff85f044,627b88fefcc7e007c5c776272643ec8e,hiro,clean_kalmia420,https://assets.st-note.com/production/uploads/images/270843805/profile_314861a10417dbabd28ac0408e1c0f87.jpg?fit=bounds&format=jpeg&quality=85&width=330,2026-03-21T21:02:37.989+09:00,"コンパスみきさん✨
まずはやってみる！ですね❤️
私も流れに乗っていきたいと思います😄
素敵な記事をありがとうございます✨"
nc9171913ac8bf,n866b2ed35bcc,aa708ce3070346a36c819f48f11fbf79,小晴（こはる）｜読書は心の栄養！,smiles_bring_joy,https://d2l930y2yx77uc.cloudfront.net/assets/default/default_profile_3-39088fff430aa9ec11d6e2a385dbcad45c8b79bde6c0c9ded10cd7abb960174f.png,2026-03-18T23:05:37.917+09:00,"「生き切る」という言葉が似あう、素晴らしいお父様だと思いました。
コンパス みきさんが世界中の遺跡を巡る時、お父様もお空の上から眺めて、いっしょに冒険を楽しむのではないかなと思いました。
"
nc1e5bfce9ac7c,nfa6b48182193,cb7244ef0e195b0ec7357cc9eec1ceac,案内人,serene_hebe1710,https://assets.st-note.com/production/uploads/images/200291978/profile_baf008f7d8a9a7d9a2aa1559d06d4935.png?fit=bounds&format=jpeg&quality=85&width=330,2026-04-25T08:55:44.349+09:00,"コンパス みきさん、おはようございます😊

本日もマガジンへ掲載いただき、誠にありがとうございました。
自分の記事を選んでいただけたこと、大変光栄に思うとともに、これからの活動の大きな励みになります✨
また機会がありましたら、ぜひよろしくお願いいたします😌

"
nc5d5e916ce789,nfa6b48182193,21ee3a5887a7048f168e6e7b645dec46,ゆら,calm_lily7169,https://assets.st-note.com/production/uploads/images/253515245/profile_99c5a4b66ac3ea9f95e8b0794ef21057.png?fit=bounds&format=jpeg&quality=85&width=330,2026-03-20T21:58:40.410+09:00,"こんばんは　ゆらと申します
記事を覗きに来てくださってありがとうございました😊
自分の価値観をデザインする自由✨✨
素敵な響きですね
何だか自分の現状に優しい気持ちで向き合うきっかけになりそうです😊
ありがとうございます💐"
ncdc4c3f0b5fc6,na149d5c9eb12,cb7244ef0e195b0ec7357cc9eec1ceac,案内人,serene_hebe1710,https://assets.st-note.com/production/uploads/images/200291978/profile_baf008f7d8a9a7d9a2aa1559d06d4935.png?fit=bounds&format=jpeg&quality=85&width=330,2026-04-24T17:23:24.101+09:00,"コンパス みきさん、こんにちは☺️

今回、マガジンに私の記事を載せて頂いてありがとうございました。
とても嬉しく、活動の励みにもなっています✨
また機会がありましたら、ぜひよろしくお願いいたします😌

"
ncbcbb63a800a3,na149d5c9eb12,13f03d3a1ec4a172a7084a791c8c4703,"あいさん💗Iカウンセリングルーム セラピスト／ 臨床心理士×公認心理師｜支援歴16年・2,000名超",joyful_zebra1701,https://assets.st-note.com/production/uploads/images/194103346/profile_5b2ee16c8d8db97758503974e4e6f9da.png?fit=bounds&format=jpeg&quality=85&width=330,2026-03-16T11:53:27.195+09:00,"みきさん、こんにちは🌸

記事でマガジンのご紹介をしていただきありがとうございます😊
マガジンのご縁をいただき、感謝です😌💞

「うれしいうれしいと踊りたくなる」という言葉、読んでいてこちらまでほっこりしました✨
これからの記事も楽しみにしています🌈
どうぞよろしくお願いいたします！！"
nc910bcf2048fc,ncbbf3617dafc,cb7244ef0e195b0ec7357cc9eec1ceac,案内人,serene_hebe1710,https://assets.st-note.com/production/uploads/images/200291978/profile_baf008f7d8a9a7d9a2aa1559d06d4935.png?fit=bounds&format=jpeg&quality=85&width=330,2026-05-01T05:23:22.495+09:00,"コンパス みきさん、おはようございます😊

本日もマガジンへの掲載、ありがとうございました。
いつも丁寧に取り上げていただき、心から感謝しております。
これを糧に、より良い記事を届けていけるよう精進いたします✨
またの機会にも、ぜひお力添えいただけますと幸いです😌
"
nccc8dfe6e1339,ncbbf3617dafc,fa311bf7bbb82adcde49cc1a33896b16,オステオパシー整体から紐解くカラダ｜吉原博紀,aobadai_leaf,https://assets.st-note.com/production/uploads/images/243638859/profile_3e96c6a92b2e10d0ee70bbe572847f96.jpeg?fit=bounds&format=jpeg&quality=85&width=330,2026-03-25T22:53:46.780+09:00,"とても共感しながら読みました。
日々の忙しさの中で、自分のことはつい後回しになりがちですが、あらためて「自分を整えること」の大切さを感じました。

無理に頑張るというより、まずは今の自分の状態に気づいてあげることが大事なんだなと、やさしく背中を押してもらえるような内容でした。
言葉もあたたかくて、読んでいてすっと入ってきました。

こういう発信って、同じように少し疲れている人や立ち止まりたい人にすごく届くと思います。
素敵な記事をありがとうございます。

フォローさせていただきました。
これからの発信も楽しみにしています☺️"
nc1e4b87906c62,ncbbf3617dafc,67e9e7dcadf17a181ca3e9c0954f016c,Miho C.｜世界とつながる英語 from トルコ,mihoc_999,https://assets.st-note.com/production/uploads/images/220268277/profile_d6adcf145109ddccab2e165c44731b20.png?fit=bounds&format=jpeg&quality=85&width=330,2026-03-14T14:03:20.101+09:00,"中学生の頃、クラスを代表して、「ラジオ体操講習会」なるものに出席しました。主催はどこだったのかしら？
半日ラジオ体操の「正しいやりかた」をみっちり仕込まれ、筋肉痛になった記憶です。
クラスの代表だったけれど、そのあと、クラスのみんなに伝授したのかどうか覚えていません。
ラジオ体操、久しぶりに思い出しました。私も座り仕事なので、やってみようと思います😄"
nc4ab24e4cfce0,ncbbf3617dafc,64d7d66e367123b20d8b62008a13bab2,つなぎ手 結心（ゆうこ）,tsunagite_yuko,https://assets.st-note.com/production/uploads/images/174592867/profile_2dae9e672d6a6f187155feba5014aff9.jpeg?fit=bounds&format=jpeg&quality=85&width=330,2026-03-13T23:03:44.679+09:00,"初めまして。
私もまさに、ラジオ体操に救われたテレワーカーの1人です！
あんなにも効率よく体が動かせる運動だったとわと感動です💖"
nce3529ed88b1b,ncbbf3617dafc,f054011d9ab7f039b5a5797ce62b2339,るぴなす(Lupinus),lupinasu_san,https://assets.st-note.com/production/uploads/images/198580494/profile_6984197174a780f5b2a07959782443f7.png?fit=bounds&format=jpeg&quality=85&width=330,2026-03-13T20:14:54.794+09:00,私もほぼ毎日お世話になっております。ラジオ体操が大好きです。この頃は、首の体操の時の音楽にバリーエーションが出て来ましたね。越冬つばめは？？？ですが。
nc40863e68ae7f,na39d2685031f,cb7244ef0e195b0ec7357cc9eec1ceac,案内人,serene_hebe1710,https://assets.st-note.com/production/uploads/images/200291978/profile_baf008f7d8a9a7d9a2aa1559d06d4935.png?fit=bounds&format=jpeg&quality=85&width=330,2026-04-30T07:44:10.445+09:00,"コンパス みきさん、おはようございます😊

いつも素敵な発信をありがとうございます。
楽しく拝見しています。

今回も私の記事をマガジンへ掲載していただき、本当にありがとうございました。
とても嬉しく、また良い記事を書こう！とぐっとモチベーションが上がりました✨

また目に留めていただける機会がありましたら、ぜひよろしくお願いいたします😌
"
nc1726cba60871,na39d2685031f,2d8fd26f2e13bd023d6a9ff6219df77f,美紀/じぶん再発見「言の葉」,calm_daisy595,https://assets.st-note.com/production/uploads/images/252884479/profile_010fd4aad87d6ea8f65909bb18e4062f.jpeg?fit=bounds&format=jpeg&quality=85&width=330,2026-03-15T11:50:19.338+09:00,"はじめまして！フォローありがとうございます♡
同じお名前の方からフォローをいただけるなんて、勝手ながら親近感を感じてしまいました＾＾
書くことで新しい発見があるのは、noteの素敵なところですよね。
私もフォローさせていただきました。こちらこそ、これからどうぞよろしくお願いいたします♪"
nc506de45726a9,n9f1eb3168b84,67e9e7dcadf17a181ca3e9c0954f016c,Miho C.｜世界とつながる英語 from トルコ,mihoc_999,https://assets.st-note.com/production/uploads/images/220268277/profile_d6adcf145109ddccab2e165c44731b20.png?fit=bounds&format=jpeg&quality=85&width=330,2026-03-08T20:57:45.845+09:00,"とても素敵なリースですね。
見せていただいてありがとうございます🥰"
nc82dbe327412f,n6471fe125705,ba36c790ff78d821a2afb4921366f365,たっける,dandy_slug2243,https://assets.st-note.com/production/uploads/images/236083207/profile_1da128d75a8f6e5702692381929bd2c5.jpeg?fit=bounds&format=jpeg&quality=85&width=330,2026-03-19T21:41:37.484+09:00,"コンパスさんの記事を読んでるとワクワクします😄
ありがとうございます！"
nceb51eccc0885,n0351f743463e,6706012177f9470bf0aa0a8f5be2718e,micci,gentle_dill2904,https://d2l930y2yx77uc.cloudfront.net/assets/default/default_profile_3-39088fff430aa9ec11d6e2a385dbcad45c8b79bde6c0c9ded10cd7abb960174f.png,2026-04-24T06:07:13.274+09:00,"コンパス みきさん、こんにちは。
リモートワークで通勤時間がなくなり人生を見つめ直した方は多いですよね。
私も時間って本当に貴重だな、と思うようになりました。
お話、聞かせて頂きありがとうございました。"
nc258d7354d970,n0351f743463e,52eeb6a1db5928743422156ea653f1f7,はぴ♡ゆか,charm_violet3252,https://assets.st-note.com/production/uploads/images/251142040/profile_ca00dae3955378a5a1efd07fad083edd.png?fit=bounds&format=jpeg&quality=85&width=330,2026-02-28T06:37:37.660+09:00,わぁー素敵な生き方✨️自分のワクワクすること、好きなことに時間を使える幸せ、、こちらも幸せな気持ちになりました☺️✨️ありがとうございます✨️
nce8f2f953def0,nad9868a01d04,62092942f42382f8df3d3ea0111fd605,Dorin,long_loris7814,https://assets.st-note.com/production/uploads/images/196186997/profile_3184128d4eba6e8ac448fc101befcc69.jpg?fit=bounds&format=jpeg&quality=85&width=330,2026-04-15T07:36:56.791+09:00,同じく！です😊✨️やったー👍️
nce577aff7d419,nad9868a01d04,52eeb6a1db5928743422156ea653f1f7,はぴ♡ゆか,charm_violet3252,https://assets.st-note.com/production/uploads/images/251142040/profile_ca00dae3955378a5a1efd07fad083edd.png?fit=bounds&format=jpeg&quality=85&width=330,2026-02-28T06:31:47.072+09:00,感度良好か〜✨️私もすぐに、あれ食べたい！ここに行きたい！あの人に会ってみたい！になります☺️すごく共感できました✨️ありがとうございます✨️
nc28b062119ea3,nb955a3499fad,52eeb6a1db5928743422156ea653f1f7,はぴ♡ゆか,charm_violet3252,https://assets.st-note.com/production/uploads/images/251142040/profile_ca00dae3955378a5a1efd07fad083edd.png?fit=bounds&format=jpeg&quality=85&width=330,2026-02-28T06:34:15.558+09:00,レカンフラワー✨️言葉ははじめて聞きましたが、伯母から結婚する時にプレゼントでもらいました✨️私もお花が好きなので、ワクワクします☺️素敵なお話、ありがとうございます✨️
nc2402085c336c,n375a7f2a512f,aa396818ce9b68951cae09c5b738014e,Torori（とろり）🌱 毒親育ちへ「心穏やかな恋」を届ける人【フォロバ100】,torori_20260101,https://assets.st-note.com/production/uploads/images/242495675/profile_d6bfee66de6dbec64ca70c2649f987aa.png?fit=bounds&format=jpeg&quality=85&width=330,2026-05-07T14:53:18.183+09:00,"コンパスみきさん、こんにちは🌱

わぁ・・この記事ステキですね～✨️

読んでて胸がふわっと温かくなりました(*^^*)

スタバのお姉さん、神対応ですね～✨️

こういう些細なことで、１日が楽しくなるの、本当に不思議！

私もワクワクを探してみよう～＼(^o^)／

ステキな記事を書いてくれてありがとう～✨️"
ncfd549ff5114f,na83909144099,67e9e7dcadf17a181ca3e9c0954f016c,Miho C.｜世界とつながる英語 from トルコ,mihoc_999,https://assets.st-note.com/production/uploads/images/220268277/profile_d6adcf145109ddccab2e165c44731b20.png?fit=bounds&format=jpeg&quality=85&width=330,2026-05-07T16:34:21.199+09:00,"わぉ～、かっこよくて素敵な曲🎵
（なんだか、ありきたりな感想で、恥ずかしいわ・・）

『笑って　ありがとう
あなたがいるから　わたしがいる』のサビがグッときます。"
nc18a11129c702,n8ddb555f02f5,6b44bc1730f4ed7ad127968e08eb088a,カケルン@HSP フォロバ100,yamaxkake,https://assets.st-note.com/production/uploads/images/272298552/profile_d42fe3f9b5794ccd32d4db77db4c15dc.png?fit=bounds&format=jpeg&quality=85&width=330,2026-05-07T22:44:09.853+09:00,"みきさん、こんばんは♪

アップルパイとスコーンの偶然、想像するだけで幸せですね☺️

仕事帰りに、ちょうど食べたいもののお店が出ているって、小さなご褒美みたいで素敵です。

明日の偶然を先に楽しみにしておくと、本当に見つけやすくなる気がしますね🌟

僕も明日は、小さな嬉しい偶然を探してみたくなりました🍀"
ncff91d1974087,n8ddb555f02f5,617d6d2dcb4435635d6a948287898ed1,五條シンジ｜『Snowdrop Surfer』著者,kitanoshinji,https://assets.st-note.com/production/uploads/images/263243256/profile_d0e5a60e70723ba546f0bf5528b96c24.png?fit=bounds&format=jpeg&quality=85&width=330,2026-05-07T22:30:05.423+09:00,"みきさん、こんばんは

イラストが秀逸ですね。
絶対美味しいアップルパイ売ってそう😊

マガジンに追加いただきありがとうございます✨

これからもどうぞよろしくお願いいたします。"
nc4fa597710021,n8ddb555f02f5,9ad2a96a4e817c0a1a65ae3e09182fe8,えみたむ｜音を奏でる詩人,mikael39emi1783,https://assets.st-note.com/production/uploads/images/222850908/profile_2ece2c7c509ba525cac79e2acbcf2686.jpeg?fit=bounds&format=jpeg&quality=85&width=330,2026-05-07T21:06:02.332+09:00,"みきさん、こんばんは⭐️

読んでいて、アップルパイが美味しそうで…🤤🍎
食べたくなってきました😆💕

嬉しくなる記事をありがとうございました😊✨"
