note_key,magazine_key,first_seen_at
n038072f157c4,m4ea4ae23ba3f,2026-02-17T04:04:42+09:00
n038072f157c4,m54b2ccd56b12,2026-02-17T04:04:42+09:00
n038072f157c4,m5ca7834167a4,2026-02-17T04:04:42+09:00
n038072f157c4,mc6810aa41870,2026-02-17T04:04:42+09:00
n03d221951338,m5ca7834167a4,2025-11-23T19:33:57+09:00
n047641559fe8,m499406ebba23,2023-10-30T15:45:50+09:00
n074974b8ed0a,m5ca7834167a4,2026-01-13T20:25:02+09:00
n074974b8ed0a,mc6810aa41870,2026-01-13T20:25:02+09:00
n0786aba06d49,m3e65203d0f1f,2025-09-16T12:16:07+09:00
n0786aba06d49,m5ca7834167a4,2025-09-16T12:16:07+09:00
n07a7f96f0142,m5ca7834167a4,2026-01-18T18:47:50+09:00
n07a7f96f0142,m7f91517f98cc,2026-01-18T18:47:50+09:00
n07a7f96f0142,mc6810aa41870,2026-01-18T18:47:50+09:00
n07d77f11f9c6,m41ec40571d1b,2025-10-17T10:01:21+09:00
n07d77f11f9c6,m5ca7834167a4,2025-10-17T10:01:21+09:00
n07d77f11f9c6,m736e3ef5b478,2025-10-17T10:01:21+09:00
n0ab9618ecf38,m499406ebba23,2023-09-22T18:38:05+09:00
n0b2f5c3a0835,m016668fc27da,2026-03-24T07:29:07+09:00
n0b2f5c3a0835,m0a66c288c5f8,2026-03-24T07:29:07+09:00
n0b2f5c3a0835,m11881a67a893,2026-03-24T07:29:07+09:00
n0b2f5c3a0835,m18485b3d7e40,2026-03-24T07:29:07+09:00
n0b2f5c3a0835,m1fb06cd6a61d,2026-03-24T07:29:07+09:00
n0b2f5c3a0835,m2e9b901b1ba9,2026-03-24T07:29:07+09:00
n0b2f5c3a0835,m349b3be90eb0,2026-03-24T07:29:07+09:00
n0b2f5c3a0835,m3b898a691902,2026-03-24T07:29:07+09:00
n0b2f5c3a0835,m3e02f69f0d66,2026-03-24T07:29:07+09:00
n0b2f5c3a0835,m3ed4b0ea704e,2026-03-24T07:29:07+09:00
n0b2f5c3a0835,m53a3c3b5d431,2026-03-24T07:29:07+09:00
n0b2f5c3a0835,m54b2ccd56b12,2026-03-24T07:29:07+09:00
n0b2f5c3a0835,m5ca7834167a4,2026-03-24T07:29:07+09:00
n0b2f5c3a0835,m651aaa4e52a9,2026-03-24T07:29:07+09:00
n0b2f5c3a0835,m6c21ad4983da,2026-03-24T07:29:07+09:00
n0b2f5c3a0835,m731502c13283,2026-03-24T07:29:07+09:00
n0b2f5c3a0835,m7f91517f98cc,2026-03-24T07:29:07+09:00
n0b2f5c3a0835,m862869c2ff9e,2026-03-24T07:29:07+09:00
n0b2f5c3a0835,m8f01f205d92d,2026-03-24T07:29:07+09:00
n0b2f5c3a0835,ma5bd9f7c40cf,2026-03-24T07:29:07+09:00
n0b2f5c3a0835,mc6810aa41870,2026-03-24T07:29:07+09:00
n0b2f5c3a0835,md3a54e5874c6,2026-03-24T07:29:07+09:00
n0b2f5c3a0835,mdbf1f88c8d0d,2026-03-24T07:29:07+09:00
n0b2f5c3a0835,me60c5ffc62a7,2026-03-24T07:29:07+09:00
n0b2f5c3a0835,mefb73227c372,2026-03-24T07:29:07+09:00
n0b2f5c3a0835,mfc9d03c23504,2026-03-24T07:29:07+09:00
n0d21827f15bc,m41ec40571d1b,2021-08-06T03:22:50+09:00
n0d44856e36ef,m499406ebba23,2024-02-26T07:41:11+09:00
n0df2b1ce50ca,m3e65203d0f1f,2025-08-31T03:42:16+09:00
n102aaba26c9c,m499406ebba23,2023-09-14T19:51:40+09:00
n11680ff9d89e,m499406ebba23,2023-05-22T22:12:30+09:00
n12382ff96b48,m25517aff026a,2026-02-24T08:25:48+09:00
n12382ff96b48,m54b2ccd56b12,2026-02-24T08:25:48+09:00
n12382ff96b48,m5ca7834167a4,2026-02-24T08:25:48+09:00
n12382ff96b48,mc6810aa41870,2026-02-24T08:25:48+09:00
n14d3573506b1,m0a66c288c5f8,2026-03-20T04:21:12+09:00
n14d3573506b1,m18524d327943,2026-03-20T04:21:12+09:00
n14d3573506b1,m1fb06cd6a61d,2026-03-20T04:21:12+09:00
n14d3573506b1,m3c883a35e48e,2026-03-20T04:21:12+09:00
n14d3573506b1,m54b2ccd56b12,2026-03-20T04:21:12+09:00
n14d3573506b1,m5c9c88eb4983,2026-03-20T04:21:12+09:00
n14d3573506b1,m5ca7834167a4,2026-03-20T04:21:12+09:00
n14d3573506b1,m7afa428d1412,2026-03-20T04:21:12+09:00
n14d3573506b1,m7e72b0b37154,2026-03-20T04:21:12+09:00
n14d3573506b1,m838432dc41ff,2026-03-20T04:21:12+09:00
n14d3573506b1,mae9cb14095a9,2026-03-20T04:21:12+09:00
n14d3573506b1,mc6810aa41870,2026-03-20T04:21:12+09:00
n14d3573506b1,mda2fc403efa2,2026-03-20T04:21:12+09:00
n1512e8172a8e,m11881a67a893,2026-04-25T21:34:50+09:00
n1512e8172a8e,m18bbc62ac6eb,2026-04-26T15:02:31+09:00
n1512e8172a8e,m349b3be90eb0,2026-04-25T21:34:50+09:00
n1512e8172a8e,m46619b37427d,2026-04-26T21:36:35+09:00
n1512e8172a8e,m53a3c3b5d431,2026-04-25T21:34:50+09:00
n1512e8172a8e,m54b2ccd56b12,2026-04-25T21:34:50+09:00
n1512e8172a8e,m5ca7834167a4,2026-04-25T21:34:50+09:00
n1512e8172a8e,m5fa91e4af0ed,2026-04-27T15:23:39+09:00
n1512e8172a8e,m619b6000eeed,2026-04-25T21:34:50+09:00
n1512e8172a8e,m743c88e4a3b2,2026-04-25T21:34:50+09:00
n1512e8172a8e,m7bbbda705d0b,2026-04-27T01:48:11+09:00
n1512e8172a8e,m862869c2ff9e,2026-04-25T21:34:50+09:00
n1512e8172a8e,mc6810aa41870,2026-04-25T21:34:50+09:00
n1512e8172a8e,mdbf1f88c8d0d,2026-04-25T21:34:50+09:00
n1512e8172a8e,mefb73227c372,2026-04-25T21:34:50+09:00
n1b588dca0a6c,m499406ebba23,2023-09-18T19:53:47+09:00
n1c23a8d3849e,m1ba7ca857292,2023-02-28T20:46:27+09:00
n1c23a8d3849e,m499406ebba23,2023-02-28T20:46:27+09:00
n1c23a8d3849e,m6dcc3d214371,2023-02-28T20:46:27+09:00
n1ce623ae3e3a,m499406ebba23,2023-06-08T20:33:53+09:00
n1e05218d7967,m5ca7834167a4,2025-10-16T00:15:10+09:00
n203810e32fb8,m3e65203d0f1f,2025-09-10T01:42:23+09:00
n203810e32fb8,m5ca7834167a4,2025-09-10T01:42:23+09:00
n207b9d8f40dd,m0a66c288c5f8,2026-03-22T19:37:24+09:00
n207b9d8f40dd,m18bbc62ac6eb,2026-03-22T19:37:24+09:00
n207b9d8f40dd,m1fb06cd6a61d,2026-03-22T19:37:24+09:00
n207b9d8f40dd,m2e9b901b1ba9,2026-03-22T19:37:24+09:00
n207b9d8f40dd,m54b2ccd56b12,2026-03-22T19:37:24+09:00
n207b9d8f40dd,m5c9c88eb4983,2026-03-22T19:37:24+09:00
n207b9d8f40dd,m5ca7834167a4,2026-03-22T19:37:24+09:00
n207b9d8f40dd,m619b6000eeed,2026-03-22T19:37:24+09:00
n207b9d8f40dd,m651aaa4e52a9,2026-03-22T19:37:24+09:00
n207b9d8f40dd,m8b207cd2e53a,2026-03-22T19:37:24+09:00
n207b9d8f40dd,ma5bd9f7c40cf,2026-03-22T19:37:24+09:00
n207b9d8f40dd,mc6810aa41870,2026-03-22T19:37:24+09:00
n207b9d8f40dd,md8cad81235f8,2026-03-22T19:37:24+09:00
n207b9d8f40dd,mfc9d03c23504,2026-03-22T19:37:24+09:00
n20d2dd2d36a9,m41ec40571d1b,2025-10-04T07:31:21+09:00
n20d2dd2d36a9,m5ca7834167a4,2025-10-04T07:31:21+09:00
n21b48bf8648d,m3e65203d0f1f,2025-08-31T21:51:28+09:00
n21d415b7d225,m3e65203d0f1f,2025-09-29T23:26:47+09:00
n21d415b7d225,m5ca7834167a4,2025-09-29T23:26:47+09:00
n227006df41f5,m3e65203d0f1f,2025-08-21T15:17:34+09:00
n229bb729240d,m0921d4d120a8,2026-04-11T15:23:54+09:00
n229bb729240d,m11881a67a893,2026-04-11T15:23:54+09:00
n229bb729240d,m16384598a49a,2026-04-11T15:23:54+09:00
n229bb729240d,m18bbc62ac6eb,2026-04-11T15:23:54+09:00
n229bb729240d,m2e9b901b1ba9,2026-04-11T15:23:54+09:00
n229bb729240d,m349b3be90eb0,2026-04-11T15:23:54+09:00
n229bb729240d,m3b898a691902,2026-04-11T15:23:54+09:00
n229bb729240d,m3ed4b0ea704e,2026-04-11T15:23:54+09:00
n229bb729240d,m53a3c3b5d431,2026-04-11T15:23:54+09:00
n229bb729240d,m5e73b64286c2,2026-04-11T15:23:54+09:00
n229bb729240d,m662b3185f860,2026-04-11T15:23:54+09:00
n229bb729240d,m6c21ad4983da,2026-04-11T15:23:54+09:00
n229bb729240d,m6d3400fb7014,2026-04-11T15:23:54+09:00
n229bb729240d,m731502c13283,2026-04-11T15:23:54+09:00
n229bb729240d,m7dfb2f05ab33,2026-04-11T15:23:54+09:00
n229bb729240d,m7e72b0b37154,2026-04-11T15:23:54+09:00
n229bb729240d,m82991598c83f,2026-04-20T05:31:03+09:00
n229bb729240d,m862869c2ff9e,2026-04-11T15:23:54+09:00
n229bb729240d,mab90d1c291f6,2026-04-11T15:23:54+09:00
n229bb729240d,mdbf1f88c8d0d,2026-04-11T15:23:54+09:00
n229bb729240d,me50627303786,2026-04-11T15:23:54+09:00
n229bb729240d,mefb73227c372,2026-04-11T15:23:54+09:00
n229bb729240d,mf2abfea66ec7,2026-04-11T15:23:54+09:00
n229bb729240d,mfc9d03c23504,2026-04-11T15:23:54+09:00
n246fecfaac80,m54b2ccd56b12,2026-01-24T01:57:07+09:00
n246fecfaac80,m5ca7834167a4,2026-01-24T01:57:07+09:00
n246fecfaac80,mc6810aa41870,2026-01-24T01:57:07+09:00
n26513367cc19,m499406ebba23,2023-04-09T22:00:05+09:00
n2703817916c9,m499406ebba23,2023-10-04T20:14:13+09:00
n2703817916c9,mbd13f505a5c3,2023-10-04T20:14:13+09:00
n29a14acc6304,m3e65203d0f1f,2025-07-13T07:23:31+09:00
n2dfd7c177100,me99a204a388f,2025-12-25T06:49:14+09:00
n2e858fd12cc6,m2e9b901b1ba9,2026-03-01T09:58:57+09:00
n2e858fd12cc6,m54b2ccd56b12,2026-03-01T09:58:57+09:00
n2e858fd12cc6,m5ca7834167a4,2026-03-01T09:58:57+09:00
n2e858fd12cc6,m743c88e4a3b2,2026-03-01T09:58:57+09:00
n2e858fd12cc6,mc6810aa41870,2026-03-01T09:58:57+09:00
n2e858fd12cc6,mfc9d03c23504,2026-03-01T09:58:57+09:00
n301d15fc7220,m0cd44e79ff42,2021-08-03T02:55:37+09:00
n30f53fed327c,m5ca7834167a4,2026-01-16T00:03:50+09:00
n30f53fed327c,m7f91517f98cc,2026-01-16T00:03:50+09:00
n30f53fed327c,mc6810aa41870,2026-01-16T00:03:50+09:00
n31c9fcd69cdc,m7f91517f98cc,2025-11-16T23:58:27+09:00
n31d75db9511c,m18bbc62ac6eb,2026-04-25T10:18:20+09:00
n31d75db9511c,m5ca7834167a4,2026-04-25T05:40:32+09:00
n31d75db9511c,m5fa91e4af0ed,2026-04-26T01:45:26+09:00
n31d75db9511c,m619b6000eeed,2026-04-25T21:34:50+09:00
n31d75db9511c,m743c88e4a3b2,2026-04-25T05:40:32+09:00
n31d75db9511c,mc6810aa41870,2026-04-25T05:40:32+09:00
n34fc29638650,m5ca7834167a4,2025-11-02T01:15:59+09:00
n34fc29638650,m7f91517f98cc,2025-11-02T01:15:59+09:00
n362759f9062d,m499406ebba23,2023-04-14T13:41:42+09:00
n38c89e081640,m1fb06cd6a61d,2026-04-01T06:24:51+09:00
n38c89e081640,m2e9b901b1ba9,2026-04-01T06:24:51+09:00
n38c89e081640,m54b2ccd56b12,2026-04-01T06:24:51+09:00
n38c89e081640,m5ca7834167a4,2026-04-01T06:24:51+09:00
n38c89e081640,m743c88e4a3b2,2026-04-01T06:24:51+09:00
n38c89e081640,m7e72b0b37154,2026-04-01T06:24:51+09:00
n38c89e081640,m8b207cd2e53a,2026-04-01T06:24:51+09:00
n38c89e081640,mc6810aa41870,2026-04-01T06:24:51+09:00
n38c89e081640,mfc9d03c23504,2026-04-01T06:24:51+09:00
n38f2f7d9572e,m499406ebba23,2023-10-16T19:12:38+09:00
n3bb6e5f1b2dc,m0cd44e79ff42,2021-07-29T22:59:16+09:00
n3e4b3be2dc37,m5ca7834167a4,2026-01-01T00:47:40+09:00
n3e4b3be2dc37,mc556789ecbaa,2026-01-01T00:47:40+09:00
n3fb68d02e706,m3e65203d0f1f,2025-09-02T00:56:55+09:00
n4182011e19bc,m05ad8b468544,2026-02-16T04:00:08+09:00
n4182011e19bc,m2e9b901b1ba9,2026-02-16T04:00:08+09:00
n4182011e19bc,m5ca7834167a4,2026-02-16T04:00:08+09:00
n4182011e19bc,mc6810aa41870,2026-02-16T04:00:08+09:00
n4182011e19bc,mfc9d03c23504,2026-02-16T04:00:08+09:00
n429e07817631,m1ba7ca857292,2023-09-13T04:36:39+09:00
n429e07817631,m499406ebba23,2023-09-13T04:36:39+09:00
n429e07817631,m6dcc3d214371,2023-09-13T04:36:39+09:00
n42c57835799a,m5ca7834167a4,2025-11-09T13:00:52+09:00
n437188b8d3c1,m499406ebba23,2023-11-05T09:18:15+09:00
n43d7c34ad897,m1fb06cd6a61d,2026-03-29T11:02:22+09:00
n43d7c34ad897,m2e9b901b1ba9,2026-03-29T11:02:22+09:00
n43d7c34ad897,m54b2ccd56b12,2026-03-29T11:02:22+09:00
n43d7c34ad897,m5ca7834167a4,2026-03-29T11:02:22+09:00
n43d7c34ad897,m6d3400fb7014,2026-03-29T11:02:22+09:00
n43d7c34ad897,m743c88e4a3b2,2026-03-29T11:02:22+09:00
n43d7c34ad897,m8b207cd2e53a,2026-03-29T11:02:22+09:00
n43d7c34ad897,mb927d0339dd7,2026-03-29T11:02:22+09:00
n43d7c34ad897,mc6810aa41870,2026-03-29T11:02:22+09:00
n43d7c34ad897,mfc9d03c23504,2026-03-29T11:02:22+09:00
n44479216bade,m1c85d4931804,2026-03-07T20:32:50+09:00
n44479216bade,m2c16da692a12,2026-03-07T20:32:50+09:00
n44479216bade,m2e9b901b1ba9,2026-03-07T20:32:50+09:00
n44479216bade,m3c883a35e48e,2026-03-07T20:32:50+09:00
n44479216bade,m54b2ccd56b12,2026-03-07T20:32:50+09:00
n44479216bade,m5ca7834167a4,2026-03-07T20:32:50+09:00
n44479216bade,m7f91517f98cc,2026-03-07T20:32:50+09:00
n44479216bade,madc00ad1034d,2026-03-07T20:32:50+09:00
n44479216bade,mc6810aa41870,2026-03-07T20:32:50+09:00
n44479216bade,mfc9d03c23504,2026-03-07T20:32:50+09:00
n45942a40fe52,m3e65203d0f1f,2025-09-04T02:31:10+09:00
n45df864f52cb,m5ca7834167a4,2026-01-20T22:04:37+09:00
n45df864f52cb,mc6810aa41870,2026-01-20T22:04:37+09:00
n4743aced9ff0,m5ca7834167a4,2025-10-29T00:19:55+09:00
n47ed6abd99b8,m3e65203d0f1f,2025-07-17T00:59:57+09:00
n4976507c57c2,m5ca7834167a4,2025-11-27T20:08:15+09:00
n498d3b1e04e6,mf88ffaad3645,2024-11-24T15:31:09+09:00
n4aecaf01ee32,m1fb06cd6a61d,2026-04-02T23:15:54+09:00
n4aecaf01ee32,m2e9b901b1ba9,2026-04-02T23:15:54+09:00
n4aecaf01ee32,m54b2ccd56b12,2026-04-02T23:15:54+09:00
n4aecaf01ee32,m5ca7834167a4,2026-04-02T23:15:54+09:00
n4aecaf01ee32,m743c88e4a3b2,2026-04-02T23:15:54+09:00
n4aecaf01ee32,mc6810aa41870,2026-04-02T23:15:54+09:00
n4aecaf01ee32,mfc9d03c23504,2026-04-02T23:15:54+09:00
n4d9f2a9b81f2,m5ca7834167a4,2025-10-23T03:12:08+09:00
n4e481c72df7a,m499406ebba23,2023-05-02T20:21:00+09:00
n52d3f9dc87a2,m5ca7834167a4,2025-12-28T05:22:34+09:00
n52d3f9dc87a2,me99a204a388f,2025-12-28T05:22:34+09:00
n52e24e69e6de,m3e65203d0f1f,2025-09-28T10:13:26+09:00
n52e24e69e6de,m5ca7834167a4,2025-09-28T10:13:26+09:00
n5313e860a427,m0e17dade4d38,2025-10-11T18:11:55+09:00
n5313e860a427,m41ec40571d1b,2025-10-11T18:11:55+09:00
n5313e860a427,m5ca7834167a4,2025-10-11T18:11:55+09:00
n5313e860a427,m5ed0169b8a39,2025-10-11T18:11:55+09:00
n5313e860a427,m64c5f77d3e60,2025-10-11T18:11:55+09:00
n53e0e665094d,m3e65203d0f1f,2025-08-23T16:49:44+09:00
n55fd1c5875aa,m1ba7ca857292,2023-04-21T11:43:10+09:00
n55fd1c5875aa,m499406ebba23,2023-04-21T11:43:10+09:00
n55fd1c5875aa,m6dcc3d214371,2023-04-21T11:43:10+09:00
n56d6d2b1bc61,m3e65203d0f1f,2025-07-07T02:09:06+09:00
n5a4e80b0ec96,m54b2ccd56b12,2026-01-30T01:18:46+09:00
n5a4e80b0ec96,m5ca7834167a4,2026-01-30T01:18:46+09:00
n5a4e80b0ec96,mc3b092076119,2026-01-30T01:18:46+09:00
n5a4e80b0ec96,mc6810aa41870,2026-01-30T01:18:46+09:00
n5b74bb9acec5,m5ca7834167a4,2026-01-05T22:35:15+09:00
n5b74bb9acec5,m7f91517f98cc,2026-01-05T22:35:15+09:00
n5b74bb9acec5,mc6810aa41870,2026-01-05T22:35:15+09:00
n5be17a12378d,m41ec40571d1b,2025-10-04T16:22:23+09:00
n5be17a12378d,m5ca7834167a4,2025-10-04T16:22:23+09:00
n5c0be726ed21,m41ec40571d1b,2025-10-13T01:54:33+09:00
n5c0be726ed21,m5ca7834167a4,2025-10-13T01:54:33+09:00
n5ca4f1a7ed69,m0e17dade4d38,2025-10-06T02:41:38+09:00
n5ca4f1a7ed69,m41ec40571d1b,2025-10-06T02:41:38+09:00
n5ca4f1a7ed69,m5ca7834167a4,2025-10-06T02:41:38+09:00
n5ca4f1a7ed69,m8e0fcdef14bd,2025-10-06T02:41:38+09:00
n6167ca01742e,m0cd44e79ff42,2023-09-29T13:53:30+09:00
n62208626d161,m1fb06cd6a61d,2026-03-27T07:52:25+09:00
n62208626d161,m2e9b901b1ba9,2026-03-27T07:52:25+09:00
n62208626d161,m54b2ccd56b12,2026-03-27T07:52:25+09:00
n62208626d161,m5ca7834167a4,2026-03-27T07:52:25+09:00
n62208626d161,m743c88e4a3b2,2026-03-27T07:52:25+09:00
n62208626d161,m838432dc41ff,2026-03-27T07:52:25+09:00
n62208626d161,m8b207cd2e53a,2026-03-27T07:52:25+09:00
n62208626d161,mc6810aa41870,2026-03-27T07:52:25+09:00
n62208626d161,mde4c96ef2f7a,2026-03-27T07:52:25+09:00
n62208626d161,mfc9d03c23504,2026-03-27T07:52:25+09:00
n622a4e2d03fc,m5ca7834167a4,2025-10-19T22:15:56+09:00
n6302ee367527,m5ca7834167a4,2026-03-02T22:30:12+09:00
n6302ee367527,mc6810aa41870,2026-03-02T22:30:12+09:00
n63bb50a8ca86,m5ca7834167a4,2026-01-02T00:00:17+09:00
n63bb50a8ca86,mc6810aa41870,2026-01-02T00:00:17+09:00
n64a979bb3637,m54b2ccd56b12,2026-02-23T11:57:24+09:00
n64a979bb3637,m5ca7834167a4,2026-02-23T11:57:24+09:00
n64a979bb3637,mc6810aa41870,2026-02-23T11:57:24+09:00
n6520cf275443,m163dc37f6ff3,2026-04-03T11:27:13+09:00
n6520cf275443,m1fb06cd6a61d,2026-04-03T11:27:13+09:00
n6520cf275443,m2e9b901b1ba9,2026-04-03T11:27:13+09:00
n6520cf275443,m54b2ccd56b12,2026-04-03T11:27:13+09:00
n6520cf275443,m5ca7834167a4,2026-04-03T11:27:13+09:00
n6520cf275443,m743c88e4a3b2,2026-04-03T11:27:13+09:00
n6520cf275443,mc6810aa41870,2026-04-03T11:27:13+09:00
n6520cf275443,me50627303786,2026-04-03T11:27:13+09:00
n6520cf275443,mfc9d03c23504,2026-04-03T11:27:13+09:00
n662b75d6ff4e,m5ca7834167a4,2025-09-25T05:00:13+09:00
n6863e7845928,m3e65203d0f1f,2025-09-08T22:47:08+09:00
n6cc11b998cce,m5ca7834167a4,2025-12-27T07:34:13+09:00
n6cc11b998cce,mc556789ecbaa,2025-12-27T07:34:13+09:00
n6d889da20d12,m3e65203d0f1f,2025-09-22T06:45:34+09:00
n6d889da20d12,m5ca7834167a4,2025-09-22T06:45:34+09:00
n6df4df29ab02,m5ca7834167a4,2025-10-03T00:12:10+09:00
n6f771ed4621e,m0921d4d120a8,2026-04-13T07:31:30+09:00
n6f771ed4621e,m0cd44e79ff42,2026-04-13T07:31:30+09:00
n6f771ed4621e,m11881a67a893,2026-04-13T07:31:30+09:00
n6f771ed4621e,m16384598a49a,2026-04-13T07:31:30+09:00
n6f771ed4621e,m2e9b901b1ba9,2026-04-13T07:31:30+09:00
n6f771ed4621e,m349b3be90eb0,2026-04-13T07:31:30+09:00
n6f771ed4621e,m3b898a691902,2026-04-13T07:31:30+09:00
n6f771ed4621e,m3ed4b0ea704e,2026-04-13T07:31:30+09:00
n6f771ed4621e,m53a3c3b5d431,2026-04-13T07:31:30+09:00
n6f771ed4621e,m54b2ccd56b12,2026-04-13T07:31:30+09:00
n6f771ed4621e,m5e73b64286c2,2026-04-13T07:31:30+09:00
n6f771ed4621e,m6463046852a4,2026-04-21T10:22:15+09:00
n6f771ed4621e,m662b3185f860,2026-04-13T07:31:30+09:00
n6f771ed4621e,m6c21ad4983da,2026-04-13T07:31:30+09:00
n6f771ed4621e,m6d3400fb7014,2026-04-13T07:31:30+09:00
n6f771ed4621e,m71ef129eba08,2026-04-13T07:31:30+09:00
n6f771ed4621e,m743c88e4a3b2,2026-04-13T07:31:30+09:00
n6f771ed4621e,m7dfb2f05ab33,2026-04-13T07:31:30+09:00
n6f771ed4621e,m7e72b0b37154,2026-04-13T07:31:30+09:00
n6f771ed4621e,m862869c2ff9e,2026-04-13T07:31:30+09:00
n6f771ed4621e,m8f01f205d92d,2026-04-13T07:31:30+09:00
n6f771ed4621e,mc6810aa41870,2026-04-13T07:31:30+09:00
n6f771ed4621e,mc6c13443e264,2026-04-13T07:31:30+09:00
n6f771ed4621e,md3a54e5874c6,2026-04-13T07:31:30+09:00
n6f771ed4621e,mdbf1f88c8d0d,2026-04-13T07:31:30+09:00
n6f771ed4621e,mde4c96ef2f7a,2026-04-13T07:31:30+09:00
n6f771ed4621e,me50627303786,2026-04-13T07:31:30+09:00
n6f771ed4621e,me60c5ffc62a7,2026-04-13T07:31:30+09:00
n6f771ed4621e,mefb73227c372,2026-04-13T07:31:30+09:00
n6f771ed4621e,mf2abfea66ec7,2026-04-13T07:31:30+09:00
n6f771ed4621e,mfc9d03c23504,2026-04-13T07:31:30+09:00
n6fb0b368e367,m0cd44e79ff42,2026-04-16T21:46:09+09:00
n6fb0b368e367,m11881a67a893,2026-04-16T21:46:09+09:00
n6fb0b368e367,m16384598a49a,2026-04-16T21:46:09+09:00
n6fb0b368e367,m54b2ccd56b12,2026-04-16T21:46:09+09:00
n6fb0b368e367,m6463046852a4,2026-04-21T21:54:40+09:00
n6fb0b368e367,m7fde03025558,2026-04-16T21:46:09+09:00
n6fb0b368e367,mc6810aa41870,2026-04-16T21:46:09+09:00
n6fb0b368e367,mdbf1f88c8d0d,2026-04-16T21:46:09+09:00
n6fb0b368e367,me50627303786,2026-04-16T21:46:09+09:00
n70fdadf98e58,m5ca7834167a4,2026-02-28T18:00:01+09:00
n70fdadf98e58,mc6810aa41870,2026-02-28T18:00:01+09:00
n7127348f08d4,m54b2ccd56b12,2026-01-25T02:30:15+09:00
n7127348f08d4,m7f91517f98cc,2026-01-25T02:30:15+09:00
n7127348f08d4,mc3b092076119,2026-01-25T02:30:15+09:00
n7300d823d69a,m3e65203d0f1f,2025-08-16T14:53:41+09:00
n745729a46176,m3e65203d0f1f,2025-09-27T10:44:41+09:00
n745729a46176,m5ca7834167a4,2025-09-27T10:44:41+09:00
n75910b6a32f2,m5ca7834167a4,2026-01-04T22:47:54+09:00
n75910b6a32f2,mc085f157d924,2026-01-04T22:47:54+09:00
n75910b6a32f2,mc6810aa41870,2026-01-04T22:47:54+09:00
n75e89b9414e9,m5ca7834167a4,2025-10-18T18:43:16+09:00
n7670acd8aaa6,m11881a67a893,2026-04-28T10:47:56+09:00
n7670acd8aaa6,m1fb06cd6a61d,2026-04-05T07:00:43+09:00
n7670acd8aaa6,m2e9b901b1ba9,2026-04-05T07:00:43+09:00
n7670acd8aaa6,m349b3be90eb0,2026-04-28T10:47:56+09:00
n7670acd8aaa6,m3c883a35e48e,2026-04-05T07:00:43+09:00
n7670acd8aaa6,m53a3c3b5d431,2026-04-28T10:47:56+09:00
n7670acd8aaa6,m54b2ccd56b12,2026-04-05T07:00:43+09:00
n7670acd8aaa6,m5ca7834167a4,2026-04-05T07:00:43+09:00
n7670acd8aaa6,m5fa91e4af0ed,2026-04-23T15:00:44+09:00
n7670acd8aaa6,m619b6000eeed,2026-04-19T05:30:18+09:00
n7670acd8aaa6,m7e72b0b37154,2026-04-05T07:00:43+09:00
n7670acd8aaa6,m7f91517f98cc,2026-04-05T07:00:43+09:00
n7670acd8aaa6,m862869c2ff9e,2026-04-28T10:47:56+09:00
n7670acd8aaa6,m8f01f205d92d,2026-04-28T10:47:56+09:00
n7670acd8aaa6,mc6810aa41870,2026-04-05T07:00:43+09:00
n7670acd8aaa6,md3a54e5874c6,2026-04-28T10:47:56+09:00
n7670acd8aaa6,mdbf1f88c8d0d,2026-04-28T10:47:56+09:00
n7670acd8aaa6,me50627303786,2026-04-22T18:24:56+09:00
n7670acd8aaa6,me60c5ffc62a7,2026-04-28T10:47:56+09:00
n7670acd8aaa6,mefb73227c372,2026-04-28T10:47:56+09:00
n7670acd8aaa6,mfc9d03c23504,2026-04-05T07:00:43+09:00
n77f4659e875b,m7f91517f98cc,2025-12-17T05:52:29+09:00
n77f4659e875b,mc085f157d924,2025-12-17T05:52:29+09:00
n77f4659e875b,mc556789ecbaa,2025-12-17T05:52:29+09:00
n77f4659e875b,mdef646c48191,2025-12-17T05:52:29+09:00
n784e8a5e8118,m5ca7834167a4,2025-12-08T03:34:52+09:00
n784e8a5e8118,mc3b092076119,2025-12-08T03:34:52+09:00
n784e8a5e8118,mc556789ecbaa,2025-12-08T03:34:52+09:00
n784e8a5e8118,mdef646c48191,2025-12-08T03:34:52+09:00
n784e8a5e8118,mfe72cb9b0701,2025-12-08T03:34:52+09:00
n7b2adc832d74,m5ca7834167a4,2026-02-21T22:46:17+09:00
n7b2adc832d74,mc6810aa41870,2026-02-21T22:46:17+09:00
n7d2263fa2ec4,m1ba7ca857292,2023-03-01T21:03:25+09:00
n7d2263fa2ec4,m499406ebba23,2023-03-01T21:03:25+09:00
n7d2263fa2ec4,m6dcc3d214371,2023-03-01T21:03:25+09:00
n7df435368c98,m499406ebba23,2023-06-18T05:42:53+09:00
n7e0550e53315,m54b2ccd56b12,2026-02-08T16:33:03+09:00
n7e0550e53315,m5ca7834167a4,2026-02-08T16:33:03+09:00
n7e0550e53315,m7f91517f98cc,2026-02-08T16:33:03+09:00
n7e0550e53315,m96728bd6b208,2026-02-08T16:33:03+09:00
n7e0550e53315,mc6810aa41870,2026-02-08T16:33:03+09:00
n7e5e41ac7f6c,m5ca7834167a4,2026-03-06T02:58:14+09:00
n7e5e41ac7f6c,m7f91517f98cc,2026-03-06T02:58:14+09:00
n7e5e41ac7f6c,mc6810aa41870,2026-03-06T02:58:14+09:00
n810d68039337,m3e65203d0f1f,2025-08-10T18:44:53+09:00
n83a56028ed43,m5ca7834167a4,2025-12-30T02:10:16+09:00
n85722b08cdd8,me99a204a388f,2025-12-25T03:30:55+09:00
n86e24fb57b39,m2e9b901b1ba9,2026-01-10T11:19:24+09:00
n86e24fb57b39,m5ca7834167a4,2026-01-10T11:19:24+09:00
n86e24fb57b39,m7f91517f98cc,2026-01-10T11:19:24+09:00
n86e24fb57b39,m9f5ce5ead0bd,2026-01-10T11:19:24+09:00
n86e24fb57b39,mc6810aa41870,2026-01-10T11:19:24+09:00
n86e24fb57b39,mfc9d03c23504,2026-01-10T11:19:24+09:00
n870661aa40f6,m5ca7834167a4,2025-11-04T02:04:01+09:00
n870661aa40f6,m7f91517f98cc,2025-11-04T02:04:01+09:00
n8881de6720a2,m0cd44e79ff42,2021-07-27T18:05:14+09:00
n8881de6720a2,m651aaa4e52a9,2021-07-27T18:05:14+09:00
n8881de6720a2,ma5bd9f7c40cf,2021-07-27T18:05:14+09:00
n8b7be0c5ba77,m3e65203d0f1f,2025-09-07T16:05:28+09:00
n8e59a7661319,m54b2ccd56b12,2026-01-28T00:12:54+09:00
n8e59a7661319,m5ca7834167a4,2026-01-28T00:12:54+09:00
n8e59a7661319,m7f91517f98cc,2026-01-28T00:12:54+09:00
n8e59a7661319,mc6810aa41870,2026-01-28T00:12:54+09:00
n8ebb1469d563,m41ec40571d1b,2021-08-06T09:05:02+09:00
n8ef8612f0377,m5ca7834167a4,2026-01-05T09:31:23+09:00
n8ef8612f0377,m7f91517f98cc,2026-01-05T09:31:23+09:00
n8ef8612f0377,mc6810aa41870,2026-01-05T09:31:23+09:00
n8ef8612f0377,me99a204a388f,2026-01-05T09:31:23+09:00
n90cdb651f64f,m3e65203d0f1f,2025-09-11T22:58:59+09:00
n90cdb651f64f,m499406ebba23,2025-09-11T22:58:59+09:00
n90cdb651f64f,m5ca7834167a4,2025-09-11T22:58:59+09:00
n936e8f41c769,m5ca7834167a4,2025-11-29T20:40:19+09:00
n936e8f41c769,m5ed0169b8a39,2025-11-29T20:40:19+09:00
n936e8f41c769,m6295830f903e,2025-11-29T20:40:19+09:00
n937f8aa4f98e,me99a204a388f,2025-12-25T08:15:03+09:00
n94a734292e50,me99a204a388f,2025-12-26T06:41:18+09:00
n965f04bf2210,m1ba7ca857292,2023-10-01T17:46:18+09:00
n965f04bf2210,m499406ebba23,2023-10-01T17:46:18+09:00
n965f04bf2210,m6dcc3d214371,2023-10-01T17:46:18+09:00
n978d1566c7ab,m5ca7834167a4,2026-01-21T23:57:41+09:00
n978d1566c7ab,mc6810aa41870,2026-01-21T23:57:41+09:00
n98c35dc70a21,m41ec40571d1b,2025-10-05T20:25:30+09:00
n98c35dc70a21,m5ca7834167a4,2025-10-05T20:25:30+09:00
n99bc7dbc27fa,m736e3ef5b478,2021-08-04T09:15:08+09:00
n9b27cc80aba7,m41ec40571d1b,2025-10-15T09:15:32+09:00
n9b27cc80aba7,m5ca7834167a4,2025-10-15T09:15:32+09:00
n9befea044707,m499406ebba23,2023-10-02T09:53:25+09:00
n9cf5e9a6d800,m5ca7834167a4,2025-12-20T02:18:48+09:00
n9cf5e9a6d800,mc085f157d924,2025-12-20T02:18:48+09:00
n9cf5e9a6d800,mc3b092076119,2025-12-20T02:18:48+09:00
n9cf5e9a6d800,mc556789ecbaa,2025-12-20T02:18:48+09:00
n9cf5e9a6d800,mdef646c48191,2025-12-20T02:18:48+09:00
n9e35d4c73adb,m5ca7834167a4,2025-11-13T02:32:14+09:00
n9e574b42844e,m54b2ccd56b12,2026-02-10T02:18:53+09:00
n9e574b42844e,m5ca7834167a4,2026-02-10T02:18:53+09:00
n9e574b42844e,m96728bd6b208,2026-02-10T02:18:53+09:00
n9e574b42844e,mc6810aa41870,2026-02-10T02:18:53+09:00
n9f2ca258ffd5,m499406ebba23,2023-06-04T06:56:47+09:00
n9f9169fb43e3,m05ad8b468544,2026-03-15T06:00:34+09:00
n9f9169fb43e3,m2e9b901b1ba9,2026-03-15T06:00:34+09:00
n9f9169fb43e3,m3c883a35e48e,2026-03-15T06:00:34+09:00
n9f9169fb43e3,m4adec1ecfc8b,2026-03-15T06:00:34+09:00
n9f9169fb43e3,m54b2ccd56b12,2026-03-15T06:00:34+09:00
n9f9169fb43e3,m5ca7834167a4,2026-03-15T06:00:34+09:00
n9f9169fb43e3,m651aaa4e52a9,2026-03-15T06:00:34+09:00
n9f9169fb43e3,m743c88e4a3b2,2026-03-15T06:00:34+09:00
n9f9169fb43e3,ma5bd9f7c40cf,2026-03-15T06:00:34+09:00
n9f9169fb43e3,mc6810aa41870,2026-03-15T06:00:34+09:00
n9f9169fb43e3,mfc9d03c23504,2026-03-15T06:00:34+09:00
na0899e036c5a,m499406ebba23,2024-02-01T19:04:09+09:00
na166e99ce89d,m5ca7834167a4,2026-01-12T20:19:45+09:00
na166e99ce89d,mc6810aa41870,2026-01-12T20:19:45+09:00
na25cb972e227,m5ca7834167a4,2025-12-21T04:01:01+09:00
na25cb972e227,m7f91517f98cc,2025-12-21T04:01:01+09:00
na25cb972e227,mc085f157d924,2025-12-21T04:01:01+09:00
na9b2b38fdb9e,m0fd954c8df34,2026-01-17T05:14:14+09:00
na9b2b38fdb9e,m5ca7834167a4,2026-01-17T05:14:14+09:00
na9b2b38fdb9e,m7f91517f98cc,2026-01-17T05:14:14+09:00
na9b2b38fdb9e,mc3b092076119,2026-01-17T05:14:14+09:00
na9b2b38fdb9e,mc6810aa41870,2026-01-17T05:14:14+09:00
nab62873d6f9b,m1ba7ca857292,2023-09-26T16:44:58+09:00
nab62873d6f9b,m499406ebba23,2023-09-26T16:44:58+09:00
nab62873d6f9b,m6dcc3d214371,2023-09-26T16:44:58+09:00
nb0a42ba561ff,m2e9b901b1ba9,2026-04-28T10:47:56+09:00
nb0a42ba561ff,m30dbf61cf194,2026-04-28T02:25:22+09:00
nb0a42ba561ff,m54b2ccd56b12,2026-04-28T05:56:39+09:00
nb0a42ba561ff,m5ca7834167a4,2026-04-28T02:25:22+09:00
nb0a42ba561ff,m79677b03ac7a,2026-04-28T02:25:22+09:00
nb0a42ba561ff,m7f91517f98cc,2026-04-28T02:25:22+09:00
nb0a42ba561ff,mc6810aa41870,2026-04-28T02:25:22+09:00
nb0a42ba561ff,md8cad81235f8,2026-04-28T02:25:22+09:00
nb0a42ba561ff,mfc9d03c23504,2026-04-28T10:47:56+09:00
nb251ee8e5ec7,m3e65203d0f1f,2025-08-23T04:38:50+09:00
nb421ef53df38,m3e65203d0f1f,2025-09-09T06:36:27+09:00
nb421ef53df38,m5ca7834167a4,2025-09-09T06:36:27+09:00
nb493abbe2299,m499406ebba23,2023-03-18T13:18:32+09:00
nb6e690b59ddb,m18bbc62ac6eb,2026-04-08T14:59:27+09:00
nb6e690b59ddb,m2e9b901b1ba9,2026-04-08T14:59:27+09:00
nb6e690b59ddb,m30dbf61cf194,2026-04-08T14:59:27+09:00
nb6e690b59ddb,m48b884abb9d9,2026-04-08T14:59:27+09:00
nb6e690b59ddb,m54b2ccd56b12,2026-04-08T14:59:27+09:00
nb6e690b59ddb,m5ca7834167a4,2026-04-08T14:59:27+09:00
nb6e690b59ddb,m743c88e4a3b2,2026-04-08T14:59:27+09:00
nb6e690b59ddb,m79677b03ac7a,2026-04-08T14:59:27+09:00
nb6e690b59ddb,m7e72b0b37154,2026-04-19T17:58:39+09:00
nb6e690b59ddb,m7f91517f98cc,2026-04-08T14:59:27+09:00
nb6e690b59ddb,mc6810aa41870,2026-04-08T14:59:27+09:00
nb6e690b59ddb,md8cad81235f8,2026-04-08T14:59:27+09:00
nb6e690b59ddb,mde4c96ef2f7a,2026-04-08T14:59:27+09:00
nb6e690b59ddb,me50627303786,2026-04-08T14:59:27+09:00
nb6e690b59ddb,mf5683f2684a4,2026-04-08T14:59:27+09:00
nb6e690b59ddb,mfc9d03c23504,2026-04-08T14:59:27+09:00
nb979484e0055,m3e65203d0f1f,2025-09-05T01:08:11+09:00
nbaa2d93dcdc0,m5ca7834167a4,2026-01-04T09:57:49+09:00
nbaa2d93dcdc0,me99a204a388f,2026-01-04T09:57:49+09:00
nc0a60e472148,m5ca7834167a4,2025-10-24T04:13:55+09:00
nc1f239827b71,m3e65203d0f1f,2025-09-06T02:20:38+09:00
nc3a26fe15b14,m5ca7834167a4,2026-02-04T12:14:03+09:00
nc3a26fe15b14,m7f91517f98cc,2026-02-04T12:14:03+09:00
nc3a26fe15b14,m96728bd6b208,2026-02-04T12:14:03+09:00
nc3a26fe15b14,mc6810aa41870,2026-02-04T12:14:03+09:00
nc51ea6319bc7,m499406ebba23,2023-05-29T23:08:48+09:00
nc66b8df09af4,m3e65203d0f1f,2025-09-23T01:41:21+09:00
nc66b8df09af4,m5ca7834167a4,2025-09-23T01:41:21+09:00
nc6d960fe8231,m5ca7834167a4,2025-12-12T21:22:33+09:00
nc6d960fe8231,mc3b092076119,2025-12-12T21:22:33+09:00
nc6d960fe8231,mc556789ecbaa,2025-12-12T21:22:33+09:00
nc8b91a069245,m0a66c288c5f8,2026-03-12T20:54:40+09:00
nc8b91a069245,m5ca7834167a4,2026-03-12T20:54:40+09:00
nc8b91a069245,m7ae6f1512188,2026-04-19T10:25:06+09:00
nc8b91a069245,m7e72b0b37154,2026-03-12T20:54:40+09:00
nc8b91a069245,mae9cb14095a9,2026-03-12T20:54:40+09:00
nc8b91a069245,mb80e8e661ebe,2026-04-19T10:25:06+09:00
nc8b91a069245,mc6810aa41870,2026-03-12T20:54:40+09:00
nca32edd63595,m5ca7834167a4,2026-01-11T10:39:00+09:00
nca32edd63595,mc6810aa41870,2026-01-11T10:39:00+09:00
ncae3ab333a9d,m0cd44e79ff42,2023-10-12T07:59:51+09:00
ncb3b4b90a08d,m0cd44e79ff42,2021-07-27T15:00:48+09:00
ncb3b4b90a08d,m736e3ef5b478,2021-07-27T15:00:48+09:00
ncbc82b123e23,m3e65203d0f1f,2025-08-29T02:58:19+09:00
ncc4502f69981,m1ba7ca857292,2023-04-04T13:03:59+09:00
ncc4502f69981,m499406ebba23,2023-04-04T13:03:59+09:00
ncc4502f69981,m6dcc3d214371,2023-04-04T13:03:59+09:00
ncef6fde3cd52,m499406ebba23,2023-06-27T19:41:01+09:00
nd2a1e062c773,me99a204a388f,2025-12-25T23:05:45+09:00
nd39d80db9fb5,m3e65203d0f1f,2025-09-23T23:02:36+09:00
nd39d80db9fb5,m5ca7834167a4,2025-09-23T23:02:36+09:00
nd3b500f613a0,m5ca7834167a4,2026-01-08T22:55:07+09:00
nd3b500f613a0,m7f91517f98cc,2026-01-08T22:55:07+09:00
nd3b500f613a0,mc6810aa41870,2026-01-08T22:55:07+09:00
nd456fd919dd4,m5ca7834167a4,2025-11-03T08:17:24+09:00
nd6c3dfc1b828,m0e17dade4d38,2025-10-06T23:22:36+09:00
nd6c3dfc1b828,m41ec40571d1b,2025-10-06T23:22:36+09:00
nd6c3dfc1b828,m5ca7834167a4,2025-10-06T23:22:36+09:00
nd6c3dfc1b828,m5ed0169b8a39,2025-10-06T23:22:36+09:00
nd6ff23f7ae8b,m3e65203d0f1f,2025-09-20T15:41:44+09:00
nd6ff23f7ae8b,m5ca7834167a4,2025-09-20T15:41:44+09:00
nd82a42a57337,m0921d4d120a8,2026-04-09T23:21:30+09:00
nd82a42a57337,m0cd44e79ff42,2026-04-09T23:21:30+09:00
nd82a42a57337,m16384598a49a,2026-04-09T23:21:30+09:00
nd82a42a57337,m18bbc62ac6eb,2026-04-09T23:21:30+09:00
nd82a42a57337,m193d0b844ba5,2026-04-09T23:21:30+09:00
nd82a42a57337,m46619b37427d,2026-04-09T23:21:30+09:00
nd82a42a57337,m54b2ccd56b12,2026-04-09T23:21:30+09:00
nd82a42a57337,m743c88e4a3b2,2026-04-09T23:21:30+09:00
nd82a42a57337,m7f91517f98cc,2026-04-09T23:21:30+09:00
nd82a42a57337,mc6810aa41870,2026-04-09T23:21:30+09:00
nd82a42a57337,me50627303786,2026-04-09T23:21:30+09:00
nd94d403be2a1,m5ca7834167a4,2025-12-16T01:10:30+09:00
nd94d403be2a1,mc3b092076119,2025-12-16T01:10:30+09:00
nd94d403be2a1,mc556789ecbaa,2025-12-16T01:10:30+09:00
nd94d403be2a1,mdef646c48191,2025-12-16T01:10:30+09:00
nd95a560ae933,m5ca7834167a4,2025-11-11T00:53:28+09:00
nd95a560ae933,me99a204a388f,2025-11-11T00:53:28+09:00
nd9823c01d0de,m5ca7834167a4,2026-01-14T22:50:40+09:00
nd9823c01d0de,m7f91517f98cc,2026-01-14T22:50:40+09:00
nd9823c01d0de,mc6810aa41870,2026-01-14T22:50:40+09:00
ndab3bd38f256,m0a66c288c5f8,2026-03-14T02:47:54+09:00
ndab3bd38f256,m2e9b901b1ba9,2026-03-14T02:47:54+09:00
ndab3bd38f256,m54b2ccd56b12,2026-03-14T02:47:54+09:00
ndab3bd38f256,m5ca7834167a4,2026-03-14T02:47:54+09:00
ndab3bd38f256,m82eea56eee81,2026-03-14T02:47:54+09:00
ndab3bd38f256,mc6810aa41870,2026-03-14T02:47:54+09:00
ndab3bd38f256,mfc9d03c23504,2026-03-14T02:47:54+09:00
ndf1f6a1c959a,m499406ebba23,2023-12-02T05:26:36+09:00
ndfece4ee3222,m0cd44e79ff42,2026-04-23T15:00:44+09:00
ndfece4ee3222,m18bbc62ac6eb,2026-04-24T10:24:51+09:00
ndfece4ee3222,m7e72b0b37154,2026-04-25T02:00:34+09:00
ndfece4ee3222,mc6810aa41870,2026-04-23T15:00:44+09:00
ne124be30fd41,m5ca7834167a4,2025-11-01T09:02:04+09:00
ne17f4b3373c0,m54b2ccd56b12,2026-02-15T00:19:53+09:00
ne17f4b3373c0,m5ca7834167a4,2026-02-15T00:19:53+09:00
ne17f4b3373c0,m7f91517f98cc,2026-02-15T00:19:53+09:00
ne17f4b3373c0,mc556789ecbaa,2026-02-15T00:19:53+09:00
ne17f4b3373c0,mc6810aa41870,2026-02-15T00:19:53+09:00
ne897f648ec9d,me99a204a388f,2025-12-25T05:28:28+09:00
ne8ac9da01fe1,m54b2ccd56b12,2026-01-31T09:18:36+09:00
ne8ac9da01fe1,m5ca7834167a4,2026-01-31T09:18:36+09:00
ne8ac9da01fe1,mc6810aa41870,2026-01-31T09:18:36+09:00
ne9517ecd2d99,m5ca7834167a4,2026-01-25T20:31:27+09:00
ne9517ecd2d99,mc6810aa41870,2026-01-25T20:31:27+09:00
nea44bafd6efd,m48869283ebf3,2026-02-27T20:37:55+09:00
nea44bafd6efd,m5ca7834167a4,2026-02-27T20:37:55+09:00
nea44bafd6efd,m7f91517f98cc,2026-02-27T20:37:55+09:00
nea44bafd6efd,mc6810aa41870,2026-02-27T20:37:55+09:00
neafecdab8070,m499406ebba23,2023-10-18T07:12:25+09:00
nee695e5a55c3,m499406ebba23,2023-04-17T23:01:59+09:00
nef6c9dea4fec,m1d3b04eb90c2,2026-02-13T21:01:09+09:00
nef6c9dea4fec,m54b2ccd56b12,2026-02-13T21:01:09+09:00
nef6c9dea4fec,m5ca7834167a4,2026-02-13T21:01:09+09:00
nef6c9dea4fec,m7f91517f98cc,2026-02-13T21:01:09+09:00
nef6c9dea4fec,mc6810aa41870,2026-02-13T21:01:09+09:00
nf0edab0e144d,m5ca7834167a4,2026-02-07T10:01:41+09:00
nf0edab0e144d,m7f91517f98cc,2026-02-07T10:01:41+09:00
nf0edab0e144d,m96728bd6b208,2026-02-07T10:01:41+09:00
nf0edab0e144d,mc6810aa41870,2026-02-07T10:01:41+09:00
nf2b7ffaec7eb,m5ca7834167a4,2025-12-05T18:44:20+09:00
nf2b7ffaec7eb,m7f91517f98cc,2025-12-05T18:44:20+09:00
nf2b7ffaec7eb,mb33de64ba0f8,2025-12-05T18:44:20+09:00
nf3c866de13f5,m0cd44e79ff42,2021-07-31T19:17:27+09:00
nf4ea6fa4e00a,m0e17dade4d38,2025-10-09T02:34:01+09:00
nf4ea6fa4e00a,m41ec40571d1b,2025-10-09T02:34:01+09:00
nf4ea6fa4e00a,m5ca7834167a4,2025-10-09T02:34:01+09:00
nf703e61ccf6b,m1ba7ca857292,2023-02-26T05:54:30+09:00
nf703e61ccf6b,m499406ebba23,2023-02-26T05:54:30+09:00
nf703e61ccf6b,m6dcc3d214371,2023-02-26T05:54:30+09:00
nf72e92fb7eb0,m54b2ccd56b12,2026-02-06T08:18:16+09:00
nf72e92fb7eb0,m5ca7834167a4,2026-02-06T08:18:16+09:00
nf72e92fb7eb0,m71ef129eba08,2026-02-06T08:18:16+09:00
nf72e92fb7eb0,m7f91517f98cc,2026-02-06T08:18:16+09:00
nf72e92fb7eb0,m96728bd6b208,2026-02-06T08:18:16+09:00
nf72e92fb7eb0,ma9afd86410ee,2026-02-06T08:18:16+09:00
nf72e92fb7eb0,mc6810aa41870,2026-02-06T08:18:16+09:00
nf80c729079ea,m3e65203d0f1f,2025-09-28T21:00:00+09:00
nf80c729079ea,m5ca7834167a4,2025-09-28T21:00:00+09:00
nf889f35b57d4,m499406ebba23,2023-03-08T13:42:34+09:00
nf8c1746e0c5b,m3e65203d0f1f,2025-07-19T00:04:01+09:00
nf95b54b72e0e,m3e65203d0f1f,2025-09-14T01:33:58+09:00
nf95b54b72e0e,m5ca7834167a4,2025-09-14T01:33:58+09:00
nf9ea906c6743,m499406ebba23,2023-10-10T09:54:44+09:00
nf9ea906c6743,mdbdf9506baf1,2023-10-10T09:54:44+09:00
nfa179bef730d,m5ca7834167a4,2025-11-30T19:15:44+09:00
nfa344d68905e,m3e65203d0f1f,2025-10-01T12:10:19+09:00
nfa344d68905e,m5ca7834167a4,2025-10-01T12:10:19+09:00
nfca613aaa602,m3e65203d0f1f,2025-09-18T02:20:45+09:00
nfca613aaa602,m5ca7834167a4,2025-09-18T02:20:45+09:00
nfd2e1bfb6dea,m2e9b901b1ba9,2026-02-20T00:30:07+09:00
nfd2e1bfb6dea,m54b2ccd56b12,2026-02-20T00:30:07+09:00
nfd2e1bfb6dea,m5ca7834167a4,2026-02-20T00:30:07+09:00
nfd2e1bfb6dea,mc6810aa41870,2026-02-20T00:30:07+09:00
nfd2e1bfb6dea,mfc9d03c23504,2026-02-20T00:30:07+09:00
nff56bc3b0e5e,m499406ebba23,2023-05-07T15:26:04+09:00
nffa1f86128fa,m5ca7834167a4,2025-10-27T11:05:45+09:00
