note_key,magazine_key,first_seen_at
n0026b610542e,m92c449423bac,2026-05-31T19:28:27+09:00
n0048e4208dd2,mdf42ea901299,2026-08-20T21:25:14+09:00
n011391926e77,m7c3f37a56826,2026-05-31T19:28:27+09:00
n0303e18f6727,m54b2ccd56b12,2026-05-31T19:28:27+09:00
n0303e18f6727,m7c3f37a56826,2026-05-31T19:28:27+09:00
n0353795bc2fd,mc085f157d924,2026-08-20T21:25:14+09:00
n03c069df8f91,m30a248399fe0,2026-05-24T15:58:23+09:00
n03c069df8f91,m38c6d06537bf,2026-05-24T11:04:58+09:00
n03c069df8f91,m54b2ccd56b12,2026-05-24T15:58:23+09:00
n03c069df8f91,m54c3e22e02f7,2026-05-25T11:12:33+09:00
n03c069df8f91,m60a5427bc103,2026-05-24T11:04:58+09:00
n03c069df8f91,m6d69812caeed,2026-05-24T15:58:23+09:00
n03c069df8f91,mf2d7c09eeca9,2026-05-25T11:12:33+09:00
n03ea303d1e44,m2c2abcaf45bd,2026-08-10T11:14:01+09:00
n03ea303d1e44,m32528b24bba4,2026-08-10T11:14:01+09:00
n03ea303d1e44,m38c6d06537bf,2026-08-10T11:14:01+09:00
n03ea303d1e44,m49c7f6e25c7f,2026-08-10T11:14:01+09:00
n03ea303d1e44,m4d9b9698cacf,2026-08-10T11:14:01+09:00
n03ea303d1e44,m54b2ccd56b12,2026-08-10T11:14:01+09:00
n03ea303d1e44,m60a5427bc103,2026-08-10T11:14:01+09:00
n03ea303d1e44,m60e9635b6cb6,2026-08-12T11:26:27+09:00
n03ea303d1e44,m6cf909200081,2026-08-12T11:26:27+09:00
n03ea303d1e44,m752f734f7a1c,2026-08-10T11:14:01+09:00
n03ea303d1e44,m97848c1bdf32,2026-08-12T11:26:27+09:00
n03ea303d1e44,ma4f7761ee62b,2026-08-14T05:42:36+09:00
n03ea303d1e44,ma7a2c6649fa2,2026-08-10T11:14:01+09:00
n03ea303d1e44,maba8091875be,2026-08-12T11:26:27+09:00
n03ea303d1e44,mc7c43a9831f4,2026-08-12T11:26:27+09:00
n03ea303d1e44,mdb292cf776c7,2026-08-10T11:14:01+09:00
n03ea303d1e44,me0a7e3361736,2026-08-12T11:26:27+09:00
n0535bc18c649,m38c6d06537bf,2026-08-19T10:39:57+09:00
n0535bc18c649,m4d9b9698cacf,2026-08-19T10:39:57+09:00
n0535bc18c649,m54b2ccd56b12,2026-08-19T10:39:57+09:00
n0535bc18c649,m60a5427bc103,2026-08-19T10:39:57+09:00
n0535bc18c649,m60e9635b6cb6,2026-08-19T21:20:56+09:00
n0535bc18c649,m6d69812caeed,2026-08-19T10:39:57+09:00
n0535bc18c649,m752f734f7a1c,2026-08-19T10:39:57+09:00
n0535bc18c649,m97848c1bdf32,2026-08-19T21:20:56+09:00
n0535bc18c649,ma4f7761ee62b,2026-08-21T21:22:27+09:00
n0535bc18c649,ma8d107d9475f,2026-08-19T21:20:56+09:00
n0535bc18c649,maba8091875be,2026-08-19T21:20:56+09:00
n0535bc18c649,mb63fce118acb,2026-08-22T21:16:04+09:00
n0535bc18c649,mc7c43a9831f4,2026-08-19T21:20:56+09:00
n0535bc18c649,mcf500208b8d9,2026-08-19T21:20:56+09:00
n0535bc18c649,mdb292cf776c7,2026-08-19T10:39:57+09:00
n0535bc18c649,me0a7e3361736,2026-08-19T21:20:56+09:00
n0535bc18c649,me50627303786,2026-08-19T21:20:56+09:00
n05e3f3c63869,mb41b090395c8,2026-05-31T19:28:27+09:00
n05e3f3c63869,mc085f157d924,2026-05-31T19:28:27+09:00
n061df977c805,m54b2ccd56b12,2026-05-31T19:28:27+09:00
n061df977c805,mcf500208b8d9,2026-06-08T17:50:41+09:00
n06bd5f3aff5c,mdf42ea901299,2026-08-20T21:25:14+09:00
n07843b3bd1a6,m8fb499ecbcbb,2026-05-31T19:28:27+09:00
n088f118a5f11,m30a248399fe0,2026-06-03T00:55:09+09:00
n088f118a5f11,m38c6d06537bf,2026-06-02T07:35:04+09:00
n088f118a5f11,m54b2ccd56b12,2026-06-02T07:35:04+09:00
n088f118a5f11,m60a5427bc103,2026-06-02T07:35:04+09:00
n088f118a5f11,m6d69812caeed,2026-06-02T10:06:33+09:00
n088f118a5f11,mb607a414c367,2026-06-03T00:55:09+09:00
n09603af0f78a,m38c6d06537bf,2026-06-12T07:00:15+09:00
n09603af0f78a,m54b2ccd56b12,2026-06-12T07:00:15+09:00
n09603af0f78a,m60a5427bc103,2026-06-12T07:00:15+09:00
n09603af0f78a,m6d69812caeed,2026-06-12T11:18:41+09:00
n09603af0f78a,m7c3f37a56826,2026-06-12T07:00:15+09:00
n09603af0f78a,mc6810aa41870,2026-06-12T07:00:15+09:00
n09603af0f78a,mcab67debf462,2026-06-12T07:00:15+09:00
n09603af0f78a,mcf500208b8d9,2026-06-12T11:18:41+09:00
n09603af0f78a,me50627303786,2026-06-12T23:34:34+09:00
n09603af0f78a,mf2d7c09eeca9,2026-06-14T11:34:27+09:00
n096b4b6c47c9,m4d9b9698cacf,2026-08-03T12:34:15+09:00
n096b4b6c47c9,m54b2ccd56b12,2026-08-03T12:34:15+09:00
n096b4b6c47c9,m60a5427bc103,2026-08-03T12:34:15+09:00
n096b4b6c47c9,m6d69812caeed,2026-08-03T12:34:15+09:00
n096b4b6c47c9,m752f734f7a1c,2026-08-03T12:34:15+09:00
n096b4b6c47c9,mcf500208b8d9,2026-08-03T12:34:15+09:00
n096b4b6c47c9,mdb292cf776c7,2026-08-03T12:34:15+09:00
n096b4b6c47c9,me50627303786,2026-08-03T20:11:46+09:00
n09ef3db1737b,m30a248399fe0,2026-05-31T19:28:27+09:00
n09ef3db1737b,m38c6d06537bf,2026-05-31T19:28:27+09:00
n09ef3db1737b,m60a5427bc103,2026-05-31T19:28:27+09:00
n09ef3db1737b,m6d69812caeed,2026-05-31T19:28:27+09:00
n0a1f82294020,m54b2ccd56b12,2026-05-31T19:28:27+09:00
n0a1f82294020,m60a5427bc103,2026-05-31T19:28:27+09:00
n0a1f82294020,mc6810aa41870,2026-05-31T19:28:27+09:00
n0aa15c96e1cc,m30a248399fe0,2026-07-15T22:06:06+09:00
n0aa15c96e1cc,m54b2ccd56b12,2026-07-14T11:56:25+09:00
n0aa15c96e1cc,m5c9c88eb4983,2026-07-17T02:24:56+09:00
n0aa15c96e1cc,m6d69812caeed,2026-07-14T22:02:35+09:00
n0aa15c96e1cc,mb0e0bfe2330a,2026-07-14T11:56:25+09:00
n0aa15c96e1cc,mb41b090395c8,2026-07-14T11:56:25+09:00
n0aa15c96e1cc,mc8c4a0b255ad,2026-07-14T15:20:11+09:00
n0aa15c96e1cc,mcf500208b8d9,2026-07-14T15:20:11+09:00
n0aa15c96e1cc,me50627303786,2026-07-14T11:56:25+09:00
n0b0c5061adc8,m38c6d06537bf,2026-06-18T11:36:17+09:00
n0b0c5061adc8,m54b2ccd56b12,2026-06-18T11:36:17+09:00
n0b0c5061adc8,m60a5427bc103,2026-06-18T11:36:17+09:00
n0b0c5061adc8,m60e9635b6cb6,2026-06-19T03:31:42+09:00
n0b0c5061adc8,m6d69812caeed,2026-06-18T11:36:17+09:00
n0b0c5061adc8,m97848c1bdf32,2026-06-19T03:31:42+09:00
n0b0c5061adc8,ma4f7761ee62b,2026-06-20T06:08:13+09:00
n0b0c5061adc8,ma8d107d9475f,2026-06-19T03:31:42+09:00
n0b0c5061adc8,maba8091875be,2026-06-19T03:31:42+09:00
n0b0c5061adc8,mb607a414c367,2026-06-19T07:05:51+09:00
n0b0c5061adc8,mc6810aa41870,2026-06-18T11:36:17+09:00
n0b0c5061adc8,mc7c43a9831f4,2026-06-19T03:31:42+09:00
n0b0c5061adc8,mcf500208b8d9,2026-06-18T11:36:17+09:00
n0b0c5061adc8,me0a7e3361736,2026-06-19T03:31:42+09:00
n0b0c5061adc8,me50627303786,2026-06-22T22:42:39+09:00
n0b94ef1ffba5,m9128fb5dcc5e,2026-08-20T21:25:14+09:00
n0c124cd10155,m54b2ccd56b12,2026-07-13T22:58:39+09:00
n0c124cd10155,m6d69812caeed,2026-07-14T22:02:35+09:00
n0c124cd10155,mcf500208b8d9,2026-07-14T11:56:25+09:00
n0c124cd10155,me50627303786,2026-07-14T11:56:25+09:00
n0cf2dcdbe8ab,m54b2ccd56b12,2026-06-19T18:03:08+09:00
n0cf2dcdbe8ab,m54c3e22e02f7,2026-06-20T11:12:55+09:00
n0cf2dcdbe8ab,mbc06117c3bf9,2026-06-19T18:03:08+09:00
n0cf2dcdbe8ab,mcf500208b8d9,2026-06-19T21:14:19+09:00
n0cf2dcdbe8ab,me50627303786,2026-06-22T22:42:39+09:00
n0cf2dcdbe8ab,mf2d7c09eeca9,2026-06-20T11:12:55+09:00
n0d32c025e202,m38c6d06537bf,2026-07-01T06:29:09+09:00
n0d32c025e202,m54b2ccd56b12,2026-07-01T13:26:02+09:00
n0d32c025e202,m60a5427bc103,2026-07-01T06:29:09+09:00
n0d32c025e202,mc6810aa41870,2026-07-01T06:29:09+09:00
n0d32c025e202,mcf500208b8d9,2026-07-02T16:39:29+09:00
n0d32c025e202,me50627303786,2026-07-02T19:27:28+09:00
n0e8d3d14ccd0,m54b2ccd56b12,2026-05-31T19:28:27+09:00
n0e8d3d14ccd0,m92c449423bac,2026-05-31T19:28:27+09:00
n0edeb9dae941,m54b2ccd56b12,2026-08-20T21:25:14+09:00
n0edeb9dae941,mb41b090395c8,2026-08-20T21:25:14+09:00
n0edeb9dae941,mc085f157d924,2026-08-20T21:25:14+09:00
n0f3e1e1b600f,m7c3f37a56826,2026-05-31T19:28:27+09:00
n10336e637ad3,mb33de64ba0f8,2026-08-20T21:25:14+09:00
n10da26b51134,m016668fc27da,2026-08-20T21:25:14+09:00
n10da26b51134,m5fa91e4af0ed,2026-08-20T21:25:14+09:00
n10da26b51134,m651aaa4e52a9,2026-08-20T21:25:14+09:00
n10da26b51134,m740ac248bb64,2026-08-20T21:25:14+09:00
n10da26b51134,m8b207cd2e53a,2026-08-20T21:25:14+09:00
n10da26b51134,m8fd3b3ec4591,2026-08-20T21:25:14+09:00
n10da26b51134,ma5bd9f7c40cf,2026-08-20T21:25:14+09:00
n10da26b51134,mcf500208b8d9,2026-08-20T21:25:14+09:00
n10da26b51134,md1d64f3e53b1,2026-08-20T21:25:14+09:00
n10da26b51134,mdf42ea901299,2026-08-20T21:25:14+09:00
n10da26b51134,me50627303786,2026-08-20T21:25:14+09:00
n10da26b51134,mf67a0e2be6bc,2026-08-20T21:25:14+09:00
n113aa3a4ed4f,m60a5427bc103,2026-05-31T19:28:27+09:00
n113aa3a4ed4f,mc6810aa41870,2026-05-31T19:28:27+09:00
n1309bb7bb05c,m7c3f37a56826,2026-08-20T21:25:14+09:00
n1309bb7bb05c,mcdf9b3f4b5be,2026-08-20T21:25:14+09:00
n141e1610296d,m54b2ccd56b12,2026-08-20T21:25:14+09:00
n141e1610296d,mdf42ea901299,2026-08-20T21:25:14+09:00
n150228133bd7,m54b2ccd56b12,2026-06-08T17:50:41+09:00
n150228133bd7,m6d69812caeed,2026-06-08T11:35:19+09:00
n150228133bd7,mb0e0bfe2330a,2026-06-08T21:40:57+09:00
n150228133bd7,mb41b090395c8,2026-06-08T11:35:19+09:00
n150228133bd7,mcf500208b8d9,2026-06-08T17:50:41+09:00
n169755602212,m54b2ccd56b12,2026-07-04T06:06:26+09:00
n169755602212,m55c9be73ad18,2026-07-04T06:06:26+09:00
n169755602212,m6d69812caeed,2026-07-04T12:43:01+09:00
n169755602212,mb0e0bfe2330a,2026-07-04T06:06:26+09:00
n169755602212,mb41b090395c8,2026-07-04T06:06:26+09:00
n169755602212,mcf500208b8d9,2026-07-04T12:43:01+09:00
n169755602212,me50627303786,2026-07-08T12:25:41+09:00
n177d26a7a3ef,m30a248399fe0,2026-08-26T21:25:36+09:00
n177d26a7a3ef,m38c6d06537bf,2026-08-24T10:44:23+09:00
n177d26a7a3ef,m4d9b9698cacf,2026-08-24T10:44:23+09:00
n177d26a7a3ef,m54b2ccd56b12,2026-08-24T10:44:23+09:00
n177d26a7a3ef,m60e9635b6cb6,2026-08-25T05:30:21+09:00
n177d26a7a3ef,m6d69812caeed,2026-08-24T10:44:23+09:00
n177d26a7a3ef,m752f734f7a1c,2026-08-24T10:44:23+09:00
n177d26a7a3ef,m9128fb5dcc5e,2026-08-24T10:44:23+09:00
n177d26a7a3ef,m97848c1bdf32,2026-08-25T05:30:21+09:00
n177d26a7a3ef,ma4f7761ee62b,2026-08-25T13:48:46+09:00
n177d26a7a3ef,ma8d107d9475f,2026-08-25T05:30:21+09:00
n177d26a7a3ef,maba8091875be,2026-08-25T05:30:21+09:00
n177d26a7a3ef,mc7c43a9831f4,2026-08-25T05:30:21+09:00
n177d26a7a3ef,mdb292cf776c7,2026-08-24T10:44:23+09:00
n177d26a7a3ef,me0a7e3361736,2026-08-25T05:30:21+09:00
n177d26a7a3ef,me50627303786,2026-08-24T17:35:13+09:00
n186df4f9ea27,m38c6d06537bf,2026-05-16T10:54:30+09:00
n186df4f9ea27,m54b2ccd56b12,2026-05-16T10:54:30+09:00
n186df4f9ea27,m60a5427bc103,2026-05-16T10:54:30+09:00
n186df4f9ea27,m6d69812caeed,2026-05-16T10:54:30+09:00
n1966a998bb04,m38c6d06537bf,2026-08-11T11:08:30+09:00
n1966a998bb04,m4d9b9698cacf,2026-08-11T11:08:30+09:00
n1966a998bb04,m54b2ccd56b12,2026-08-11T11:08:30+09:00
n1966a998bb04,m60a5427bc103,2026-08-11T11:08:30+09:00
n1966a998bb04,m6d69812caeed,2026-08-11T11:08:30+09:00
n1966a998bb04,m752f734f7a1c,2026-08-11T11:08:30+09:00
n1966a998bb04,mdb292cf776c7,2026-08-11T11:08:30+09:00
n1966a998bb04,me50627303786,2026-08-11T11:08:30+09:00
n1ac0cc2f6488,m7c3f37a56826,2026-08-20T21:25:14+09:00
n1af6019e5d91,m92c449423bac,2026-05-31T19:28:27+09:00
n1bd43ec1366b,m4d9b9698cacf,2026-08-31T07:26:32+09:00
n1bd43ec1366b,m54b2ccd56b12,2026-08-31T07:26:32+09:00
n1bd43ec1366b,m6d69812caeed,2026-08-31T13:57:56+09:00
n1bd43ec1366b,m752f734f7a1c,2026-08-31T07:26:32+09:00
n1bd43ec1366b,m7aa6f4dbfab8,2026-08-31T07:26:32+09:00
n1bd43ec1366b,mdb292cf776c7,2026-08-31T07:26:32+09:00
n1bd43ec1366b,mdf42ea901299,2026-08-31T07:26:32+09:00
n1bd43ec1366b,me50627303786,2026-09-01T13:36:47+09:00
n1c6dcd3c3b6f,m38c6d06537bf,2026-06-27T06:23:32+09:00
n1c6dcd3c3b6f,m54b2ccd56b12,2026-06-27T13:05:02+09:00
n1c6dcd3c3b6f,m6d69812caeed,2026-06-27T13:05:02+09:00
n1c6dcd3c3b6f,mc6810aa41870,2026-06-27T06:23:32+09:00
n1c6dcd3c3b6f,mcf500208b8d9,2026-06-28T06:07:45+09:00
n1c6dcd3c3b6f,me3c1530749d9,2026-06-30T19:52:15+09:00
n1cd44727807b,mc085f157d924,2026-05-31T19:28:27+09:00
n1d3e8faffe17,m30a248399fe0,2026-08-17T10:42:50+09:00
n1d3e8faffe17,m38c6d06537bf,2026-08-16T10:44:35+09:00
n1d3e8faffe17,m4d9b9698cacf,2026-08-16T10:44:35+09:00
n1d3e8faffe17,m54b2ccd56b12,2026-08-16T10:44:35+09:00
n1d3e8faffe17,m60a5427bc103,2026-08-16T10:44:35+09:00
n1d3e8faffe17,m752f734f7a1c,2026-08-16T10:44:35+09:00
n1d3e8faffe17,mcf500208b8d9,2026-08-24T01:33:26+09:00
n1d3e8faffe17,md1d64f3e53b1,2026-08-16T10:44:35+09:00
n1d3e8faffe17,mdb292cf776c7,2026-08-16T10:44:35+09:00
n1d3e8faffe17,me50627303786,2026-08-19T10:39:57+09:00
n1f0281f64982,m210eaca5f035,2026-07-22T02:27:23+09:00
n1f0281f64982,m30a248399fe0,2026-07-15T22:06:06+09:00
n1f0281f64982,m54b2ccd56b12,2026-07-13T12:34:50+09:00
n1f0281f64982,m54c3e22e02f7,2026-07-13T22:58:39+09:00
n1f0281f64982,m60e9635b6cb6,2026-07-15T15:23:59+09:00
n1f0281f64982,m6d69812caeed,2026-07-14T22:02:35+09:00
n1f0281f64982,m9128fb5dcc5e,2026-07-13T12:34:50+09:00
n1f0281f64982,m97848c1bdf32,2026-07-15T15:23:59+09:00
n1f0281f64982,m992d6f54ad96,2026-07-22T02:27:23+09:00
n1f0281f64982,ma4f7761ee62b,2026-07-15T15:23:59+09:00
n1f0281f64982,ma8d107d9475f,2026-07-15T15:23:59+09:00
n1f0281f64982,maba8091875be,2026-07-15T15:23:59+09:00
n1f0281f64982,mc7c43a9831f4,2026-07-15T15:23:59+09:00
n1f0281f64982,mcf500208b8d9,2026-07-13T16:31:05+09:00
n1f0281f64982,md9368566ac59,2026-07-26T02:06:06+09:00
n1f0281f64982,me0a7e3361736,2026-07-15T15:23:59+09:00
n1f0281f64982,me50627303786,2026-07-14T11:56:25+09:00
n1f0281f64982,me5481b3218cd,2026-07-22T02:27:23+09:00
n1f0281f64982,mf2d7c09eeca9,2026-07-13T22:58:39+09:00
n1fa64a2f39b6,m54b2ccd56b12,2026-07-08T06:24:28+09:00
n1fa64a2f39b6,m60a5427bc103,2026-07-08T06:24:28+09:00
n1fa64a2f39b6,m60e9635b6cb6,2026-07-08T22:25:41+09:00
n1fa64a2f39b6,m6d69812caeed,2026-07-08T12:25:41+09:00
n1fa64a2f39b6,m97848c1bdf32,2026-07-08T22:25:41+09:00
n1fa64a2f39b6,ma4f7761ee62b,2026-07-09T06:08:17+09:00
n1fa64a2f39b6,ma8d107d9475f,2026-07-08T22:25:41+09:00
n1fa64a2f39b6,maba8091875be,2026-07-08T22:25:41+09:00
n1fa64a2f39b6,mc7c43a9831f4,2026-07-08T22:25:41+09:00
n1fa64a2f39b6,mcf500208b8d9,2026-07-08T12:25:41+09:00
n1fa64a2f39b6,me0a7e3361736,2026-07-08T22:25:41+09:00
n1fa64a2f39b6,me50627303786,2026-07-08T12:25:41+09:00
n20b11a32eff4,m54c3e22e02f7,2026-05-29T11:04:59+09:00
n20b11a32eff4,m60a5427bc103,2026-05-28T16:52:59+09:00
n20b11a32eff4,m6d69812caeed,2026-05-28T16:52:59+09:00
n20b11a32eff4,ma600e4be4eb9,2026-05-28T16:52:59+09:00
n20b11a32eff4,mb607a414c367,2026-05-28T16:52:59+09:00
n233aded82f40,m38c6d06537bf,2026-05-21T06:50:59+09:00
n233aded82f40,m54b2ccd56b12,2026-05-21T06:50:59+09:00
n233aded82f40,m60a5427bc103,2026-05-21T06:50:59+09:00
n233aded82f40,m6d69812caeed,2026-05-21T11:06:27+09:00
n23a2b702a12c,m30dbf61cf194,2026-06-13T03:13:06+09:00
n23a2b702a12c,m38c6d06537bf,2026-06-09T06:50:42+09:00
n23a2b702a12c,m45e61de5e47c,2026-06-09T06:50:42+09:00
n23a2b702a12c,m54b2ccd56b12,2026-06-09T06:50:42+09:00
n23a2b702a12c,m60a5427bc103,2026-06-09T06:50:42+09:00
n23a2b702a12c,m6d69812caeed,2026-06-09T10:59:29+09:00
n23a2b702a12c,m79677b03ac7a,2026-06-13T03:13:06+09:00
n23a2b702a12c,mc6810aa41870,2026-06-09T06:50:42+09:00
n23a2b702a12c,mcf500208b8d9,2026-06-09T20:23:20+09:00
n25ba40be7032,m71e0b11f7314,2026-06-12T23:34:34+09:00
n25ba40be7032,mcf500208b8d9,2026-06-12T23:34:34+09:00
n25ba40be7032,me50627303786,2026-06-15T23:03:03+09:00
n25ffd7eef24d,m54b2ccd56b12,2026-05-31T19:28:27+09:00
n25ffd7eef24d,m9128fb5dcc5e,2026-05-31T19:28:27+09:00
n2706d42858a9,m30a248399fe0,2026-05-31T19:28:27+09:00
n2706d42858a9,m54b2ccd56b12,2026-05-31T19:28:27+09:00
n2706d42858a9,m60a5427bc103,2026-05-31T19:28:27+09:00
n2706d42858a9,m6d69812caeed,2026-05-31T19:28:27+09:00
n2706d42858a9,mc6810aa41870,2026-05-31T19:28:27+09:00
n2723cc01f267,mb41b090395c8,2026-08-20T21:25:14+09:00
n2723cc01f267,mc085f157d924,2026-08-20T21:25:14+09:00
n27ba73f01961,m6cf909200081,2026-07-07T16:49:56+09:00
n27ba73f01961,m97848c1bdf32,2026-07-07T16:49:56+09:00
n27ba73f01961,m9ca58f8c5496,2026-07-07T16:49:56+09:00
n27ba73f01961,ma4f7761ee62b,2026-07-08T03:05:31+09:00
n27ba73f01961,ma8d107d9475f,2026-07-07T16:49:56+09:00
n27ba73f01961,maba8091875be,2026-07-07T16:49:56+09:00
n27ba73f01961,mc7c43a9831f4,2026-07-07T16:49:56+09:00
n27ba73f01961,mcf500208b8d9,2026-07-07T16:49:56+09:00
n27ba73f01961,me0a7e3361736,2026-07-07T16:49:56+09:00
n27ba73f01961,me50627303786,2026-07-07T16:49:56+09:00
n27ba73f01961,mf2d7c09eeca9,2026-07-07T19:44:24+09:00
n27deb23451a9,m9128fb5dcc5e,2026-05-31T19:28:27+09:00
n289a77e60090,m30a248399fe0,2026-06-27T02:59:33+09:00
n289a77e60090,m54b2ccd56b12,2026-06-26T06:31:18+09:00
n289a77e60090,m54c3e22e02f7,2026-06-26T23:29:33+09:00
n289a77e60090,mbc06117c3bf9,2026-06-25T16:39:39+09:00
n289a77e60090,mcf500208b8d9,2026-06-25T23:01:00+09:00
n289a77e60090,mf2d7c09eeca9,2026-06-26T23:29:33+09:00
n29134dfd09f4,m30a248399fe0,2026-05-26T23:34:21+09:00
n29134dfd09f4,m38c6d06537bf,2026-05-25T11:12:33+09:00
n29134dfd09f4,m41a7aa3dcc38,2026-05-25T11:12:33+09:00
n29134dfd09f4,m54b2ccd56b12,2026-05-25T11:12:33+09:00
n29134dfd09f4,m60a5427bc103,2026-05-25T11:12:33+09:00
n29134dfd09f4,mcab67debf462,2026-05-30T15:44:27+09:00
n29134dfd09f4,md1d64f3e53b1,2026-05-26T06:03:20+09:00
n2a4edfe6c52c,mb41b090395c8,2026-05-31T19:28:27+09:00
n2a4edfe6c52c,mc085f157d924,2026-05-31T19:28:27+09:00
n2b9b386d5611,m23bf4d1d2800,2026-07-27T20:01:07+09:00
n2b9b386d5611,m54b2ccd56b12,2026-07-27T12:42:09+09:00
n2b9b386d5611,m60a5427bc103,2026-07-27T12:42:09+09:00
n2b9b386d5611,m752f734f7a1c,2026-07-27T12:42:09+09:00
n2b9b386d5611,m7c3f37a56826,2026-07-27T12:42:09+09:00
n2b9b386d5611,mcf500208b8d9,2026-07-27T16:41:42+09:00
n2b9b386d5611,mdb292cf776c7,2026-07-27T12:42:09+09:00
n2b9b386d5611,me50627303786,2026-07-28T22:27:05+09:00
n2caf2c0c0dce,m7c3f37a56826,2026-05-31T19:28:27+09:00
n2d2387304c51,m0db051625934,2026-05-31T19:28:27+09:00
n2d2387304c51,m32528b24bba4,2026-07-23T19:10:48+09:00
n2d2387304c51,m6d69812caeed,2026-07-12T12:32:23+09:00
n2eb4e00c6801,m38c6d06537bf,2026-08-21T10:43:56+09:00
n2eb4e00c6801,m54b2ccd56b12,2026-08-21T10:43:56+09:00
n2eb4e00c6801,m60a5427bc103,2026-08-21T10:43:56+09:00
n2eb4e00c6801,m60e9635b6cb6,2026-08-22T05:25:41+09:00
n2eb4e00c6801,m752f734f7a1c,2026-08-21T10:43:56+09:00
n2eb4e00c6801,m7aa6f4dbfab8,2026-08-21T10:43:56+09:00
n2eb4e00c6801,m97848c1bdf32,2026-08-22T05:25:41+09:00
n2eb4e00c6801,m98f650fd7ae8,2026-08-21T10:43:56+09:00
n2eb4e00c6801,ma4f7761ee62b,2026-08-22T05:25:41+09:00
n2eb4e00c6801,ma8d107d9475f,2026-08-22T05:25:41+09:00
n2eb4e00c6801,maba8091875be,2026-08-22T05:25:41+09:00
n2eb4e00c6801,mc7c43a9831f4,2026-08-22T05:25:41+09:00
n2eb4e00c6801,mcf500208b8d9,2026-08-21T21:22:27+09:00
n2eb4e00c6801,mdb292cf776c7,2026-08-21T10:43:56+09:00
n2eb4e00c6801,me0a7e3361736,2026-08-22T05:25:41+09:00
n2eb4e00c6801,me50627303786,2026-08-21T13:48:45+09:00
n2f5c84490789,m60a5427bc103,2026-05-31T19:28:27+09:00
n2f5c84490789,m6d69812caeed,2026-05-31T19:28:27+09:00
n2f5c84490789,m92c449423bac,2026-05-31T19:28:27+09:00
n2f6747d4e5dd,m6d3400fb7014,2026-07-02T13:05:14+09:00
n2f6747d4e5dd,m9ca58f8c5496,2026-07-01T13:26:02+09:00
n2f6747d4e5dd,mcf500208b8d9,2026-07-01T13:26:02+09:00
n2f6747d4e5dd,me50627303786,2026-07-02T19:27:28+09:00
n2f6747d4e5dd,mfc9d03c23504,2026-07-01T13:26:02+09:00
n2f67dde348f0,m26d93ca7080b,2026-07-10T12:54:30+09:00
n2f67dde348f0,m4d9b9698cacf,2026-07-09T16:47:16+09:00
n2f67dde348f0,mbc06117c3bf9,2026-07-09T16:47:16+09:00
n2f67dde348f0,mcf500208b8d9,2026-07-10T12:54:30+09:00
n2f67dde348f0,me50627303786,2026-07-10T03:01:57+09:00
n304561afca35,m30a248399fe0,2026-08-30T18:54:45+09:00
n304561afca35,m54b2ccd56b12,2026-08-29T15:40:28+09:00
n304561afca35,m60a5427bc103,2026-08-29T06:35:47+09:00
n304561afca35,m6d69812caeed,2026-08-29T09:31:05+09:00
n304561afca35,mcf500208b8d9,2026-08-29T22:27:50+09:00
n304561afca35,me50627303786,2026-08-30T22:24:42+09:00
n304561afca35,mf2d7c09eeca9,2026-08-30T13:53:43+09:00
n31b19731496d,m30a248399fe0,2026-08-14T17:57:01+09:00
n31b19731496d,m38c6d06537bf,2026-08-14T11:26:06+09:00
n31b19731496d,m4d9b9698cacf,2026-08-14T11:26:06+09:00
n31b19731496d,m54b2ccd56b12,2026-08-16T01:31:42+09:00
n31b19731496d,m60a5427bc103,2026-08-14T11:26:06+09:00
n31b19731496d,m6d69812caeed,2026-08-14T11:26:06+09:00
n31b19731496d,m752f734f7a1c,2026-08-14T11:26:06+09:00
n31b19731496d,mdb292cf776c7,2026-08-14T11:26:06+09:00
n31b19731496d,me3c1530749d9,2026-08-16T01:31:42+09:00
n31b19731496d,me50627303786,2026-08-15T21:15:23+09:00
n3267b981aff6,m54b2ccd56b12,2026-06-11T17:33:12+09:00
n3267b981aff6,m97848c1bdf32,2026-06-12T03:52:15+09:00
n3267b981aff6,ma4f7761ee62b,2026-06-12T03:52:15+09:00
n3267b981aff6,ma8d107d9475f,2026-06-12T03:52:15+09:00
n3267b981aff6,maba8091875be,2026-06-12T03:52:15+09:00
n3267b981aff6,mbc06117c3bf9,2026-06-11T17:33:12+09:00
n3267b981aff6,mc7c43a9831f4,2026-06-12T03:52:15+09:00
n3267b981aff6,mcf500208b8d9,2026-06-12T20:50:13+09:00
n3267b981aff6,me0a7e3361736,2026-06-12T03:52:15+09:00
n329705ee245a,mdf42ea901299,2026-05-31T19:28:27+09:00
n32c12a34da63,mdf42ea901299,2026-08-20T21:25:14+09:00
n3324e0de1375,m0921d4d120a8,2026-05-19T20:26:09+09:00
n3324e0de1375,m30a248399fe0,2026-05-20T11:07:05+09:00
n3324e0de1375,m366756297795,2026-05-19T11:08:00+09:00
n3324e0de1375,m54b2ccd56b12,2026-05-19T06:08:47+09:00
n3324e0de1375,m54c3e22e02f7,2026-07-13T22:58:39+09:00
n3324e0de1375,m68bc05537dcd,2026-05-19T20:26:09+09:00
n3324e0de1375,m6d69812caeed,2026-05-19T11:08:00+09:00
n3324e0de1375,m97848c1bdf32,2026-06-09T20:23:20+09:00
n3324e0de1375,ma4f7761ee62b,2026-06-09T20:23:20+09:00
n3324e0de1375,ma8d107d9475f,2026-06-09T20:23:20+09:00
n3324e0de1375,mc7c43a9831f4,2026-06-09T20:23:20+09:00
n3324e0de1375,mcf500208b8d9,2026-06-07T16:52:08+09:00
n3324e0de1375,me0a7e3361736,2026-06-09T20:23:20+09:00
n3324e0de1375,mf2d7c09eeca9,2026-07-13T22:58:39+09:00
n33b815cebb86,m4d9b9698cacf,2026-07-09T23:26:24+09:00
n33b815cebb86,m7c3f37a56826,2026-07-09T23:26:24+09:00
n33b815cebb86,m8de28bcde1bf,2026-07-09T23:26:24+09:00
n33b815cebb86,m9128fb5dcc5e,2026-07-09T23:26:24+09:00
n33b815cebb86,mcf500208b8d9,2026-07-10T16:45:03+09:00
n33b815cebb86,me50627303786,2026-07-10T12:54:30+09:00
n33b815cebb86,mf2d7c09eeca9,2026-07-11T21:48:48+09:00
n33cf542a9433,m38c6d06537bf,2026-05-31T19:28:27+09:00
n33cf542a9433,m60a5427bc103,2026-05-31T19:28:27+09:00
n33cf542a9433,m6d69812caeed,2026-05-31T19:28:27+09:00
n357c473fa02c,mdf42ea901299,2026-08-20T21:25:14+09:00
n36a84d6ceee9,m38c6d06537bf,2026-05-23T06:08:45+09:00
n36a84d6ceee9,m54b2ccd56b12,2026-05-23T10:58:25+09:00
n36a84d6ceee9,m6d69812caeed,2026-05-23T10:58:25+09:00
n36a84d6ceee9,m92c449423bac,2026-05-23T06:08:45+09:00
n38057f8f8020,mb41b090395c8,2026-05-31T19:28:27+09:00
n38057f8f8020,mc085f157d924,2026-05-31T19:28:27+09:00
n3a920cf62b4c,m92c449423bac,2026-05-31T19:28:27+09:00
n3ac4995f11c2,mb41b090395c8,2026-05-31T19:28:27+09:00
n3ac4995f11c2,mc085f157d924,2026-05-31T19:28:27+09:00
n3b4a8eb026d9,m92c449423bac,2026-05-31T19:28:27+09:00
n3c41ae4b33bd,m7c3f37a56826,2026-08-20T21:25:14+09:00
n3cc3a75af9bf,m11881a67a893,2026-07-23T06:07:22+09:00
n3cc3a75af9bf,m18c09c59705e,2026-07-16T22:14:54+09:00
n3cc3a75af9bf,m1be7ce2dd479,2026-07-16T22:14:54+09:00
n3cc3a75af9bf,m53a3c3b5d431,2026-07-23T06:07:22+09:00
n3cc3a75af9bf,m54b2ccd56b12,2026-07-10T12:54:30+09:00
n3cc3a75af9bf,m6d69812caeed,2026-07-10T12:54:30+09:00
n3cc3a75af9bf,m83b0e4ce814d,2026-07-10T19:43:29+09:00
n3cc3a75af9bf,m862869c2ff9e,2026-07-23T06:07:22+09:00
n3cc3a75af9bf,mb0d35701b405,2026-07-10T12:54:30+09:00
n3cc3a75af9bf,mcf500208b8d9,2026-07-10T19:43:29+09:00
n3cc3a75af9bf,md9368566ac59,2026-07-16T02:23:05+09:00
n3cc3a75af9bf,me3c1530749d9,2026-07-16T12:16:34+09:00
n3cc3a75af9bf,me50627303786,2026-07-10T16:45:03+09:00
n3cc3a75af9bf,mf2abfea66ec7,2026-07-23T06:07:22+09:00
n3cc3a75af9bf,mf2d7c09eeca9,2026-07-13T22:58:39+09:00
n3d0bd6235e0c,m38c6d06537bf,2026-07-17T12:19:44+09:00
n3d0bd6235e0c,m4d9b9698cacf,2026-07-17T12:19:44+09:00
n3d0bd6235e0c,m54b2ccd56b12,2026-07-17T12:19:44+09:00
n3d0bd6235e0c,m6d69812caeed,2026-07-18T02:18:07+09:00
n3d0bd6235e0c,m752f734f7a1c,2026-07-17T12:19:44+09:00
n3d0bd6235e0c,mcf500208b8d9,2026-07-17T18:45:01+09:00
n3d0bd6235e0c,me50627303786,2026-07-19T12:28:37+09:00
n3d1dd080c516,m60a5427bc103,2026-05-31T19:28:27+09:00
n3e3def4ae3a2,m04367e7cf8fa,2026-06-15T23:03:03+09:00
n3e3def4ae3a2,m30a248399fe0,2026-06-16T11:40:58+09:00
n3e3def4ae3a2,m38c6d06537bf,2026-06-15T06:08:32+09:00
n3e3def4ae3a2,m54b2ccd56b12,2026-06-15T06:08:32+09:00
n3e3def4ae3a2,m60a5427bc103,2026-06-15T06:08:32+09:00
n3e3def4ae3a2,m60e9635b6cb6,2026-06-16T04:53:54+09:00
n3e3def4ae3a2,m6d69812caeed,2026-06-15T11:38:05+09:00
n3e3def4ae3a2,m97848c1bdf32,2026-06-16T04:53:54+09:00
n3e3def4ae3a2,ma4f7761ee62b,2026-06-16T04:53:54+09:00
n3e3def4ae3a2,ma8d107d9475f,2026-06-16T04:53:54+09:00
n3e3def4ae3a2,maba8091875be,2026-06-16T04:53:54+09:00
n3e3def4ae3a2,mc7c43a9831f4,2026-06-16T04:53:54+09:00
n3e3def4ae3a2,mcf500208b8d9,2026-06-15T11:38:05+09:00
n3e3def4ae3a2,mddddc5e07cea,2026-06-15T18:57:12+09:00
n3e3def4ae3a2,me0a7e3361736,2026-06-16T04:53:54+09:00
n3e3def4ae3a2,me50627303786,2026-06-15T23:03:03+09:00
n3f862e690cb3,m54b2ccd56b12,2026-07-06T13:08:07+09:00
n3f862e690cb3,m6d69812caeed,2026-07-06T13:08:07+09:00
n3f862e690cb3,mcf500208b8d9,2026-07-06T13:08:07+09:00
n400070e96951,m30a248399fe0,2026-08-28T19:53:34+09:00
n400070e96951,m38c6d06537bf,2026-08-28T06:24:26+09:00
n400070e96951,m4d9b9698cacf,2026-08-28T06:24:26+09:00
n400070e96951,m54b2ccd56b12,2026-08-28T06:24:26+09:00
n400070e96951,m60a5427bc103,2026-08-28T06:24:26+09:00
n400070e96951,m6d69812caeed,2026-08-28T09:50:20+09:00
n400070e96951,m752f734f7a1c,2026-08-28T06:24:26+09:00
n400070e96951,m98f650fd7ae8,2026-08-28T06:24:26+09:00
n400070e96951,mcf500208b8d9,2026-08-29T01:32:09+09:00
n400070e96951,mdb292cf776c7,2026-08-28T06:24:26+09:00
n400070e96951,me50627303786,2026-08-29T01:32:09+09:00
n40cbb9f9f008,m163dc37f6ff3,2026-07-01T13:26:02+09:00
n40cbb9f9f008,m30a248399fe0,2026-07-03T02:55:59+09:00
n40cbb9f9f008,m54b2ccd56b12,2026-06-30T22:56:31+09:00
n40cbb9f9f008,m6d69812caeed,2026-07-01T13:26:02+09:00
n40cbb9f9f008,m90b505eb8c89,2026-06-30T22:56:31+09:00
n40cbb9f9f008,ma5bd9f7c40cf,2026-07-02T22:26:36+09:00
n40cbb9f9f008,mcf500208b8d9,2026-07-01T17:19:48+09:00
n40cbb9f9f008,mde4c96ef2f7a,2026-06-30T22:56:31+09:00
n40cbb9f9f008,me50627303786,2026-07-01T03:02:47+09:00
n41e83eee4ed8,mb41b090395c8,2026-05-31T19:28:27+09:00
n428a0c187bac,m7c3f37a56826,2026-05-31T19:28:27+09:00
n430c7479bf2f,m30a248399fe0,2026-06-05T20:35:30+09:00
n430c7479bf2f,m38c6d06537bf,2026-06-05T06:31:30+09:00
n430c7479bf2f,m54b2ccd56b12,2026-06-05T06:31:30+09:00
n430c7479bf2f,m60a5427bc103,2026-06-05T06:31:30+09:00
n430c7479bf2f,m6d69812caeed,2026-06-05T11:11:32+09:00
n430c7479bf2f,m7ae6f1512188,2026-06-05T11:11:32+09:00
n430c7479bf2f,mae514afdd397,2026-06-05T11:11:32+09:00
n430c7479bf2f,mcf500208b8d9,2026-06-25T03:00:39+09:00
n436a87294d8e,m18af68036206,2026-06-25T11:09:39+09:00
n436a87294d8e,m3576f1711977,2026-06-22T22:42:39+09:00
n436a87294d8e,m54b2ccd56b12,2026-06-22T22:42:39+09:00
n436a87294d8e,m85e30c7b3da2,2026-06-25T11:09:39+09:00
n436a87294d8e,mcf500208b8d9,2026-06-23T11:06:49+09:00
n436a87294d8e,me50627303786,2026-06-23T20:24:52+09:00
n43991e064326,m2f2976ed47fe,2026-08-14T17:57:01+09:00
n43991e064326,m38c6d06537bf,2026-07-21T06:13:00+09:00
n43991e064326,m4d9b9698cacf,2026-07-21T06:13:00+09:00
n43991e064326,m54b2ccd56b12,2026-07-21T06:13:00+09:00
n43991e064326,m54c3e22e02f7,2026-07-23T12:27:42+09:00
n43991e064326,m60a5427bc103,2026-07-21T06:13:00+09:00
n43991e064326,m60e9635b6cb6,2026-07-21T12:22:20+09:00
n43991e064326,m752f734f7a1c,2026-07-21T06:13:00+09:00
n43991e064326,m97848c1bdf32,2026-07-21T12:22:20+09:00
n43991e064326,ma4f7761ee62b,2026-07-21T15:37:25+09:00
n43991e064326,ma8d107d9475f,2026-07-21T12:22:20+09:00
n43991e064326,maba8091875be,2026-07-21T12:22:20+09:00
n43991e064326,mc7c43a9831f4,2026-07-21T12:22:20+09:00
n43991e064326,mcf500208b8d9,2026-07-21T12:22:20+09:00
n43991e064326,md33c43d62052,2026-07-23T22:20:54+09:00
n43991e064326,me0a7e3361736,2026-07-21T12:22:20+09:00
n43991e064326,me50627303786,2026-07-21T12:22:20+09:00
n43991e064326,mf2d7c09eeca9,2026-07-23T12:27:42+09:00
n444b49ae1706,m60a5427bc103,2026-05-31T19:28:27+09:00
n447c59df189f,m38c6d06537bf,2026-05-13T06:16:44+09:00
n447c59df189f,m54b2ccd56b12,2026-05-13T06:16:44+09:00
n447c59df189f,mb41b090395c8,2026-05-13T06:16:44+09:00
n4570d809abf1,m60a5427bc103,2026-08-17T10:42:50+09:00
n4570d809abf1,mcf500208b8d9,2026-08-18T21:24:02+09:00
n4570d809abf1,me50627303786,2026-08-19T10:39:57+09:00
n45b77bce4dc8,m30a248399fe0,2026-09-02T17:43:43+09:00
n45b77bce4dc8,m38c6d06537bf,2026-09-02T07:25:50+09:00
n45b77bce4dc8,m54b2ccd56b12,2026-09-02T07:25:50+09:00
n45b77bce4dc8,m60a5427bc103,2026-09-02T07:25:50+09:00
n45b77bce4dc8,m6d69812caeed,2026-09-02T07:25:50+09:00
n45b77bce4dc8,mc2821318d8f1,2026-09-02T17:43:43+09:00
n45b77bce4dc8,me3c1530749d9,2026-09-02T07:25:50+09:00
n45b77bce4dc8,me50627303786,2026-09-03T00:29:30+09:00
n45c125906df4,m193d0b844ba5,2026-05-31T19:28:27+09:00
n45c125906df4,mb41b090395c8,2026-05-31T19:28:27+09:00
n45d7810b01db,m1fb06cd6a61d,2026-05-31T19:28:27+09:00
n45d7810b01db,m651aaa4e52a9,2026-05-31T19:28:27+09:00
n45d7810b01db,m8fb499ecbcbb,2026-05-31T19:28:27+09:00
n45d7810b01db,ma5bd9f7c40cf,2026-05-31T19:28:27+09:00
n45d7810b01db,mb93cd6498ade,2026-05-31T19:28:27+09:00
n45d7810b01db,mc085f157d924,2026-05-31T19:28:27+09:00
n465fcf779a6b,m54b2ccd56b12,2026-08-20T21:25:14+09:00
n465fcf779a6b,mb41b090395c8,2026-08-20T21:25:14+09:00
n465fcf779a6b,mc085f157d924,2026-08-20T21:25:14+09:00
n47595222a612,m54b2ccd56b12,2026-08-20T21:25:14+09:00
n47595222a612,mb41b090395c8,2026-08-20T21:25:14+09:00
n47595222a612,mc085f157d924,2026-08-20T21:25:14+09:00
n476cd4560dde,m11881a67a893,2026-07-23T06:07:22+09:00
n476cd4560dde,m349b3be90eb0,2026-07-23T06:07:22+09:00
n476cd4560dde,m38c6d06537bf,2026-06-23T07:02:46+09:00
n476cd4560dde,m53a3c3b5d431,2026-07-23T06:07:22+09:00
n476cd4560dde,m54b2ccd56b12,2026-06-23T07:02:46+09:00
n476cd4560dde,m60a5427bc103,2026-06-23T07:02:46+09:00
n476cd4560dde,m60e9635b6cb6,2026-06-23T20:24:52+09:00
n476cd4560dde,m6d69812caeed,2026-06-23T16:44:55+09:00
n476cd4560dde,m7ae6f1512188,2026-06-23T16:44:55+09:00
n476cd4560dde,m862869c2ff9e,2026-07-23T06:07:22+09:00
n476cd4560dde,m97848c1bdf32,2026-06-23T20:24:52+09:00
n476cd4560dde,ma4f7761ee62b,2026-06-23T23:19:21+09:00
n476cd4560dde,ma8d107d9475f,2026-06-23T20:24:52+09:00
n476cd4560dde,maba8091875be,2026-06-23T20:24:52+09:00
n476cd4560dde,mc6810aa41870,2026-06-23T07:02:46+09:00
n476cd4560dde,mc7c43a9831f4,2026-06-23T20:24:52+09:00
n476cd4560dde,mcf500208b8d9,2026-06-23T16:44:55+09:00
n476cd4560dde,me0a7e3361736,2026-06-23T20:24:52+09:00
n476cd4560dde,me50627303786,2026-06-23T20:24:52+09:00
n48286a630743,m23bf4d1d2800,2026-08-01T18:48:58+09:00
n48286a630743,m4d9b9698cacf,2026-08-01T06:04:19+09:00
n48286a630743,m531dee90a84a,2026-08-01T12:33:23+09:00
n48286a630743,m54b2ccd56b12,2026-08-01T12:33:23+09:00
n48286a630743,m54c3e22e02f7,2026-08-06T19:25:09+09:00
n48286a630743,m6d69812caeed,2026-08-01T12:33:23+09:00
n48286a630743,m752f734f7a1c,2026-08-01T06:04:19+09:00
n48286a630743,m8606642d9737,2026-08-01T06:04:19+09:00
n48286a630743,mc08cb4916e00,2026-08-03T20:11:46+09:00
n48286a630743,mcf500208b8d9,2026-08-01T12:33:23+09:00
n48286a630743,mdb292cf776c7,2026-08-01T06:04:19+09:00
n48286a630743,me50627303786,2026-08-03T20:11:46+09:00
n48286a630743,mf2d7c09eeca9,2026-08-06T19:25:09+09:00
n4840fbc11101,m38c6d06537bf,2026-07-28T06:10:49+09:00
n4840fbc11101,m4d9b9698cacf,2026-07-28T06:10:49+09:00
n4840fbc11101,m54b2ccd56b12,2026-07-28T11:58:14+09:00
n4840fbc11101,m752f734f7a1c,2026-07-28T06:10:49+09:00
n4840fbc11101,m7c3f37a56826,2026-07-28T06:10:49+09:00
n4840fbc11101,mcf500208b8d9,2026-07-28T19:21:40+09:00
n4840fbc11101,mdb292cf776c7,2026-07-28T06:10:49+09:00
n4840fbc11101,mf2d7c09eeca9,2026-08-03T20:11:46+09:00
n4a4cfbd085ae,m54b2ccd56b12,2026-06-25T06:23:10+09:00
n4a4cfbd085ae,m54c3e22e02f7,2026-06-25T16:39:39+09:00
n4a4cfbd085ae,m60a5427bc103,2026-06-25T06:23:10+09:00
n4a4cfbd085ae,m60e9635b6cb6,2026-06-25T23:01:00+09:00
n4a4cfbd085ae,m6d69812caeed,2026-06-25T11:09:39+09:00
n4a4cfbd085ae,m7ae6f1512188,2026-06-25T11:09:39+09:00
n4a4cfbd085ae,m97848c1bdf32,2026-06-26T23:29:33+09:00
n4a4cfbd085ae,ma4f7761ee62b,2026-06-26T23:29:33+09:00
n4a4cfbd085ae,ma8d107d9475f,2026-06-25T23:01:00+09:00
n4a4cfbd085ae,maba8091875be,2026-06-25T23:01:00+09:00
n4a4cfbd085ae,mc7c43a9831f4,2026-06-25T23:01:00+09:00
n4a4cfbd085ae,mcf500208b8d9,2026-06-25T11:09:39+09:00
n4a4cfbd085ae,me0a7e3361736,2026-06-25T23:01:00+09:00
n4a4cfbd085ae,mf2d7c09eeca9,2026-06-25T16:39:39+09:00
n4bec1c52cd83,m41a7aa3dcc38,2026-05-31T19:28:27+09:00
n4bec1c52cd83,m54b2ccd56b12,2026-05-31T19:28:27+09:00
n4bec1c52cd83,mb41b090395c8,2026-05-31T19:28:27+09:00
n4bec1c52cd83,mc085f157d924,2026-05-31T19:28:27+09:00
n4c4128902169,mb41b090395c8,2026-08-20T21:25:14+09:00
n4c4128902169,mc085f157d924,2026-08-20T21:25:14+09:00
n4d8b752eb10a,m60a5427bc103,2026-05-31T19:28:27+09:00
n4db913085b88,m54b2ccd56b12,2026-08-02T21:54:04+09:00
n4db913085b88,m71e0b11f7314,2026-08-02T21:54:04+09:00
n4deb79601aea,m4d9b9698cacf,2026-07-26T12:34:07+09:00
n4deb79601aea,m54b2ccd56b12,2026-07-26T12:34:07+09:00
n4deb79601aea,m6d69812caeed,2026-07-26T12:34:07+09:00
n4deb79601aea,m752f734f7a1c,2026-07-26T12:34:07+09:00
n4deb79601aea,m7ae6f1512188,2026-07-26T12:34:07+09:00
n4deb79601aea,m9128fb5dcc5e,2026-07-26T12:34:07+09:00
n4deb79601aea,maa5a2a7f67c6,2026-07-26T18:50:20+09:00
n4deb79601aea,mcf500208b8d9,2026-07-26T12:34:07+09:00
n4deb79601aea,mdb292cf776c7,2026-07-26T12:34:07+09:00
n4deb79601aea,me50627303786,2026-07-27T02:08:44+09:00
n4e3f261e6b9a,m54b2ccd56b12,2026-05-31T19:28:27+09:00
n4e3f261e6b9a,m92c449423bac,2026-05-31T19:28:27+09:00
n4e67e4f61ee1,m30a248399fe0,2026-05-31T19:28:27+09:00
n4e67e4f61ee1,m38c6d06537bf,2026-05-31T19:28:27+09:00
n4e67e4f61ee1,m54b2ccd56b12,2026-05-31T19:28:27+09:00
n4e67e4f61ee1,m60a5427bc103,2026-05-31T19:28:27+09:00
n4e67e4f61ee1,m6d69812caeed,2026-05-31T19:28:27+09:00
n4eb9a3af4a9a,m38c6d06537bf,2026-08-12T11:26:27+09:00
n4eb9a3af4a9a,m4d9b9698cacf,2026-08-12T11:26:27+09:00
n4eb9a3af4a9a,m54b2ccd56b12,2026-08-12T11:26:27+09:00
n4eb9a3af4a9a,m60a5427bc103,2026-08-12T11:26:27+09:00
n4eb9a3af4a9a,m6d69812caeed,2026-08-12T11:26:27+09:00
n4eb9a3af4a9a,m752f734f7a1c,2026-08-12T11:26:27+09:00
n4eb9a3af4a9a,mdb292cf776c7,2026-08-12T11:26:27+09:00
n4f1b206992e6,m54b2ccd56b12,2026-05-31T19:28:27+09:00
n4f1b206992e6,m92c449423bac,2026-05-31T19:28:27+09:00
n4fad859699c7,m30a248399fe0,2026-06-12T17:20:49+09:00
n4fad859699c7,m38c6d06537bf,2026-06-11T06:57:56+09:00
n4fad859699c7,m54b2ccd56b12,2026-06-11T06:57:56+09:00
n4fad859699c7,m60a5427bc103,2026-06-11T06:57:56+09:00
n4fad859699c7,m60e9635b6cb6,2026-06-11T11:35:28+09:00
n4fad859699c7,m97848c1bdf32,2026-06-11T11:35:28+09:00
n4fad859699c7,ma4f7761ee62b,2026-06-12T03:52:15+09:00
n4fad859699c7,ma8d107d9475f,2026-06-11T11:35:28+09:00
n4fad859699c7,maba8091875be,2026-06-11T11:35:28+09:00
n4fad859699c7,mc7c43a9831f4,2026-06-11T11:35:28+09:00
n4fad859699c7,mcf500208b8d9,2026-06-11T11:35:28+09:00
n4fad859699c7,me0a7e3361736,2026-06-11T11:35:28+09:00
n4fad859699c7,mf2d7c09eeca9,2026-06-13T22:22:44+09:00
n4ffb9e380041,m25517aff026a,2026-07-25T06:03:45+09:00
n4ffb9e380041,m38c6d06537bf,2026-07-25T06:03:45+09:00
n4ffb9e380041,m4d9b9698cacf,2026-07-25T06:03:45+09:00
n4ffb9e380041,m54b2ccd56b12,2026-07-25T12:20:03+09:00
n4ffb9e380041,m54c3e22e02f7,2026-07-28T19:21:40+09:00
n4ffb9e380041,m60a5427bc103,2026-07-25T06:03:45+09:00
n4ffb9e380041,m6d69812caeed,2026-07-25T12:20:03+09:00
n4ffb9e380041,m752f734f7a1c,2026-07-25T06:03:45+09:00
n4ffb9e380041,mcf500208b8d9,2026-07-25T15:26:32+09:00
n4ffb9e380041,mdb292cf776c7,2026-07-25T06:03:45+09:00
n4ffb9e380041,me50627303786,2026-07-26T02:06:06+09:00
n4ffb9e380041,mf2d7c09eeca9,2026-07-28T19:21:40+09:00
n500e97459d85,m54b2ccd56b12,2026-05-31T19:28:27+09:00
n500e97459d85,mb41b090395c8,2026-05-31T19:28:27+09:00
n5091afa9ebac,m30a248399fe0,2026-07-22T15:38:16+09:00
n5091afa9ebac,m38c6d06537bf,2026-07-22T06:09:25+09:00
n5091afa9ebac,m4d9b9698cacf,2026-07-22T06:09:25+09:00
n5091afa9ebac,m54b2ccd56b12,2026-07-22T06:09:25+09:00
n5091afa9ebac,m60a5427bc103,2026-07-22T06:09:25+09:00
n5091afa9ebac,m6a66aa1d30f2,2026-07-22T12:20:40+09:00
n5091afa9ebac,m6d69812caeed,2026-07-22T12:20:40+09:00
n5091afa9ebac,m752f734f7a1c,2026-07-22T06:09:25+09:00
n5091afa9ebac,mc08cb4916e00,2026-07-22T19:13:11+09:00
n5091afa9ebac,mcf500208b8d9,2026-07-22T19:13:11+09:00
n5091afa9ebac,me50627303786,2026-07-23T02:26:25+09:00
n51e231489946,mb0e0bfe2330a,2026-06-08T21:40:57+09:00
n51e231489946,mb41b090395c8,2026-05-31T19:28:27+09:00
n534068063189,m30a248399fe0,2026-07-24T02:29:57+09:00
n534068063189,m4d9b9698cacf,2026-07-23T12:27:42+09:00
n534068063189,m531dee90a84a,2026-07-24T12:21:15+09:00
n534068063189,m54c3e22e02f7,2026-07-24T22:14:25+09:00
n534068063189,m60a5427bc103,2026-07-23T12:27:42+09:00
n534068063189,m60e9635b6cb6,2026-07-23T19:10:48+09:00
n534068063189,m6d69812caeed,2026-07-24T02:29:57+09:00
n534068063189,m752f734f7a1c,2026-07-23T12:27:42+09:00
n534068063189,m97848c1bdf32,2026-07-23T19:10:48+09:00
n534068063189,ma4f7761ee62b,2026-07-23T22:20:54+09:00
n534068063189,ma8d107d9475f,2026-07-23T19:10:48+09:00
n534068063189,maba8091875be,2026-07-23T19:10:48+09:00
n534068063189,mc7c43a9831f4,2026-07-23T19:10:48+09:00
n534068063189,mcf500208b8d9,2026-07-23T22:20:54+09:00
n534068063189,mdb292cf776c7,2026-07-23T12:27:42+09:00
n534068063189,me0a7e3361736,2026-07-23T19:10:48+09:00
n534068063189,me50627303786,2026-07-23T12:27:42+09:00
n534068063189,mf2d7c09eeca9,2026-07-24T22:14:25+09:00
n55bddd974821,m30a248399fe0,2026-08-02T18:48:26+09:00
n55bddd974821,m38c6d06537bf,2026-08-02T12:33:50+09:00
n55bddd974821,m4d9b9698cacf,2026-08-02T12:33:50+09:00
n55bddd974821,m54b2ccd56b12,2026-08-02T12:33:50+09:00
n55bddd974821,m54c3e22e02f7,2026-08-03T20:11:46+09:00
n55bddd974821,m6d69812caeed,2026-08-02T12:33:50+09:00
n55bddd974821,m752f734f7a1c,2026-08-02T12:33:50+09:00
n55bddd974821,m7aa6f4dbfab8,2026-08-02T12:33:50+09:00
n55bddd974821,m9128fb5dcc5e,2026-08-02T12:33:50+09:00
n55bddd974821,mcf500208b8d9,2026-08-02T15:41:01+09:00
n55bddd974821,mdb292cf776c7,2026-08-02T12:33:50+09:00
n55bddd974821,mf2d7c09eeca9,2026-08-03T20:11:46+09:00
n56df64272475,m54b2ccd56b12,2026-05-31T19:28:27+09:00
n56df64272475,m662b3185f860,2026-05-31T19:28:27+09:00
n56df64272475,m779b42e18707,2026-05-31T19:28:27+09:00
n56df64272475,m7e72b0b37154,2026-05-31T19:28:27+09:00
n56df64272475,me50627303786,2026-05-31T19:28:27+09:00
n5714bd945a01,m54b2ccd56b12,2026-05-31T19:28:27+09:00
n5714bd945a01,m60a5427bc103,2026-05-31T19:28:27+09:00
n5714bd945a01,mc6810aa41870,2026-05-31T19:28:27+09:00
n5756aaf0706b,m7c3f37a56826,2026-08-20T21:25:14+09:00
n5a591dd6257b,mb41b090395c8,2026-05-31T19:28:27+09:00
n5a8faf3ed325,m60a5427bc103,2026-05-31T19:28:27+09:00
n5a8faf3ed325,m7c3f37a56826,2026-05-31T19:28:27+09:00
n5b3263c4be54,m54b2ccd56b12,2026-07-15T06:00:44+09:00
n5b3263c4be54,m71e0b11f7314,2026-07-14T22:02:35+09:00
n5b3263c4be54,mc08cb4916e00,2026-07-16T22:14:54+09:00
n5b3263c4be54,mcf500208b8d9,2026-07-17T18:45:01+09:00
n5b3263c4be54,me50627303786,2026-07-16T02:23:05+09:00
n5b647c71acda,mb41b090395c8,2026-05-31T19:28:27+09:00
n5b647c71acda,mc085f157d924,2026-05-31T19:28:27+09:00
n5c1004df05db,m4d9b9698cacf,2026-07-07T12:59:05+09:00
n5c1004df05db,m54b2ccd56b12,2026-07-03T12:51:23+09:00
n5c1004df05db,m55c9be73ad18,2026-07-03T06:06:30+09:00
n5c1004df05db,m6d69812caeed,2026-07-03T12:51:23+09:00
n5c1004df05db,m7ae6f1512188,2026-07-03T22:30:48+09:00
n5c1004df05db,m85e30c7b3da2,2026-07-04T21:56:00+09:00
n5c1004df05db,mb0e0bfe2330a,2026-07-03T06:06:30+09:00
n5c1004df05db,mb41b090395c8,2026-07-03T06:06:30+09:00
n5c1004df05db,mcf500208b8d9,2026-07-03T12:51:23+09:00
n5c1004df05db,me50627303786,2026-07-07T03:15:32+09:00
n5c1e5f475b89,mb41b090395c8,2026-05-31T19:28:27+09:00
n5c50c11a04fe,m92c449423bac,2026-05-31T19:28:27+09:00
n5ee88a81f4d8,m30a248399fe0,2026-06-01T18:17:38+09:00
n5ee88a81f4d8,m38c6d06537bf,2026-06-01T11:35:52+09:00
n5ee88a81f4d8,m54b2ccd56b12,2026-06-01T11:35:52+09:00
n5ee88a81f4d8,m60a5427bc103,2026-06-01T11:35:52+09:00
n5ee88a81f4d8,m6d69812caeed,2026-06-01T11:35:52+09:00
n5ee88a81f4d8,m78e1caab29a1,2026-06-01T22:44:33+09:00
n5ee88a81f4d8,md1d64f3e53b1,2026-06-02T02:13:20+09:00
n60e48a241cf3,m531dee90a84a,2026-07-29T22:42:01+09:00
n60e48a241cf3,m54b2ccd56b12,2026-07-29T12:17:29+09:00
n60e48a241cf3,m54c3e22e02f7,2026-07-30T22:23:27+09:00
n60e48a241cf3,m8606642d9737,2026-07-29T06:08:59+09:00
n60e48a241cf3,mcf500208b8d9,2026-07-29T22:42:01+09:00
n60e48a241cf3,mf2d7c09eeca9,2026-07-30T22:23:27+09:00
n62235349afa3,m54b2ccd56b12,2026-05-31T19:28:27+09:00
n62235349afa3,m92c449423bac,2026-05-31T19:28:27+09:00
n6248ef3f4550,m30a248399fe0,2026-06-24T23:04:01+09:00
n6248ef3f4550,m38c6d06537bf,2026-06-21T06:14:12+09:00
n6248ef3f4550,m54b2ccd56b12,2026-06-21T06:14:12+09:00
n6248ef3f4550,m60a5427bc103,2026-06-21T06:14:12+09:00
n6248ef3f4550,m60e9635b6cb6,2026-06-22T06:12:55+09:00
n6248ef3f4550,m6d69812caeed,2026-06-21T11:36:31+09:00
n6248ef3f4550,m97848c1bdf32,2026-06-22T06:12:55+09:00
n6248ef3f4550,ma4f7761ee62b,2026-06-24T03:03:14+09:00
n6248ef3f4550,ma8d107d9475f,2026-06-22T06:12:55+09:00
n6248ef3f4550,maaa194d9ad85,2026-06-21T11:36:31+09:00
n6248ef3f4550,maba8091875be,2026-06-22T06:12:55+09:00
n6248ef3f4550,mc7c43a9831f4,2026-06-22T06:12:55+09:00
n6248ef3f4550,mcf500208b8d9,2026-06-21T20:23:28+09:00
n6248ef3f4550,me0a7e3361736,2026-06-22T06:12:55+09:00
n6248ef3f4550,me50627303786,2026-06-23T01:26:58+09:00
n632e9bbd0db6,m38c6d06537bf,2026-06-07T22:18:04+09:00
n632e9bbd0db6,m60a5427bc103,2026-06-07T22:18:04+09:00
n632e9bbd0db6,m946309a61b0a,2026-06-08T02:23:58+09:00
n632e9bbd0db6,mc6810aa41870,2026-06-08T02:23:58+09:00
n632e9bbd0db6,mcab67debf462,2026-06-07T22:18:04+09:00
n632e9bbd0db6,mcf500208b8d9,2026-06-15T18:57:12+09:00
n633e7665983d,mb41b090395c8,2026-05-31T19:28:27+09:00
n633e7665983d,mc085f157d924,2026-05-31T19:28:27+09:00
n637880ce8b6f,m92c449423bac,2026-05-31T19:28:27+09:00
n64119e9a1121,m2453266246af,2026-09-02T21:22:04+09:00
n64119e9a1121,m54b2ccd56b12,2026-09-02T17:43:43+09:00
n64119e9a1121,m6d69812caeed,2026-09-01T18:21:42+09:00
n64119e9a1121,mcf500208b8d9,2026-09-02T17:43:43+09:00
n64119e9a1121,me3c1530749d9,2026-09-01T13:36:47+09:00
n64119e9a1121,me50627303786,2026-09-01T13:36:47+09:00
n64f53d41dfbb,m38c6d06537bf,2026-08-27T07:45:48+09:00
n64f53d41dfbb,m4d9b9698cacf,2026-08-27T07:45:48+09:00
n64f53d41dfbb,m54b2ccd56b12,2026-08-27T07:45:48+09:00
n64f53d41dfbb,m54c3e22e02f7,2026-08-30T13:53:43+09:00
n64f53d41dfbb,m752f734f7a1c,2026-08-27T07:45:48+09:00
n64f53d41dfbb,m8fb499ecbcbb,2026-08-27T07:45:48+09:00
n64f53d41dfbb,m98f650fd7ae8,2026-08-27T07:45:48+09:00
n64f53d41dfbb,mb41b090395c8,2026-08-27T07:45:48+09:00
n64f53d41dfbb,mc085f157d924,2026-08-27T07:45:48+09:00
n64f53d41dfbb,mcf500208b8d9,2026-08-28T00:09:06+09:00
n64f53d41dfbb,mdb292cf776c7,2026-08-27T07:45:48+09:00
n64f53d41dfbb,me50627303786,2026-08-27T17:41:26+09:00
n64f53d41dfbb,mf2d7c09eeca9,2026-08-30T13:53:43+09:00
n659345702330,m54c3e22e02f7,2026-07-10T22:53:04+09:00
n659345702330,m71e0b11f7314,2026-07-10T22:53:04+09:00
n659345702330,mcf500208b8d9,2026-07-11T12:20:17+09:00
n659345702330,me50627303786,2026-07-11T21:48:48+09:00
n659345702330,mf2d7c09eeca9,2026-07-10T22:53:04+09:00
n6707a90b7f2b,mb41b090395c8,2026-05-31T19:28:27+09:00
n6707a90b7f2b,mc085f157d924,2026-05-31T19:28:27+09:00
n67544b9e1e20,m1661c964eec9,2026-08-10T11:14:01+09:00
n67544b9e1e20,m1c85d4931804,2026-08-10T11:14:01+09:00
n67544b9e1e20,m25517aff026a,2026-08-09T11:09:26+09:00
n67544b9e1e20,m278d9869816c,2026-08-10T11:14:01+09:00
n67544b9e1e20,m2c2abcaf45bd,2026-08-10T11:14:01+09:00
n67544b9e1e20,m54b2ccd56b12,2026-08-10T01:42:48+09:00
n67544b9e1e20,m559fa39e9163,2026-08-10T11:14:01+09:00
n67544b9e1e20,m6d69812caeed,2026-08-10T01:42:48+09:00
n67544b9e1e20,m74b154cd7893,2026-08-10T11:14:01+09:00
n67544b9e1e20,m7f7032fb7065,2026-08-10T11:14:01+09:00
n67544b9e1e20,m95b78222e9b9,2026-08-10T11:14:01+09:00
n67544b9e1e20,mb6fdd52683d6,2026-08-10T11:14:01+09:00
n67544b9e1e20,mc311c8aba7e2,2026-08-10T11:14:01+09:00
n67544b9e1e20,mca2c344a0f50,2026-08-10T11:14:01+09:00
n67544b9e1e20,mdfe1a49acaf3,2026-08-10T11:14:01+09:00
n67544b9e1e20,mf7c9271b4e5e,2026-08-10T11:14:01+09:00
n6764811871c1,m1fb06cd6a61d,2026-05-18T11:07:48+09:00
n6764811871c1,m6d69812caeed,2026-05-18T23:52:27+09:00
n684de3f76aee,m54b2ccd56b12,2026-08-02T15:41:01+09:00
n684de3f76aee,m6d69812caeed,2026-08-02T21:54:04+09:00
n684de3f76aee,mbc06117c3bf9,2026-08-02T15:41:01+09:00
n69e190103b37,mcdf9b3f4b5be,2026-08-20T21:25:14+09:00
n6a2d2c8253d6,m30a248399fe0,2026-05-31T19:28:27+09:00
n6a2d2c8253d6,m38c6d06537bf,2026-05-31T19:28:27+09:00
n6a2d2c8253d6,m54b2ccd56b12,2026-05-31T19:28:27+09:00
n6a2d2c8253d6,m60a5427bc103,2026-05-31T19:28:27+09:00
n6a2d2c8253d6,m6d69812caeed,2026-05-31T19:28:27+09:00
n6b57b93350e2,m60e9635b6cb6,2026-06-20T03:05:29+09:00
n6b57b93350e2,m6cf909200081,2026-06-20T03:05:29+09:00
n6b57b93350e2,m71e0b11f7314,2026-06-19T21:14:19+09:00
n6b57b93350e2,m97848c1bdf32,2026-06-20T03:05:29+09:00
n6b57b93350e2,ma4f7761ee62b,2026-06-20T06:08:13+09:00
n6b57b93350e2,ma8d107d9475f,2026-06-20T03:05:29+09:00
n6b57b93350e2,maba8091875be,2026-06-20T03:05:29+09:00
n6b57b93350e2,mc7c43a9831f4,2026-06-20T03:05:29+09:00
n6b57b93350e2,mcf500208b8d9,2026-06-20T11:12:55+09:00
n6b57b93350e2,me0a7e3361736,2026-06-20T03:05:29+09:00
n6ba390a23705,m92c449423bac,2026-05-31T19:28:27+09:00
n6c07f7f2da48,mdf42ea901299,2026-08-20T21:25:14+09:00
n6cb787ae122d,m38c6d06537bf,2026-06-07T06:02:25+09:00
n6cb787ae122d,m54b2ccd56b12,2026-06-07T11:19:02+09:00
n6cb787ae122d,m54c3e22e02f7,2026-06-09T20:23:20+09:00
n6cb787ae122d,m60a5427bc103,2026-06-07T06:02:25+09:00
n6cb787ae122d,mcf500208b8d9,2026-06-15T23:03:03+09:00
n6cc29e078618,m41a7aa3dcc38,2026-05-31T19:28:27+09:00
n6cc29e078618,m60a5427bc103,2026-05-31T19:28:27+09:00
n6d630fd42aa5,m30a248399fe0,2026-06-03T21:48:33+09:00
n6d630fd42aa5,m38c6d06537bf,2026-06-03T07:23:41+09:00
n6d630fd42aa5,m54b2ccd56b12,2026-06-03T07:23:41+09:00
n6d630fd42aa5,m6d69812caeed,2026-06-03T11:40:30+09:00
n6d630fd42aa5,m7ae6f1512188,2026-06-03T17:52:02+09:00
n6d630fd42aa5,m92c449423bac,2026-06-03T07:23:41+09:00
n6d630fd42aa5,mc6810aa41870,2026-06-03T07:23:41+09:00
n6d630fd42aa5,mf2d7c09eeca9,2026-06-07T11:19:02+09:00
n6dfa93b5ee09,m60a5427bc103,2026-05-31T19:28:27+09:00
n6e2ebfea37eb,m30a248399fe0,2026-07-15T22:06:06+09:00
n6e2ebfea37eb,m54c3e22e02f7,2026-07-13T22:58:39+09:00
n6e2ebfea37eb,m651aaa4e52a9,2026-07-12T15:43:08+09:00
n6e2ebfea37eb,m97848c1bdf32,2026-07-13T05:46:11+09:00
n6e2ebfea37eb,ma4f7761ee62b,2026-07-15T06:00:44+09:00
n6e2ebfea37eb,ma5bd9f7c40cf,2026-07-12T15:43:08+09:00
n6e2ebfea37eb,ma8d107d9475f,2026-07-13T05:46:11+09:00
n6e2ebfea37eb,maba8091875be,2026-07-13T05:46:11+09:00
n6e2ebfea37eb,mc7c43a9831f4,2026-07-13T05:46:11+09:00
n6e2ebfea37eb,mcf500208b8d9,2026-07-12T18:42:08+09:00
n6e2ebfea37eb,me0a7e3361736,2026-07-13T05:46:11+09:00
n6e2ebfea37eb,me50627303786,2026-07-12T15:43:08+09:00
n6e2ebfea37eb,mf2d7c09eeca9,2026-07-13T22:58:39+09:00
n6efae619c7a4,m531dee90a84a,2026-07-28T22:27:05+09:00
n6efae619c7a4,m54b2ccd56b12,2026-07-28T22:27:05+09:00
n6efae619c7a4,m651aaa4e52a9,2026-08-01T02:47:21+09:00
n6efae619c7a4,ma5bd9f7c40cf,2026-08-01T02:47:21+09:00
n6efae619c7a4,mcf500208b8d9,2026-07-29T06:08:59+09:00
n6efae619c7a4,me50627303786,2026-08-01T15:37:52+09:00
n6fc555c924f5,m54b2ccd56b12,2026-08-20T21:25:14+09:00
n6fc555c924f5,mb41b090395c8,2026-08-20T21:25:14+09:00
n6fc555c924f5,mc085f157d924,2026-08-20T21:25:14+09:00
n7011ed954d47,m4d9b9698cacf,2026-07-15T11:54:58+09:00
n7011ed954d47,m54b2ccd56b12,2026-07-15T11:54:58+09:00
n7011ed954d47,m6d69812caeed,2026-07-15T11:54:58+09:00
n7011ed954d47,m752f734f7a1c,2026-07-15T11:54:58+09:00
n7011ed954d47,maa5a2a7f67c6,2026-07-26T18:50:20+09:00
n7011ed954d47,mcf500208b8d9,2026-07-15T15:23:59+09:00
n7011ed954d47,me50627303786,2026-07-15T15:23:59+09:00
n7011ed954d47,med01be3ffc8a,2026-07-15T11:54:58+09:00
n70380bedf137,m2453266246af,2026-08-17T01:32:16+09:00
n70380bedf137,m38c6d06537bf,2026-08-16T17:16:06+09:00
n70380bedf137,m531dee90a84a,2026-08-17T01:32:16+09:00
n70380bedf137,m54b2ccd56b12,2026-08-16T17:16:06+09:00
n70380bedf137,m60a5427bc103,2026-08-16T17:16:06+09:00
n70380bedf137,m752f734f7a1c,2026-08-16T17:16:06+09:00
n70380bedf137,m7aa6f4dbfab8,2026-08-16T17:16:06+09:00
n70380bedf137,m98f650fd7ae8,2026-08-16T17:16:06+09:00
n70380bedf137,mcf500208b8d9,2026-08-20T21:25:14+09:00
n70380bedf137,me50627303786,2026-08-19T10:39:57+09:00
n72761ea408a2,m38c6d06537bf,2026-05-31T19:28:27+09:00
n72761ea408a2,m54b2ccd56b12,2026-05-31T19:28:27+09:00
n72761ea408a2,m60a5427bc103,2026-05-31T19:28:27+09:00
n72761ea408a2,m6d69812caeed,2026-05-31T19:28:27+09:00
n72761ea408a2,mc6810aa41870,2026-05-31T19:28:27+09:00
n73084244b626,m3576f1711977,2026-06-30T06:31:42+09:00
n73084244b626,m60e9635b6cb6,2026-06-30T22:56:31+09:00
n73084244b626,m97848c1bdf32,2026-06-30T22:56:31+09:00
n73084244b626,ma4f7761ee62b,2026-07-01T06:29:09+09:00
n73084244b626,ma8d107d9475f,2026-06-30T22:56:31+09:00
n73084244b626,maba8091875be,2026-06-30T22:56:31+09:00
n73084244b626,mc7c43a9831f4,2026-06-30T22:56:31+09:00
n73084244b626,mcf500208b8d9,2026-06-30T22:56:31+09:00
n73084244b626,me0a7e3361736,2026-06-30T22:56:31+09:00
n7405918d7eda,mb41b090395c8,2026-06-05T20:35:30+09:00
n7405918d7eda,mc085f157d924,2026-06-05T20:35:30+09:00
n74eb23417ac8,mc085f157d924,2026-08-20T21:25:14+09:00
n754a167fa51c,m54b2ccd56b12,2026-05-31T19:28:27+09:00
n754a167fa51c,m92c449423bac,2026-05-31T19:28:27+09:00
n7592a6636fad,m38c6d06537bf,2026-05-17T21:51:30+09:00
n7592a6636fad,me50627303786,2026-06-12T23:34:34+09:00
n770449983798,m60a5427bc103,2026-05-31T19:28:27+09:00
n773e39751d1f,m54b2ccd56b12,2026-05-28T10:55:27+09:00
n773e39751d1f,m60a5427bc103,2026-05-28T10:55:27+09:00
n773e39751d1f,m6d69812caeed,2026-05-28T10:55:27+09:00
n7753df049e50,mdf42ea901299,2026-08-20T21:25:14+09:00
n77bd6e993d3d,m23bf4d1d2800,2026-07-21T12:22:20+09:00
n77bd6e993d3d,m4d9b9698cacf,2026-07-12T12:32:23+09:00
n77bd6e993d3d,m54b2ccd56b12,2026-07-18T11:56:18+09:00
n77bd6e993d3d,m54c3e22e02f7,2026-07-13T22:58:39+09:00
n77bd6e993d3d,m60e9635b6cb6,2026-07-24T12:21:15+09:00
n77bd6e993d3d,m6d69812caeed,2026-07-12T12:32:23+09:00
n77bd6e993d3d,m7f60f18975f3,2026-08-20T21:25:14+09:00
n77bd6e993d3d,m97848c1bdf32,2026-07-24T12:21:15+09:00
n77bd6e993d3d,ma4f7761ee62b,2026-07-26T02:06:06+09:00
n77bd6e993d3d,ma8d107d9475f,2026-07-24T12:21:15+09:00
n77bd6e993d3d,maba8091875be,2026-07-24T12:21:15+09:00
n77bd6e993d3d,mc7c43a9831f4,2026-07-24T12:21:15+09:00
n77bd6e993d3d,mcf500208b8d9,2026-07-12T15:43:08+09:00
n77bd6e993d3d,me0a7e3361736,2026-07-24T12:21:15+09:00
n77bd6e993d3d,me50627303786,2026-08-19T10:39:57+09:00
n77bd6e993d3d,me6a9e04d3fed,2026-08-07T14:47:41+09:00
n77bd6e993d3d,mf2d7c09eeca9,2026-07-13T22:58:39+09:00
n77bd6e993d3d,mf67a0e2be6bc,2026-08-13T05:47:34+09:00
n794a0444eca2,m163dc37f6ff3,2026-09-01T13:36:47+09:00
n794a0444eca2,m60a5427bc103,2026-09-01T08:39:31+09:00
n794a0444eca2,m60e9635b6cb6,2026-09-01T21:52:28+09:00
n794a0444eca2,m6d69812caeed,2026-09-01T21:52:28+09:00
n794a0444eca2,m97848c1bdf32,2026-09-01T21:52:28+09:00
n794a0444eca2,m98f650fd7ae8,2026-09-01T08:39:31+09:00
n794a0444eca2,ma4f7761ee62b,2026-09-03T00:29:30+09:00
n794a0444eca2,ma8d107d9475f,2026-09-01T21:52:28+09:00
n794a0444eca2,maba8091875be,2026-09-01T21:52:28+09:00
n794a0444eca2,mc7c43a9831f4,2026-09-01T21:52:28+09:00
n794a0444eca2,mcf500208b8d9,2026-09-01T21:52:28+09:00
n794a0444eca2,mdb292cf776c7,2026-09-01T08:39:31+09:00
n794a0444eca2,me0a7e3361736,2026-09-01T21:52:28+09:00
n794a0444eca2,me21ad1cd4fcd,2026-09-01T08:39:31+09:00
n794a0444eca2,me50627303786,2026-09-03T00:29:30+09:00
n7963ab8c54ad,m54b2ccd56b12,2026-05-31T19:28:27+09:00
n7963ab8c54ad,mdf42ea901299,2026-05-31T19:28:27+09:00
n79943dff780b,m38c6d06537bf,2026-05-17T10:58:10+09:00
n79943dff780b,m54b2ccd56b12,2026-05-17T10:58:10+09:00
n79943dff780b,m6d69812caeed,2026-05-17T10:58:10+09:00
n79943dff780b,m92c449423bac,2026-05-17T10:58:10+09:00
n7c3f427d4816,mb41b090395c8,2026-08-20T21:25:14+09:00
n7c3f427d4816,mc085f157d924,2026-08-20T21:25:14+09:00
n7c6b7b36254a,m38c6d06537bf,2026-07-30T11:50:09+09:00
n7c6b7b36254a,m4d9b9698cacf,2026-07-30T11:50:09+09:00
n7c6b7b36254a,m54b2ccd56b12,2026-07-30T11:50:09+09:00
n7c6b7b36254a,m752f734f7a1c,2026-07-30T11:50:09+09:00
n7c6b7b36254a,mb41b090395c8,2026-07-30T11:50:09+09:00
n7c6b7b36254a,mc085f157d924,2026-07-30T11:50:09+09:00
n7c6b7b36254a,mcf500208b8d9,2026-07-30T11:50:09+09:00
n7c6b7b36254a,mdb292cf776c7,2026-07-30T11:50:09+09:00
n7c6b7b36254a,me50627303786,2026-07-30T19:10:34+09:00
n7e8b68be975d,m38c6d06537bf,2026-05-31T19:28:27+09:00
n7e8b68be975d,m54b2ccd56b12,2026-05-31T19:28:27+09:00
n7e8b68be975d,mb41b090395c8,2026-05-31T19:28:27+09:00
n7e8b68be975d,mc085f157d924,2026-05-31T19:28:27+09:00
n7f72e7d75a3b,m30a248399fe0,2026-06-04T11:37:11+09:00
n7f72e7d75a3b,m38c6d06537bf,2026-06-04T07:29:54+09:00
n7f72e7d75a3b,m54b2ccd56b12,2026-06-04T07:29:54+09:00
n7f72e7d75a3b,m54c3e22e02f7,2026-06-04T11:37:11+09:00
n7f72e7d75a3b,m60a5427bc103,2026-06-04T07:29:54+09:00
n7f72e7d75a3b,m6d69812caeed,2026-06-04T07:29:54+09:00
n7febd72d715c,m54b2ccd56b12,2026-08-20T21:25:14+09:00
n7febd72d715c,m7c3f37a56826,2026-08-20T21:25:14+09:00
n7febd72d715c,md1d64f3e53b1,2026-08-20T21:25:14+09:00
n801fd19f4c1e,m54b2ccd56b12,2026-07-02T19:27:28+09:00
n801fd19f4c1e,m6d69812caeed,2026-07-02T22:26:36+09:00
n801fd19f4c1e,m97848c1bdf32,2026-07-03T02:55:59+09:00
n801fd19f4c1e,ma4f7761ee62b,2026-07-03T12:51:23+09:00
n801fd19f4c1e,ma8d107d9475f,2026-07-03T02:55:59+09:00
n801fd19f4c1e,maba8091875be,2026-07-03T02:55:59+09:00
n801fd19f4c1e,mbc06117c3bf9,2026-07-02T16:39:29+09:00
n801fd19f4c1e,mc7c43a9831f4,2026-07-03T02:55:59+09:00
n801fd19f4c1e,mcf500208b8d9,2026-07-02T22:26:36+09:00
n801fd19f4c1e,me0a7e3361736,2026-07-03T02:55:59+09:00
n801fd19f4c1e,me50627303786,2026-07-02T22:26:36+09:00
n806b64123f0c,m38c6d06537bf,2026-07-20T12:42:21+09:00
n806b64123f0c,m4d9b9698cacf,2026-07-20T12:42:21+09:00
n806b64123f0c,m54b2ccd56b12,2026-07-20T12:42:21+09:00
n806b64123f0c,m60a5427bc103,2026-07-20T12:42:21+09:00
n806b64123f0c,m752f734f7a1c,2026-07-20T12:42:21+09:00
n806b64123f0c,mcf500208b8d9,2026-07-20T15:56:46+09:00
n806b64123f0c,me50627303786,2026-07-20T22:45:18+09:00
n806f05379574,m54b2ccd56b12,2026-05-30T10:59:10+09:00
n806f05379574,m6d69812caeed,2026-05-30T10:59:10+09:00
n806f05379574,md1d64f3e53b1,2026-05-30T10:59:10+09:00
n806f05379574,mdf42ea901299,2026-05-30T06:52:53+09:00
n808626dbb5e9,m6d69812caeed,2026-07-07T12:59:05+09:00
n808626dbb5e9,m7c3f37a56826,2026-07-07T12:59:05+09:00
n808626dbb5e9,mcf500208b8d9,2026-07-07T12:59:05+09:00
n808626dbb5e9,me50627303786,2026-07-08T12:25:41+09:00
n80b11bb21e9f,m23bf4d1d2800,2026-08-06T15:40:02+09:00
n80b11bb21e9f,m25517aff026a,2026-08-06T06:08:17+09:00
n80b11bb21e9f,m54b2ccd56b12,2026-08-06T06:08:17+09:00
n80b11bb21e9f,m54c3e22e02f7,2026-08-06T19:25:09+09:00
n80b11bb21e9f,m6d3400fb7014,2026-08-06T12:15:37+09:00
n80b11bb21e9f,m6d69812caeed,2026-08-06T12:15:37+09:00
n80b11bb21e9f,m752f734f7a1c,2026-08-06T06:08:17+09:00
n80b11bb21e9f,m823233ffd33c,2026-08-06T12:15:37+09:00
n80b11bb21e9f,mdb292cf776c7,2026-08-06T06:08:17+09:00
n80b11bb21e9f,me50627303786,2026-08-06T15:40:02+09:00
n80b11bb21e9f,mf2d7c09eeca9,2026-08-06T19:25:09+09:00
n81596fbcf134,m54b2ccd56b12,2026-08-20T21:25:14+09:00
n81debd19ff85,m3576f1711977,2026-07-01T13:26:02+09:00
n81debd19ff85,m6d69812caeed,2026-07-01T13:26:02+09:00
n81debd19ff85,mcf500208b8d9,2026-07-01T13:26:02+09:00
n81debd19ff85,md1d64f3e53b1,2026-07-01T13:26:02+09:00
n81debd19ff85,me50627303786,2026-07-02T19:27:28+09:00
n82365f772936,m92c449423bac,2026-05-31T19:28:27+09:00
n83bac7fcaded,m6d69812caeed,2026-05-31T19:28:27+09:00
n83bac7fcaded,m92c449423bac,2026-05-31T19:28:27+09:00
n8424d72692ad,m54b2ccd56b12,2026-07-05T13:02:16+09:00
n8424d72692ad,m55c9be73ad18,2026-07-05T13:02:16+09:00
n8424d72692ad,m60a5427bc103,2026-07-05T13:02:16+09:00
n8424d72692ad,mcf500208b8d9,2026-07-05T19:02:42+09:00
n849087caebd1,mdf42ea901299,2026-08-20T21:25:14+09:00
n851592c1a1a5,m54b2ccd56b12,2026-05-31T19:28:27+09:00
n851592c1a1a5,m6fb2cd606dbd,2026-05-31T19:28:27+09:00
n851592c1a1a5,mb41b090395c8,2026-05-31T19:28:27+09:00
n8623a77fb97e,m92c449423bac,2026-05-31T19:28:27+09:00
n89721fddb94b,m54b2ccd56b12,2026-05-31T19:28:27+09:00
n8a2824081312,m38c6d06537bf,2026-08-18T10:38:16+09:00
n8a2824081312,m4d9b9698cacf,2026-08-18T10:38:16+09:00
n8a2824081312,m54b2ccd56b12,2026-08-18T10:38:16+09:00
n8a2824081312,m60a5427bc103,2026-08-18T10:38:16+09:00
n8a2824081312,m60e9635b6cb6,2026-08-18T13:44:12+09:00
n8a2824081312,m6d69812caeed,2026-08-18T10:38:16+09:00
n8a2824081312,m752f734f7a1c,2026-08-18T10:38:16+09:00
n8a2824081312,m97848c1bdf32,2026-08-18T13:44:12+09:00
n8a2824081312,ma4f7761ee62b,2026-08-19T01:47:26+09:00
n8a2824081312,ma8d107d9475f,2026-08-18T13:44:12+09:00
n8a2824081312,maba8091875be,2026-08-18T13:44:12+09:00
n8a2824081312,mc7c43a9831f4,2026-08-18T13:44:12+09:00
n8a2824081312,mcf500208b8d9,2026-08-18T21:24:02+09:00
n8a2824081312,mdb292cf776c7,2026-08-18T10:38:16+09:00
n8a2824081312,me0a7e3361736,2026-08-18T13:44:12+09:00
n8a2824081312,me50627303786,2026-08-19T17:23:00+09:00
n8aca44b21c46,m54b2ccd56b12,2026-09-03T07:25:07+09:00
n8aca44b21c46,m60a5427bc103,2026-09-03T07:25:07+09:00
n8aca44b21c46,m9128fb5dcc5e,2026-09-03T07:25:07+09:00
n8b1b54bd924c,m7c3f37a56826,2026-08-20T21:25:14+09:00
n8bffef8e82ab,m54b2ccd56b12,2026-05-31T19:28:27+09:00
n8bffef8e82ab,m92c449423bac,2026-05-31T19:28:27+09:00
n8d59eb9ca8bf,m54b2ccd56b12,2026-05-31T19:28:27+09:00
n8d59eb9ca8bf,m92c449423bac,2026-05-31T19:28:27+09:00
n8d6181bb3530,m54b2ccd56b12,2026-05-31T19:28:27+09:00
n8d6181bb3530,mb41b090395c8,2026-05-31T19:28:27+09:00
n8dd8f85e1f5b,m30a248399fe0,2026-06-05T03:23:45+09:00
n8dd8f85e1f5b,m38c6d06537bf,2026-06-04T20:21:43+09:00
n8dd8f85e1f5b,m60a5427bc103,2026-06-04T20:21:43+09:00
n8dd8f85e1f5b,m6d69812caeed,2026-06-05T20:35:30+09:00
n8dd8f85e1f5b,m7c3f37a56826,2026-06-04T20:21:43+09:00
n8dd8f85e1f5b,mf2d7c09eeca9,2026-06-05T20:35:30+09:00
n8e2b4ae1fcc7,m41a7aa3dcc38,2026-05-31T19:28:27+09:00
n8e2b4ae1fcc7,m54b2ccd56b12,2026-05-31T19:28:27+09:00
n8e2b4ae1fcc7,mb41b090395c8,2026-05-31T19:28:27+09:00
n8e2b4ae1fcc7,mc085f157d924,2026-05-31T19:28:27+09:00
n8e399f37d716,m38c6d06537bf,2026-07-09T06:08:17+09:00
n8e399f37d716,m54b2ccd56b12,2026-07-09T12:53:11+09:00
n8e399f37d716,m6d69812caeed,2026-07-09T12:53:11+09:00
n8e399f37d716,m9128fb5dcc5e,2026-07-09T06:08:17+09:00
n8e399f37d716,mc08cb4916e00,2026-07-09T23:26:24+09:00
n8e399f37d716,mc6810aa41870,2026-07-09T06:08:17+09:00
n8e399f37d716,mcf500208b8d9,2026-07-09T12:53:11+09:00
n8e399f37d716,me50627303786,2026-07-09T16:47:16+09:00
n8ef6db5059ee,m92c449423bac,2026-05-31T19:28:27+09:00
n90c733db1f92,m1fb06cd6a61d,2026-05-11T10:59:53+09:00
n90c733db1f92,m54b2ccd56b12,2026-05-11T10:59:53+09:00
n90c733db1f92,m619b6000eeed,2026-05-11T16:02:43+09:00
n90c733db1f92,m6d69812caeed,2026-05-11T10:59:53+09:00
n916e44058936,m54b2ccd56b12,2026-05-31T19:28:27+09:00
n916e44058936,mb0e0bfe2330a,2026-06-08T21:40:57+09:00
n916e44058936,mb41b090395c8,2026-05-31T19:28:27+09:00
n91f5f557eed3,m54b2ccd56b12,2026-05-31T19:28:27+09:00
n91f5f557eed3,mb41b090395c8,2026-05-31T19:28:27+09:00
n931a24b4f578,m163dc37f6ff3,2026-08-20T10:38:56+09:00
n931a24b4f578,m4d9b9698cacf,2026-08-20T10:38:56+09:00
n931a24b4f578,m531dee90a84a,2026-08-20T10:38:56+09:00
n931a24b4f578,m54b2ccd56b12,2026-08-20T10:38:56+09:00
n931a24b4f578,m6d69812caeed,2026-08-20T10:38:56+09:00
n931a24b4f578,m752f734f7a1c,2026-08-20T10:38:56+09:00
n931a24b4f578,m97848c1bdf32,2026-08-21T05:28:01+09:00
n931a24b4f578,ma4f7761ee62b,2026-08-21T21:22:27+09:00
n931a24b4f578,ma8d107d9475f,2026-08-21T05:28:01+09:00
n931a24b4f578,maba8091875be,2026-08-21T05:28:01+09:00
n931a24b4f578,mb41b090395c8,2026-08-20T10:38:56+09:00
n931a24b4f578,mc085f157d924,2026-08-20T10:38:56+09:00
n931a24b4f578,mc7c43a9831f4,2026-08-21T05:28:01+09:00
n931a24b4f578,mcf500208b8d9,2026-08-20T17:23:56+09:00
n931a24b4f578,mdb292cf776c7,2026-08-20T10:38:56+09:00
n931a24b4f578,me0a7e3361736,2026-08-21T05:28:01+09:00
n931a24b4f578,me50627303786,2026-08-20T13:45:51+09:00
n932dee25a999,m30a248399fe0,2026-08-07T11:56:22+09:00
n932dee25a999,m38c6d06537bf,2026-08-06T22:30:52+09:00
n932dee25a999,m4d9b9698cacf,2026-08-06T22:30:52+09:00
n932dee25a999,m60a5427bc103,2026-08-06T22:30:52+09:00
n932dee25a999,m752f734f7a1c,2026-08-06T22:30:52+09:00
n932dee25a999,mdb292cf776c7,2026-08-06T22:30:52+09:00
n932dee25a999,me50627303786,2026-08-06T22:30:52+09:00
n93f431300bfb,m6cf909200081,2026-06-10T17:04:51+09:00
n93f431300bfb,m97848c1bdf32,2026-06-12T03:52:15+09:00
n93f431300bfb,m9ca58f8c5496,2026-06-05T20:35:30+09:00
n93f431300bfb,ma4f7761ee62b,2026-06-12T03:52:15+09:00
n93f431300bfb,ma8d107d9475f,2026-06-12T03:52:15+09:00
n93f431300bfb,mc7c43a9831f4,2026-06-10T17:04:51+09:00
n93f431300bfb,mcf500208b8d9,2026-06-17T17:58:25+09:00
n93f431300bfb,me0a7e3361736,2026-06-12T03:52:15+09:00
n93f431300bfb,me50627303786,2026-06-10T23:49:13+09:00
n95e2b278a0b3,m1fb06cd6a61d,2026-05-31T19:28:27+09:00
n95e2b278a0b3,m54b2ccd56b12,2026-05-31T19:28:27+09:00
n966078737b4e,m30a248399fe0,2026-06-07T06:02:25+09:00
n966078737b4e,m54b2ccd56b12,2026-06-06T15:51:54+09:00
n966078737b4e,m6d69812caeed,2026-06-06T22:05:27+09:00
n966078737b4e,m7e72b0b37154,2026-06-06T22:05:27+09:00
n966078737b4e,m9128fb5dcc5e,2026-06-06T15:51:54+09:00
n966078737b4e,mcf500208b8d9,2026-06-15T11:38:05+09:00
n966078737b4e,me50627303786,2026-06-06T22:05:27+09:00
n966078737b4e,mf2d7c09eeca9,2026-06-07T11:19:02+09:00
n968baccc2f26,m4d9b9698cacf,2026-07-11T06:06:21+09:00
n968baccc2f26,m6d69812caeed,2026-07-11T12:20:17+09:00
n968baccc2f26,m7c3f37a56826,2026-07-11T06:06:21+09:00
n968baccc2f26,m92c449423bac,2026-07-11T06:06:21+09:00
n968baccc2f26,mcf500208b8d9,2026-07-11T12:20:17+09:00
n968baccc2f26,me50627303786,2026-07-11T21:48:48+09:00
n96d6bfeff841,m38c6d06537bf,2026-05-31T19:28:27+09:00
n96d6bfeff841,m6d69812caeed,2026-05-31T19:28:27+09:00
n96d6bfeff841,m92c449423bac,2026-05-31T19:28:27+09:00
n97cef974e0fa,m54b2ccd56b12,2026-05-31T19:28:27+09:00
n97cef974e0fa,m92c449423bac,2026-05-31T19:28:27+09:00
n9a0b332de896,mdf42ea901299,2026-08-20T21:25:14+09:00
n9b29c4c82018,m54b2ccd56b12,2026-05-31T19:28:27+09:00
n9b29c4c82018,m743c88e4a3b2,2026-05-31T19:28:27+09:00
n9b29c4c82018,mdf42ea901299,2026-05-31T19:28:27+09:00
n9b318793761d,m54b2ccd56b12,2026-05-31T19:28:27+09:00
n9b318793761d,m7b454ccb8c26,2026-05-31T19:28:27+09:00
n9b7fcda137c7,m25517aff026a,2026-05-31T19:28:27+09:00
n9b7fcda137c7,mb41b090395c8,2026-05-31T19:28:27+09:00
n9ca9e20044cc,m60a5427bc103,2026-05-31T19:28:27+09:00
n9ca9e20044cc,mc6810aa41870,2026-05-31T19:28:27+09:00
n9ce4b7ff47ff,m4d9b9698cacf,2026-07-24T06:04:14+09:00
n9ce4b7ff47ff,m54b2ccd56b12,2026-07-24T12:21:15+09:00
n9ce4b7ff47ff,m55c9be73ad18,2026-07-24T06:04:14+09:00
n9ce4b7ff47ff,m60e9635b6cb6,2026-07-25T02:43:02+09:00
n9ce4b7ff47ff,m752f734f7a1c,2026-07-24T06:04:14+09:00
n9ce4b7ff47ff,m7ae6f1512188,2026-07-24T22:14:25+09:00
n9ce4b7ff47ff,m97848c1bdf32,2026-07-25T02:43:02+09:00
n9ce4b7ff47ff,ma4f7761ee62b,2026-07-26T02:06:06+09:00
n9ce4b7ff47ff,ma8d107d9475f,2026-07-25T02:43:02+09:00
n9ce4b7ff47ff,maba8091875be,2026-07-25T02:43:02+09:00
n9ce4b7ff47ff,mb0e0bfe2330a,2026-07-24T06:04:14+09:00
n9ce4b7ff47ff,mc7c43a9831f4,2026-07-25T02:43:02+09:00
n9ce4b7ff47ff,mcf500208b8d9,2026-07-24T19:05:42+09:00
n9ce4b7ff47ff,mdb292cf776c7,2026-07-24T06:04:14+09:00
n9ce4b7ff47ff,me0a7e3361736,2026-07-25T02:43:02+09:00
n9ce4b7ff47ff,me50627303786,2026-07-24T19:05:42+09:00
n9f6c0cc47841,mb41b090395c8,2026-05-31T19:28:27+09:00
n9f6c0cc47841,mc085f157d924,2026-05-31T19:28:27+09:00
na12cec7ff172,m54b2ccd56b12,2026-08-20T21:25:14+09:00
na12cec7ff172,mb41b090395c8,2026-08-20T21:25:14+09:00
na12cec7ff172,mc085f157d924,2026-08-20T21:25:14+09:00
na1d3879ffd71,m54b2ccd56b12,2026-05-31T19:28:27+09:00
na1d3879ffd71,m92c449423bac,2026-05-31T19:28:27+09:00
na32641fb00c8,mdf42ea901299,2026-05-31T19:28:27+09:00
na4b6f8608348,m163dc37f6ff3,2026-08-13T11:28:10+09:00
na4b6f8608348,m38c6d06537bf,2026-08-13T11:28:10+09:00
na4b6f8608348,m4d9b9698cacf,2026-08-13T11:28:10+09:00
na4b6f8608348,m60a5427bc103,2026-08-13T11:28:10+09:00
na4b6f8608348,m752f734f7a1c,2026-08-13T11:28:10+09:00
na4b6f8608348,m9128fb5dcc5e,2026-08-14T02:08:26+09:00
na4b6f8608348,m98f650fd7ae8,2026-08-13T11:28:10+09:00
na4b6f8608348,mdb292cf776c7,2026-08-13T11:28:10+09:00
na4b6f8608348,med01be3ffc8a,2026-08-13T11:28:10+09:00
na5572d779b87,m60a5427bc103,2026-05-31T19:28:27+09:00
na5572d779b87,m7c3f37a56826,2026-05-31T19:28:27+09:00
na56c5ac0f827,m38c6d06537bf,2026-06-01T11:35:52+09:00
na56c5ac0f827,m92c449423bac,2026-06-01T11:35:52+09:00
na593256eb638,m30a248399fe0,2026-06-12T17:20:49+09:00
na593256eb638,m38c6d06537bf,2026-06-10T17:04:51+09:00
na593256eb638,m54b2ccd56b12,2026-06-10T17:04:51+09:00
na593256eb638,m60a5427bc103,2026-06-10T17:04:51+09:00
na593256eb638,mcf500208b8d9,2026-06-13T16:44:42+09:00
na64ee4ddb5af,m55c9be73ad18,2026-07-03T22:30:48+09:00
na64ee4ddb5af,m6d69812caeed,2026-07-05T02:13:21+09:00
na64ee4ddb5af,mb0e0bfe2330a,2026-07-03T22:30:48+09:00
na64ee4ddb5af,mb41b090395c8,2026-07-03T22:30:48+09:00
na64ee4ddb5af,mcf500208b8d9,2026-07-04T02:39:16+09:00
na64ee4ddb5af,me50627303786,2026-07-07T03:15:32+09:00
na6ce621804b0,m54b2ccd56b12,2026-05-31T19:28:27+09:00
na6ce621804b0,m6d69812caeed,2026-05-31T19:28:27+09:00
na6ce621804b0,m92c449423bac,2026-05-31T19:28:27+09:00
na6e1ba27fc78,m60a5427bc103,2026-05-31T19:28:27+09:00
na879116c8cd1,m531dee90a84a,2026-07-22T02:27:23+09:00
na879116c8cd1,m54b2ccd56b12,2026-07-15T22:06:06+09:00
na879116c8cd1,m6d69812caeed,2026-07-15T22:06:06+09:00
na879116c8cd1,mbc06117c3bf9,2026-07-15T15:23:59+09:00
na879116c8cd1,mcf500208b8d9,2026-07-22T02:27:23+09:00
na879116c8cd1,md1d64f3e53b1,2026-07-15T22:06:06+09:00
na9bd0c09656e,m60a5427bc103,2026-05-31T19:28:27+09:00
na9bd0c09656e,m743c88e4a3b2,2026-05-31T19:28:27+09:00
na9e5eab6636a,m71e0b11f7314,2026-07-26T21:54:11+09:00
na9e5eab6636a,mcf500208b8d9,2026-07-26T21:54:11+09:00
na9e5eab6636a,me50627303786,2026-08-01T15:37:52+09:00
nab655fbffc3c,m25517aff026a,2026-06-16T07:17:24+09:00
nab655fbffc3c,m30a248399fe0,2026-06-17T11:38:07+09:00
nab655fbffc3c,m38c6d06537bf,2026-06-16T07:17:24+09:00
nab655fbffc3c,m54b2ccd56b12,2026-06-16T07:17:24+09:00
nab655fbffc3c,m54c3e22e02f7,2026-06-17T21:23:34+09:00
nab655fbffc3c,m60a5427bc103,2026-06-16T07:17:24+09:00
nab655fbffc3c,m60e9635b6cb6,2026-06-17T01:21:53+09:00
nab655fbffc3c,m6d69812caeed,2026-06-16T11:40:58+09:00
nab655fbffc3c,m97848c1bdf32,2026-06-17T01:21:53+09:00
nab655fbffc3c,ma4f7761ee62b,2026-06-17T01:21:53+09:00
nab655fbffc3c,ma8d107d9475f,2026-06-17T01:21:53+09:00
nab655fbffc3c,maba8091875be,2026-06-17T01:21:53+09:00
nab655fbffc3c,mc7c43a9831f4,2026-06-17T01:21:53+09:00
nab655fbffc3c,mcf500208b8d9,2026-06-17T07:11:25+09:00
nab655fbffc3c,me0a7e3361736,2026-06-17T01:21:53+09:00
nab655fbffc3c,me50627303786,2026-06-16T22:01:08+09:00
nab655fbffc3c,mf2d7c09eeca9,2026-06-17T21:23:34+09:00
nacfe16d2b5fb,mb41b090395c8,2026-05-31T19:28:27+09:00
nad01f2a3cf6a,mb41b090395c8,2026-05-31T19:28:27+09:00
nad01f2a3cf6a,mc085f157d924,2026-05-31T19:28:27+09:00
nae6737f3c961,m71e0b11f7314,2026-08-07T21:36:58+09:00
nae6737f3c961,me50627303786,2026-08-08T21:22:48+09:00
naecd818aed74,m60a5427bc103,2026-05-31T19:28:27+09:00
naecd818aed74,mc6810aa41870,2026-05-31T19:28:27+09:00
naed54b2a3238,m38c6d06537bf,2026-07-07T06:29:44+09:00
naed54b2a3238,m4d9b9698cacf,2026-07-07T12:59:05+09:00
naed54b2a3238,m54b2ccd56b12,2026-07-07T12:59:05+09:00
naed54b2a3238,m9128fb5dcc5e,2026-07-07T06:29:44+09:00
naed54b2a3238,mcf500208b8d9,2026-07-07T12:59:05+09:00
naed54b2a3238,me3c1530749d9,2026-08-14T14:44:09+09:00
naed54b2a3238,me50627303786,2026-07-08T15:35:55+09:00
naf4f9cdf4445,m38c6d06537bf,2026-07-19T12:28:37+09:00
naf4f9cdf4445,m4d9b9698cacf,2026-07-19T12:28:37+09:00
naf4f9cdf4445,m54b2ccd56b12,2026-07-19T12:28:37+09:00
naf4f9cdf4445,m752f734f7a1c,2026-07-19T12:28:37+09:00
naf4f9cdf4445,m7c3f37a56826,2026-07-19T12:28:37+09:00
naf4f9cdf4445,mcf500208b8d9,2026-07-19T15:38:57+09:00
naf4f9cdf4445,me50627303786,2026-07-19T12:28:37+09:00
nafd11a559837,m30a248399fe0,2026-05-21T23:40:11+09:00
nafd11a559837,m38c6d06537bf,2026-05-20T11:07:05+09:00
nafd11a559837,m60a5427bc103,2026-05-20T11:07:05+09:00
nafd11a559837,m7ae6f1512188,2026-05-20T23:31:06+09:00
nb0ed94146a9d,m38c6d06537bf,2026-05-15T06:09:02+09:00
nb0ed94146a9d,m54b2ccd56b12,2026-05-15T06:09:02+09:00
nb0ed94146a9d,m60a5427bc103,2026-05-15T06:09:02+09:00
nb0ed94146a9d,m6d69812caeed,2026-05-15T11:01:41+09:00
nb0ed94146a9d,m7ae6f1512188,2026-05-16T02:44:11+09:00
nb233de2761a5,m8606642d9737,2026-07-29T06:08:59+09:00
nb3178a5e855f,m38c6d06537bf,2026-08-30T07:24:16+09:00
nb3178a5e855f,m54b2ccd56b12,2026-08-30T07:24:16+09:00
nb3178a5e855f,m54c3e22e02f7,2026-08-30T13:53:43+09:00
nb3178a5e855f,m60a5427bc103,2026-08-30T07:24:16+09:00
nb3178a5e855f,m6d69812caeed,2026-08-30T18:54:45+09:00
nb3178a5e855f,me50627303786,2026-08-31T13:57:56+09:00
nb3178a5e855f,mf2d7c09eeca9,2026-08-30T13:53:43+09:00
nb38b677a188d,m54b2ccd56b12,2026-05-31T19:28:27+09:00
nb38b677a188d,m60a5427bc103,2026-05-31T19:28:27+09:00
nb39a9cb870cd,mb41b090395c8,2026-08-20T21:25:14+09:00
nb39a9cb870cd,mc085f157d924,2026-08-20T21:25:14+09:00
nb40707eaeb51,m30a248399fe0,2026-05-27T11:12:06+09:00
nb40707eaeb51,m38c6d06537bf,2026-05-26T11:03:34+09:00
nb40707eaeb51,m41a7aa3dcc38,2026-05-26T11:03:34+09:00
nb40707eaeb51,m54b2ccd56b12,2026-05-26T16:40:25+09:00
nb40707eaeb51,m54c3e22e02f7,2026-05-26T11:03:34+09:00
nb40707eaeb51,m60a5427bc103,2026-05-26T11:03:34+09:00
nb40707eaeb51,m6d69812caeed,2026-05-26T11:03:34+09:00
nb40707eaeb51,md1d64f3e53b1,2026-05-27T03:32:23+09:00
nb4afcb096b17,mdf42ea901299,2026-08-20T21:25:14+09:00
nb5464e2eaf49,m54b2ccd56b12,2026-08-20T21:25:14+09:00
nb5464e2eaf49,mb41b090395c8,2026-08-20T21:25:14+09:00
nb5464e2eaf49,mc085f157d924,2026-08-20T21:25:14+09:00
nb7c5dc89e7ad,m54b2ccd56b12,2026-05-31T19:28:27+09:00
nb7c5dc89e7ad,mb41b090395c8,2026-05-31T19:28:27+09:00
nb7c5dc89e7ad,mc085f157d924,2026-05-31T19:28:27+09:00
nb7c5dc89e7ad,me092583c4c64,2026-05-31T19:28:27+09:00
nba422f64aec6,m7c3f37a56826,2026-08-20T21:25:14+09:00
nba4b25cc61a3,mb41b090395c8,2026-05-31T19:28:27+09:00
nbb013f6fe54b,mbc06117c3bf9,2026-08-07T17:45:22+09:00
nbb4bd6e6f041,m54b2ccd56b12,2026-08-20T21:25:14+09:00
nbb4bd6e6f041,mb41b090395c8,2026-08-20T21:25:14+09:00
nbb4bd6e6f041,mc085f157d924,2026-08-20T21:25:14+09:00
nbba1e0447eca,m60a5427bc103,2026-05-31T19:28:27+09:00
nbbd8ca9a55d7,m92c449423bac,2026-05-31T19:28:27+09:00
nbcd6076c115b,m1aa7f46e65a4,2026-05-31T19:28:27+09:00
nbcea1133423c,m54b2ccd56b12,2026-05-31T19:28:27+09:00
nbcea1133423c,m60a5427bc103,2026-05-31T19:28:27+09:00
nbdbe76c8434e,m04367e7cf8fa,2026-06-26T03:16:34+09:00
nbdbe76c8434e,m38c6d06537bf,2026-06-24T06:31:53+09:00
nbdbe76c8434e,m54b2ccd56b12,2026-06-24T11:07:33+09:00
nbdbe76c8434e,m54c3e22e02f7,2026-06-25T16:39:39+09:00
nbdbe76c8434e,m60a5427bc103,2026-06-24T06:31:53+09:00
nbdbe76c8434e,m60e9635b6cb6,2026-06-24T19:57:58+09:00
nbdbe76c8434e,m97848c1bdf32,2026-06-24T19:57:58+09:00
nbdbe76c8434e,ma4f7761ee62b,2026-06-26T23:29:33+09:00
nbdbe76c8434e,ma8d107d9475f,2026-06-24T19:57:58+09:00
nbdbe76c8434e,maba8091875be,2026-06-24T19:57:58+09:00
nbdbe76c8434e,mc6810aa41870,2026-06-24T06:31:53+09:00
nbdbe76c8434e,mc7c43a9831f4,2026-06-24T19:57:58+09:00
nbdbe76c8434e,mcdf4ee972bd9,2026-06-24T23:04:01+09:00
nbdbe76c8434e,mcf500208b8d9,2026-06-24T16:38:16+09:00
nbdbe76c8434e,md060aa7d8db7,2026-06-26T23:29:33+09:00
nbdbe76c8434e,me0a7e3361736,2026-06-24T19:57:58+09:00
nbdbe76c8434e,mf2d7c09eeca9,2026-06-25T16:39:39+09:00
nbf27601ae085,m60a5427bc103,2026-05-31T19:28:27+09:00
nbf27601ae085,mc6810aa41870,2026-05-31T19:28:27+09:00
nbfca18275d64,m41a7aa3dcc38,2026-05-31T19:28:27+09:00
nbfca18275d64,m60a5427bc103,2026-05-31T19:28:27+09:00
nbfca18275d64,m74c57ab6ff5e,2026-05-31T19:28:27+09:00
nc06ae6091deb,m54b2ccd56b12,2026-08-20T21:25:14+09:00
nc0e6056acdf7,m54b2ccd56b12,2026-05-22T06:27:04+09:00
nc0e6056acdf7,mb0e0bfe2330a,2026-06-08T21:40:57+09:00
nc0e6056acdf7,mb41b090395c8,2026-05-22T06:27:04+09:00
nc13b8969d734,mc085f157d924,2026-08-20T21:25:14+09:00
nc2007d41bbcc,mb41b090395c8,2026-08-20T21:25:14+09:00
nc2007d41bbcc,mc085f157d924,2026-08-20T21:25:14+09:00
nc2ca119c0c37,m30a248399fe0,2026-06-10T20:45:17+09:00
nc2ca119c0c37,m54b2ccd56b12,2026-06-10T06:49:04+09:00
nc2ca119c0c37,m55c9be73ad18,2026-06-23T16:44:55+09:00
nc2ca119c0c37,m6d69812caeed,2026-06-10T11:11:44+09:00
nc2ca119c0c37,m97848c1bdf32,2026-06-10T11:11:44+09:00
nc2ca119c0c37,ma4f7761ee62b,2026-06-10T17:04:51+09:00
nc2ca119c0c37,ma8d107d9475f,2026-06-10T11:11:44+09:00
nc2ca119c0c37,mb0e0bfe2330a,2026-06-10T06:49:04+09:00
nc2ca119c0c37,mb41b090395c8,2026-06-10T06:49:04+09:00
nc2ca119c0c37,mc7c43a9831f4,2026-06-10T11:11:44+09:00
nc2ca119c0c37,mcf500208b8d9,2026-06-10T11:11:44+09:00
nc2ca119c0c37,me0a7e3361736,2026-06-10T11:11:44+09:00
nc307fb9810c8,m54b2ccd56b12,2026-05-31T19:28:27+09:00
nc307fb9810c8,ma5e9b2c7b91f,2026-05-31T19:28:27+09:00
nc307fb9810c8,mb41b090395c8,2026-05-31T19:28:27+09:00
nc307fb9810c8,mc085f157d924,2026-05-31T19:28:27+09:00
nc30bb8d22273,m54b2ccd56b12,2026-05-31T19:28:27+09:00
nc30bb8d22273,m6d69812caeed,2026-05-31T19:28:27+09:00
nc30bb8d22273,m92c449423bac,2026-05-31T19:28:27+09:00
nc3252bc94e80,m441c3860e4cc,2026-07-16T12:16:34+09:00
nc3252bc94e80,m54b2ccd56b12,2026-07-16T12:16:34+09:00
nc3252bc94e80,m6d69812caeed,2026-07-16T12:16:34+09:00
nc3252bc94e80,mcf500208b8d9,2026-07-16T12:16:34+09:00
nc3252bc94e80,me50627303786,2026-07-19T12:28:37+09:00
nc523736f7bef,m54b2ccd56b12,2026-06-20T22:24:45+09:00
nc523736f7bef,m55c9be73ad18,2026-06-24T16:38:16+09:00
nc523736f7bef,m97848c1bdf32,2026-06-21T06:14:12+09:00
nc523736f7bef,ma4f7761ee62b,2026-06-22T02:45:43+09:00
nc523736f7bef,ma8d107d9475f,2026-06-21T06:14:12+09:00
nc523736f7bef,maba8091875be,2026-06-21T06:14:12+09:00
nc523736f7bef,mb0e0bfe2330a,2026-06-20T22:24:45+09:00
nc523736f7bef,mb41b090395c8,2026-06-20T22:24:45+09:00
nc523736f7bef,mc085f157d924,2026-06-20T22:24:45+09:00
nc523736f7bef,mc7c43a9831f4,2026-06-21T06:14:12+09:00
nc523736f7bef,mcf500208b8d9,2026-06-21T11:36:31+09:00
nc523736f7bef,me0a7e3361736,2026-06-21T06:14:12+09:00
nc523736f7bef,me50627303786,2026-06-23T01:26:58+09:00
nc64f2034d1af,m30a248399fe0,2026-06-24T23:04:01+09:00
nc64f2034d1af,m38c6d06537bf,2026-06-22T06:12:55+09:00
nc64f2034d1af,m54b2ccd56b12,2026-06-22T06:12:55+09:00
nc64f2034d1af,m60a5427bc103,2026-06-22T06:12:55+09:00
nc64f2034d1af,m6d69812caeed,2026-06-22T11:40:30+09:00
nc64f2034d1af,mc6810aa41870,2026-06-22T06:12:55+09:00
nc64f2034d1af,mcf500208b8d9,2026-06-22T22:42:39+09:00
nc64f2034d1af,me50627303786,2026-06-23T01:26:58+09:00
nc6a528e4f068,m54b2ccd56b12,2026-05-31T19:28:27+09:00
nc6a528e4f068,m92c449423bac,2026-05-31T19:28:27+09:00
nc6c6b253ea3f,m30a248399fe0,2026-07-21T12:22:20+09:00
nc6c6b253ea3f,m38c6d06537bf,2026-07-18T11:56:18+09:00
nc6c6b253ea3f,m4d9b9698cacf,2026-07-18T11:56:18+09:00
nc6c6b253ea3f,m54b2ccd56b12,2026-07-18T11:56:18+09:00
nc6c6b253ea3f,m6d69812caeed,2026-07-18T11:56:18+09:00
nc6c6b253ea3f,m752f734f7a1c,2026-07-18T11:56:18+09:00
nc6c6b253ea3f,mcf500208b8d9,2026-07-18T15:12:33+09:00
nc6c6b253ea3f,me50627303786,2026-07-19T12:28:37+09:00
nc75b6e0ada19,m163dc37f6ff3,2026-08-06T22:30:52+09:00
nc75b6e0ada19,m4d9b9698cacf,2026-08-05T11:58:04+09:00
nc75b6e0ada19,m54b2ccd56b12,2026-08-05T11:58:04+09:00
nc75b6e0ada19,m54c3e22e02f7,2026-08-06T19:25:09+09:00
nc75b6e0ada19,m60a5427bc103,2026-08-05T11:58:04+09:00
nc75b6e0ada19,m60e9635b6cb6,2026-08-05T15:37:00+09:00
nc75b6e0ada19,m752f734f7a1c,2026-08-05T11:58:04+09:00
nc75b6e0ada19,m9128fb5dcc5e,2026-08-05T11:58:04+09:00
nc75b6e0ada19,m97848c1bdf32,2026-08-05T15:37:00+09:00
nc75b6e0ada19,ma4f7761ee62b,2026-08-05T15:37:00+09:00
nc75b6e0ada19,ma8d107d9475f,2026-08-05T15:37:00+09:00
nc75b6e0ada19,maba8091875be,2026-08-05T15:37:00+09:00
nc75b6e0ada19,mc7c43a9831f4,2026-08-05T15:37:00+09:00
nc75b6e0ada19,mcf500208b8d9,2026-08-05T11:58:04+09:00
nc75b6e0ada19,md1d64f3e53b1,2026-08-05T22:31:45+09:00
nc75b6e0ada19,mdb292cf776c7,2026-08-05T11:58:04+09:00
nc75b6e0ada19,me0a7e3361736,2026-08-05T15:37:00+09:00
nc75b6e0ada19,me50627303786,2026-08-05T19:23:03+09:00
nc75b6e0ada19,mf2d7c09eeca9,2026-08-06T19:25:09+09:00
nc7803055e2e0,m60a5427bc103,2026-05-31T19:28:27+09:00
nc7803055e2e0,m8fb499ecbcbb,2026-05-31T19:28:27+09:00
nc792d382644b,mdf42ea901299,2026-08-20T21:25:14+09:00
nc8a9abd4a441,m38c6d06537bf,2026-05-31T11:14:04+09:00
nc8a9abd4a441,m54b2ccd56b12,2026-05-31T11:14:04+09:00
nc8a9abd4a441,m60a5427bc103,2026-05-31T11:14:04+09:00
nc8a9abd4a441,m6d69812caeed,2026-05-31T11:14:04+09:00
nc8a9abd4a441,m7ae6f1512188,2026-05-31T16:45:28+09:00
nc92a1d1ffe8a,m92c449423bac,2026-05-31T19:28:27+09:00
nc994f01ec487,m92c449423bac,2026-05-31T19:28:27+09:00
nc995a7b72d5d,m54b2ccd56b12,2026-08-20T21:25:14+09:00
nc995a7b72d5d,mb93cd6498ade,2026-08-20T21:25:14+09:00
nca1c0681a954,m7c3f37a56826,2026-08-20T21:25:14+09:00
ncc0c41120d53,m38c6d06537bf,2026-06-20T11:12:55+09:00
ncc0c41120d53,m54b2ccd56b12,2026-06-20T11:12:55+09:00
ncc0c41120d53,m6d69812caeed,2026-06-20T11:12:55+09:00
ncc0c41120d53,m9128fb5dcc5e,2026-06-20T11:12:55+09:00
ncc0c41120d53,mcf500208b8d9,2026-06-20T16:48:02+09:00
ncc0c41120d53,me50627303786,2026-06-23T01:26:58+09:00
ncc0c41120d53,mf2d7c09eeca9,2026-06-20T11:12:55+09:00
ncc0c41120d53,mfa4dbb02c352,2026-06-20T16:48:02+09:00
ncc16280ba773,m8fb499ecbcbb,2026-05-31T19:28:27+09:00
ncc242e398d95,m60a5427bc103,2026-05-31T19:28:27+09:00
ncc242e398d95,m74c57ab6ff5e,2026-05-31T19:28:27+09:00
ncc242e398d95,m8fb499ecbcbb,2026-05-31T19:28:27+09:00
nccdfc0568f92,m7c3f37a56826,2026-05-31T19:28:27+09:00
ncd45d41bc50e,m7c3f37a56826,2026-08-20T21:25:14+09:00
nce0335d0d3f0,m1925598ad8ee,2026-06-14T11:34:27+09:00
nce0335d0d3f0,m38c6d06537bf,2026-06-14T06:11:35+09:00
nce0335d0d3f0,m54b2ccd56b12,2026-06-14T11:34:27+09:00
nce0335d0d3f0,m60a5427bc103,2026-06-14T06:11:35+09:00
nce0335d0d3f0,m60e9635b6cb6,2026-06-15T06:08:32+09:00
nce0335d0d3f0,m97848c1bdf32,2026-06-15T06:08:32+09:00
nce0335d0d3f0,ma4f7761ee62b,2026-06-15T11:38:05+09:00
nce0335d0d3f0,ma8d107d9475f,2026-06-15T06:08:32+09:00
nce0335d0d3f0,maba8091875be,2026-06-15T06:08:32+09:00
nce0335d0d3f0,mc7c43a9831f4,2026-06-15T06:08:32+09:00
nce0335d0d3f0,mcf500208b8d9,2026-06-14T22:26:54+09:00
nce0335d0d3f0,me0a7e3361736,2026-06-15T06:08:32+09:00
nce0335d0d3f0,me50627303786,2026-06-14T17:13:05+09:00
nce392ff5ee8d,m30a248399fe0,2026-06-18T11:36:17+09:00
nce392ff5ee8d,m38c6d06537bf,2026-06-17T07:11:25+09:00
nce392ff5ee8d,m54b2ccd56b12,2026-06-17T07:11:25+09:00
nce392ff5ee8d,m54c3e22e02f7,2026-06-18T20:57:11+09:00
nce392ff5ee8d,m60a5427bc103,2026-06-17T07:11:25+09:00
nce392ff5ee8d,m60e9635b6cb6,2026-06-17T21:23:34+09:00
nce392ff5ee8d,m6d69812caeed,2026-06-17T11:38:07+09:00
nce392ff5ee8d,m743c88e4a3b2,2026-06-17T17:58:25+09:00
nce392ff5ee8d,m97848c1bdf32,2026-06-17T21:23:34+09:00
nce392ff5ee8d,ma4f7761ee62b,2026-06-17T23:48:33+09:00
nce392ff5ee8d,ma8d107d9475f,2026-06-17T21:23:34+09:00
nce392ff5ee8d,maba8091875be,2026-06-17T21:23:34+09:00
nce392ff5ee8d,mc7c43a9831f4,2026-06-17T21:23:34+09:00
nce392ff5ee8d,mcf500208b8d9,2026-06-17T07:11:25+09:00
nce392ff5ee8d,me0a7e3361736,2026-06-17T21:23:34+09:00
nce392ff5ee8d,me50627303786,2026-06-18T17:36:00+09:00
nce392ff5ee8d,mf2d7c09eeca9,2026-06-18T20:57:11+09:00
ncf8298ff7c41,m54b2ccd56b12,2026-05-31T19:28:27+09:00
ncf8298ff7c41,m92c449423bac,2026-05-31T19:28:27+09:00
nd0ab484b76de,m0f6484462f7f,2026-06-13T22:22:44+09:00
nd0ab484b76de,m60a5427bc103,2026-06-13T06:31:57+09:00
nd0ab484b76de,m6d69812caeed,2026-06-14T02:29:27+09:00
nd0ab484b76de,m7ae6f1512188,2026-06-13T16:44:42+09:00
nd0ab484b76de,m7c3f37a56826,2026-06-13T06:31:57+09:00
nd0ab484b76de,m97848c1bdf32,2026-06-13T06:31:57+09:00
nd0ab484b76de,ma4f7761ee62b,2026-06-13T11:11:30+09:00
nd0ab484b76de,ma8d107d9475f,2026-06-13T06:31:57+09:00
nd0ab484b76de,maba8091875be,2026-06-13T06:31:57+09:00
nd0ab484b76de,mc7c43a9831f4,2026-06-13T06:31:57+09:00
nd0ab484b76de,mcf500208b8d9,2026-06-13T16:44:42+09:00
nd0ab484b76de,me0a7e3361736,2026-06-13T06:31:57+09:00
nd0ab484b76de,me50627303786,2026-06-14T02:29:27+09:00
nd1115a8e3e2f,m38c6d06537bf,2026-07-12T12:32:23+09:00
nd1115a8e3e2f,m4d9b9698cacf,2026-07-12T12:32:23+09:00
nd1115a8e3e2f,m54b2ccd56b12,2026-07-12T12:32:23+09:00
nd1115a8e3e2f,m60a5427bc103,2026-07-12T12:32:23+09:00
nd1115a8e3e2f,m97848c1bdf32,2026-07-12T12:32:23+09:00
nd1115a8e3e2f,ma4f7761ee62b,2026-07-15T11:54:58+09:00
nd1115a8e3e2f,ma8d107d9475f,2026-07-12T12:32:23+09:00
nd1115a8e3e2f,maba8091875be,2026-07-12T12:32:23+09:00
nd1115a8e3e2f,mc7c43a9831f4,2026-07-12T12:32:23+09:00
nd1115a8e3e2f,mcf500208b8d9,2026-07-12T21:50:21+09:00
nd1115a8e3e2f,me0a7e3361736,2026-07-12T12:32:23+09:00
nd1115a8e3e2f,me50627303786,2026-07-12T15:43:08+09:00
nd1dffbf837fa,m60a5427bc103,2026-05-31T19:28:27+09:00
nd1dffbf837fa,mc085f157d924,2026-05-31T19:28:27+09:00
nd1dffbf837fa,mc6810aa41870,2026-05-31T19:28:27+09:00
nd2d0fee56d8a,m38c6d06537bf,2026-08-22T10:37:05+09:00
nd2d0fee56d8a,m4d9b9698cacf,2026-08-22T10:37:05+09:00
nd2d0fee56d8a,m54b2ccd56b12,2026-08-22T10:37:05+09:00
nd2d0fee56d8a,m60a5427bc103,2026-08-22T10:37:05+09:00
nd2d0fee56d8a,m6d69812caeed,2026-08-22T10:37:05+09:00
nd2d0fee56d8a,m752f734f7a1c,2026-08-22T10:37:05+09:00
nd2d0fee56d8a,mcf500208b8d9,2026-08-23T01:31:26+09:00
nd2d0fee56d8a,md1d64f3e53b1,2026-08-23T17:17:20+09:00
nd2d0fee56d8a,mdb292cf776c7,2026-08-22T10:37:05+09:00
nd2d0fee56d8a,me50627303786,2026-08-23T17:17:20+09:00
nd2d0fee56d8a,med01be3ffc8a,2026-08-22T10:37:05+09:00
nd4ab157381cf,m9128fb5dcc5e,2026-05-31T19:28:27+09:00
nd4c1538588b6,m30a248399fe0,2026-07-31T15:52:27+09:00
nd4c1538588b6,m38c6d06537bf,2026-07-31T06:15:10+09:00
nd4c1538588b6,m4d9b9698cacf,2026-07-31T06:15:10+09:00
nd4c1538588b6,m54b2ccd56b12,2026-07-31T12:32:48+09:00
nd4c1538588b6,m54c3e22e02f7,2026-07-31T12:32:48+09:00
nd4c1538588b6,m6d69812caeed,2026-07-31T12:32:48+09:00
nd4c1538588b6,m74c57ab6ff5e,2026-07-31T12:32:48+09:00
nd4c1538588b6,m752f734f7a1c,2026-07-31T06:15:10+09:00
nd4c1538588b6,mcf500208b8d9,2026-07-31T19:27:08+09:00
nd4c1538588b6,mdb292cf776c7,2026-07-31T06:15:10+09:00
nd4c1538588b6,mf2d7c09eeca9,2026-07-31T12:32:48+09:00
nd4fab877eba9,mb41b090395c8,2026-05-31T19:28:27+09:00
nd4fab877eba9,mc085f157d924,2026-05-31T19:28:27+09:00
nd530994981af,m54b2ccd56b12,2026-05-31T19:28:27+09:00
nd530994981af,m60a5427bc103,2026-05-31T19:28:27+09:00
nd530994981af,m8b207cd2e53a,2026-05-31T19:28:27+09:00
nd530994981af,mc6810aa41870,2026-05-31T19:28:27+09:00
nd682f6daf6e1,m30a248399fe0,2026-05-14T11:02:24+09:00
nd682f6daf6e1,m38c6d06537bf,2026-05-14T06:24:38+09:00
nd682f6daf6e1,m54b2ccd56b12,2026-05-14T11:02:24+09:00
nd682f6daf6e1,m60a5427bc103,2026-05-14T06:24:38+09:00
nd682f6daf6e1,m6d69812caeed,2026-05-14T11:02:24+09:00
nd6887a270059,mb41b090395c8,2026-05-31T19:28:27+09:00
nd6887a270059,mc085f157d924,2026-05-31T19:28:27+09:00
nd786130a78af,m54b2ccd56b12,2026-06-26T06:31:18+09:00
nd786130a78af,m60a5427bc103,2026-06-26T06:31:18+09:00
nd786130a78af,m6d69812caeed,2026-06-26T23:29:33+09:00
nd786130a78af,m97848c1bdf32,2026-06-26T23:29:33+09:00
nd786130a78af,ma4f7761ee62b,2026-06-26T23:29:33+09:00
nd786130a78af,ma8d107d9475f,2026-06-26T23:29:33+09:00
nd786130a78af,maba8091875be,2026-06-26T23:29:33+09:00
nd786130a78af,mc7c43a9831f4,2026-06-26T23:29:33+09:00
nd786130a78af,mcf500208b8d9,2026-06-26T23:29:33+09:00
nd786130a78af,me0a7e3361736,2026-06-26T23:29:33+09:00
nd8f5cd1432b7,m38c6d06537bf,2026-05-27T06:42:33+09:00
nd8f5cd1432b7,m54b2ccd56b12,2026-05-27T11:12:06+09:00
nd8f5cd1432b7,m651aaa4e52a9,2026-05-27T23:52:39+09:00
nd8f5cd1432b7,m6d69812caeed,2026-05-27T11:12:06+09:00
nd8f5cd1432b7,m7c3f37a56826,2026-05-27T06:42:33+09:00
nd8f5cd1432b7,ma5bd9f7c40cf,2026-05-27T23:52:39+09:00
nd8f5cd1432b7,mc6810aa41870,2026-05-27T06:42:33+09:00
nd9a080d7869d,m38c6d06537bf,2026-08-04T06:02:31+09:00
nd9a080d7869d,m4d9b9698cacf,2026-08-04T06:02:31+09:00
nd9a080d7869d,m531dee90a84a,2026-08-04T12:17:08+09:00
nd9a080d7869d,m54b2ccd56b12,2026-08-04T12:17:08+09:00
nd9a080d7869d,m6d69812caeed,2026-08-04T12:17:08+09:00
nd9a080d7869d,m752f734f7a1c,2026-08-04T06:02:31+09:00
nd9a080d7869d,mcf500208b8d9,2026-08-04T12:17:08+09:00
nd9a080d7869d,mdb292cf776c7,2026-08-04T06:02:31+09:00
nd9a080d7869d,me50627303786,2026-08-04T12:17:08+09:00
nd9a457f83728,m025e0da52a87,2026-08-26T13:50:26+09:00
nd9a457f83728,m38c6d06537bf,2026-08-26T10:44:22+09:00
nd9a457f83728,m4d9b9698cacf,2026-08-26T10:44:22+09:00
nd9a457f83728,m60a5427bc103,2026-08-26T10:44:22+09:00
nd9a457f83728,m6d69812caeed,2026-08-26T10:44:22+09:00
nd9a457f83728,m752f734f7a1c,2026-08-26T10:44:22+09:00
nd9a457f83728,mcf500208b8d9,2026-08-27T07:45:48+09:00
nd9a457f83728,mdb292cf776c7,2026-08-26T10:44:22+09:00
nd9a457f83728,me50627303786,2026-08-26T13:50:26+09:00
nda70883ef862,m1fb06cd6a61d,2026-05-31T19:28:27+09:00
ndb3d446c6941,m30a248399fe0,2026-07-27T02:08:44+09:00
ndb3d446c6941,mbc06117c3bf9,2026-07-25T15:26:32+09:00
ndb3d446c6941,mcf500208b8d9,2026-07-26T12:34:07+09:00
ndb3d446c6941,mf2d7c09eeca9,2026-07-27T12:42:09+09:00
ndc05cd21b8ae,m1fb06cd6a61d,2026-05-31T19:28:27+09:00
ndc05cd21b8ae,m7e72b0b37154,2026-05-31T19:28:27+09:00
ndca250057f98,mdf42ea901299,2026-08-20T21:25:14+09:00
ndfe4220256a2,m25517aff026a,2026-08-15T10:37:41+09:00
ndfe4220256a2,m54b2ccd56b12,2026-08-15T10:37:41+09:00
ndfe4220256a2,m752f734f7a1c,2026-08-15T13:40:31+09:00
ndfe4220256a2,m98f650fd7ae8,2026-08-15T13:40:31+09:00
ndfe4220256a2,maa5a2a7f67c6,2026-08-15T10:37:41+09:00
ndfe4220256a2,mc08cb4916e00,2026-08-15T10:37:41+09:00
ndfe4220256a2,me50627303786,2026-08-15T10:37:41+09:00
ndff3ce9c01c6,m3576f1711977,2026-06-28T06:07:45+09:00
ndff3ce9c01c6,m54b2ccd56b12,2026-06-28T13:28:17+09:00
ndff3ce9c01c6,m5fa91e4af0ed,2026-06-28T13:28:17+09:00
ndff3ce9c01c6,m6d69812caeed,2026-06-30T03:16:43+09:00
ndff3ce9c01c6,mc08cb4916e00,2026-06-30T19:52:15+09:00
ndff3ce9c01c6,mcf500208b8d9,2026-06-28T13:28:17+09:00
ndff63174fbfb,m30a248399fe0,2026-08-08T14:06:21+09:00
ndff63174fbfb,m38c6d06537bf,2026-08-08T11:01:59+09:00
ndff63174fbfb,m4d9b9698cacf,2026-08-08T11:01:59+09:00
ndff63174fbfb,m54c3e22e02f7,2026-08-09T01:40:23+09:00
ndff63174fbfb,m6d69812caeed,2026-08-09T01:40:23+09:00
ndff63174fbfb,m752f734f7a1c,2026-08-08T11:01:59+09:00
ndff63174fbfb,mdb292cf776c7,2026-08-08T11:01:59+09:00
ndff63174fbfb,me50627303786,2026-08-08T21:22:48+09:00
ndff63174fbfb,med01be3ffc8a,2026-08-08T11:01:59+09:00
ndff63174fbfb,mf2d7c09eeca9,2026-08-09T01:40:23+09:00
ne12f171eb5e9,m54b2ccd56b12,2026-06-06T15:51:54+09:00
ne12f171eb5e9,m97848c1bdf32,2026-06-10T17:04:51+09:00
ne12f171eb5e9,ma4f7761ee62b,2026-06-10T17:04:51+09:00
ne12f171eb5e9,ma8d107d9475f,2026-06-10T17:04:51+09:00
ne12f171eb5e9,maba8091875be,2026-06-10T17:04:51+09:00
ne12f171eb5e9,mc7c43a9831f4,2026-06-10T17:04:51+09:00
ne12f171eb5e9,mcf500208b8d9,2026-06-07T16:52:08+09:00
ne12f171eb5e9,me0a7e3361736,2026-06-10T17:04:51+09:00
ne12f171eb5e9,me50627303786,2026-06-10T23:49:13+09:00
ne3b72f60c9d2,m38c6d06537bf,2026-05-31T19:28:27+09:00
ne3b72f60c9d2,m54b2ccd56b12,2026-05-31T19:28:27+09:00
ne3b72f60c9d2,m92c449423bac,2026-05-31T19:28:27+09:00
ne46a3a7f5f2d,m8fb499ecbcbb,2026-08-20T21:25:14+09:00
ne5a926708658,m54b2ccd56b12,2026-07-01T06:29:09+09:00
ne5a926708658,m71e0b11f7314,2026-07-01T03:02:47+09:00
ne5a926708658,mcf500208b8d9,2026-07-01T17:19:48+09:00
ne5a926708658,me50627303786,2026-07-01T03:02:47+09:00
ne603d7be5d7c,mb41b090395c8,2026-08-20T21:25:14+09:00
ne603d7be5d7c,mc085f157d924,2026-08-20T21:25:14+09:00
ne620940e5886,m54b2ccd56b12,2026-05-31T19:28:27+09:00
ne620940e5886,m60a5427bc103,2026-05-31T19:28:27+09:00
ne620940e5886,m6d69812caeed,2026-05-31T19:28:27+09:00
ne620940e5886,mc6810aa41870,2026-05-31T19:28:27+09:00
ne7a1296c4fe0,m60a5427bc103,2026-05-31T19:28:27+09:00
ne8da707539e4,mb41b090395c8,2026-05-31T19:28:27+09:00
neab22d0aaf94,m54b2ccd56b12,2026-05-31T19:28:27+09:00
neab22d0aaf94,m60a5427bc103,2026-05-31T19:28:27+09:00
neab22d0aaf94,m6fb2cd606dbd,2026-05-31T19:28:27+09:00
neab22d0aaf94,mc6810aa41870,2026-05-31T19:28:27+09:00
neaddf8e029ee,mdf42ea901299,2026-08-20T21:25:14+09:00
neafe26bc7b01,m60a5427bc103,2026-05-29T06:55:42+09:00
neafe26bc7b01,m6d69812caeed,2026-05-29T11:04:59+09:00
neafe26bc7b01,md060aa7d8db7,2026-05-31T05:52:48+09:00
neafe26bc7b01,me50627303786,2026-05-29T20:36:44+09:00
neb869479121c,m54b2ccd56b12,2026-08-20T21:25:14+09:00
neb869479121c,mb41b090395c8,2026-08-20T21:25:14+09:00
neb869479121c,mc085f157d924,2026-08-20T21:25:14+09:00
nec6221074122,m38c6d06537bf,2026-05-12T06:16:20+09:00
nec6221074122,m54b2ccd56b12,2026-05-12T06:16:20+09:00
nec6221074122,m60a5427bc103,2026-05-12T06:16:20+09:00
nec6221074122,m6d69812caeed,2026-05-12T10:55:47+09:00
nec63997f450d,m30a248399fe0,2026-05-31T19:28:27+09:00
nec63997f450d,m38c6d06537bf,2026-05-31T19:28:27+09:00
nec63997f450d,m54b2ccd56b12,2026-05-31T19:28:27+09:00
nec63997f450d,m60a5427bc103,2026-05-31T19:28:27+09:00
nec6a0b9a7687,m04367e7cf8fa,2026-08-19T17:23:00+09:00
nec6a0b9a7687,m154da915dd88,2026-08-21T21:22:27+09:00
nec6a0b9a7687,m163dc37f6ff3,2026-08-15T02:00:36+09:00
nec6a0b9a7687,m54b2ccd56b12,2026-08-13T11:28:10+09:00
nec6a0b9a7687,mc7e57883199e,2026-08-14T02:08:26+09:00
nec6a0b9a7687,mc8947d230a70,2026-08-23T13:46:49+09:00
nec6a0b9a7687,mcf500208b8d9,2026-08-21T21:22:27+09:00
nec6a0b9a7687,me3c1530749d9,2026-08-13T11:28:10+09:00
nec6a0b9a7687,me50627303786,2026-08-19T17:23:00+09:00
neccfa9fc453d,m54b2ccd56b12,2026-05-31T19:28:27+09:00
neccfa9fc453d,m9128fb5dcc5e,2026-05-31T19:28:27+09:00
nf0eca32ac8da,m7c3f37a56826,2026-08-20T21:25:14+09:00
nf17ef2f879a5,m54b2ccd56b12,2026-05-31T19:28:27+09:00
nf17ef2f879a5,mb93cd6498ade,2026-05-31T19:28:27+09:00
nf37bc511801a,m54b2ccd56b12,2026-08-20T21:25:14+09:00
nf37bc511801a,mb41b090395c8,2026-08-20T21:25:14+09:00
nf37bc511801a,mc085f157d924,2026-08-20T21:25:14+09:00
nf4057201b2a3,m54b2ccd56b12,2026-06-06T15:51:54+09:00
nf4057201b2a3,m9ca58f8c5496,2026-06-06T15:51:54+09:00
nf4057201b2a3,mcf500208b8d9,2026-06-15T18:57:12+09:00
nf4a3951e55e1,m54b2ccd56b12,2026-08-20T21:25:14+09:00
nf4a3951e55e1,m8fb499ecbcbb,2026-08-20T21:25:14+09:00
nf4a3951e55e1,mb41b090395c8,2026-08-20T21:25:14+09:00
nf4a3951e55e1,mc085f157d924,2026-08-20T21:25:14+09:00
nf53dd6de46d0,m54b2ccd56b12,2026-08-20T21:25:14+09:00
nf53dd6de46d0,mc085f157d924,2026-08-20T21:25:14+09:00
nf610bf9364ce,m8fb499ecbcbb,2026-05-31T19:28:27+09:00
nf8a4d784c7a0,m92c449423bac,2026-05-31T19:28:27+09:00
nf9654eddf2cb,m71e0b11f7314,2026-06-26T23:29:33+09:00
nf9654eddf2cb,mcf500208b8d9,2026-06-26T23:29:33+09:00
nf9654eddf2cb,me50627303786,2026-07-01T03:02:47+09:00
nf9a1bc22c5f4,mb41b090395c8,2026-08-20T21:25:14+09:00
nf9a1bc22c5f4,mc085f157d924,2026-08-20T21:25:14+09:00
nfa059b7426ef,m92c449423bac,2026-05-31T19:28:27+09:00
nfa4be4c573c4,m92c449423bac,2026-05-31T19:28:27+09:00
nfaba8be2c0d7,mb41b090395c8,2026-08-20T21:25:14+09:00
nfaba8be2c0d7,mc085f157d924,2026-08-20T21:25:14+09:00
nfc5fe06beb83,m04367e7cf8fa,2026-08-23T17:17:20+09:00
nfc5fe06beb83,m05948736e17f,2026-08-23T10:46:54+09:00
nfc5fe06beb83,m30a248399fe0,2026-08-23T21:16:35+09:00
nfc5fe06beb83,m38c6d06537bf,2026-08-23T10:46:54+09:00
nfc5fe06beb83,m4d9b9698cacf,2026-08-23T10:46:54+09:00
nfc5fe06beb83,m531dee90a84a,2026-08-23T10:46:54+09:00
nfc5fe06beb83,m54b2ccd56b12,2026-08-23T10:46:54+09:00
nfc5fe06beb83,m60a5427bc103,2026-08-23T10:46:54+09:00
nfc5fe06beb83,m6d69812caeed,2026-08-23T10:46:54+09:00
nfc5fe06beb83,m752f734f7a1c,2026-08-23T10:46:54+09:00
nfc5fe06beb83,m8606642d9737,2026-08-23T10:46:54+09:00
nfc5fe06beb83,mcf500208b8d9,2026-08-23T17:17:20+09:00
nfc5fe06beb83,md1d64f3e53b1,2026-08-23T17:17:20+09:00
nfc5fe06beb83,mdb292cf776c7,2026-08-23T10:46:54+09:00
nfc5fe06beb83,me50627303786,2026-08-23T17:17:20+09:00
nfc96001844b6,m60e9635b6cb6,2026-07-30T05:56:07+09:00
nfc96001844b6,m6cf909200081,2026-07-30T05:56:07+09:00
nfc96001844b6,m8606642d9737,2026-07-29T06:08:59+09:00
nfc96001844b6,m97848c1bdf32,2026-07-30T05:56:07+09:00
nfc96001844b6,ma4f7761ee62b,2026-07-30T15:35:54+09:00
nfc96001844b6,maba8091875be,2026-07-30T05:56:07+09:00
nfc96001844b6,mc7c43a9831f4,2026-07-30T05:56:07+09:00
nfc96001844b6,me0a7e3361736,2026-07-30T05:56:07+09:00
nfcf0e59bc78c,m3576f1711977,2026-06-29T06:06:05+09:00
nfcf0e59bc78c,m54b2ccd56b12,2026-06-29T13:47:27+09:00
nfcf0e59bc78c,m54c3e22e02f7,2026-06-29T18:09:19+09:00
nfcf0e59bc78c,m6d69812caeed,2026-06-29T13:47:27+09:00
nfcf0e59bc78c,m7ae6f1512188,2026-06-29T21:26:45+09:00
nfcf0e59bc78c,mcf500208b8d9,2026-06-29T13:47:27+09:00
nfcf0e59bc78c,mf2d7c09eeca9,2026-06-29T18:09:19+09:00
nfd8b58610a38,m163dc37f6ff3,2026-08-25T10:39:48+09:00
nfd8b58610a38,m2453266246af,2026-08-26T17:30:44+09:00
nfd8b58610a38,m38c6d06537bf,2026-08-25T10:39:48+09:00
nfd8b58610a38,m4d9b9698cacf,2026-08-25T10:39:48+09:00
nfd8b58610a38,m54b2ccd56b12,2026-08-25T10:39:48+09:00
nfd8b58610a38,m60a5427bc103,2026-08-25T10:39:48+09:00
nfd8b58610a38,m6d69812caeed,2026-08-25T10:39:48+09:00
nfd8b58610a38,m752f734f7a1c,2026-08-25T10:39:48+09:00
nfd8b58610a38,mdb292cf776c7,2026-08-25T10:39:48+09:00
nfd8b58610a38,me50627303786,2026-08-26T13:50:26+09:00
nfee9fdf80535,m38c6d06537bf,2026-05-31T19:28:27+09:00
nfee9fdf80535,m54b2ccd56b12,2026-05-31T19:28:27+09:00
nfee9fdf80535,m60a5427bc103,2026-05-31T19:28:27+09:00
nfee9fdf80535,mb41b090395c8,2026-05-31T19:28:27+09:00
nff7dd8718eee,m38c6d06537bf,2026-08-07T09:54:01+09:00
nff7dd8718eee,m4d9b9698cacf,2026-08-07T09:54:01+09:00
nff7dd8718eee,m54b2ccd56b12,2026-08-07T09:54:01+09:00
nff7dd8718eee,m54c3e22e02f7,2026-08-09T01:40:23+09:00
nff7dd8718eee,m752f734f7a1c,2026-08-07T09:54:01+09:00
nff7dd8718eee,mc08cb4916e00,2026-08-09T01:40:23+09:00
nff7dd8718eee,mdb292cf776c7,2026-08-07T09:54:01+09:00
nff7dd8718eee,me50627303786,2026-08-07T14:47:41+09:00
nff7dd8718eee,med01be3ffc8a,2026-08-07T09:54:01+09:00
nff7dd8718eee,mf2d7c09eeca9,2026-08-09T01:40:23+09:00
